path,size_bytes,sha256,disposition
CryptoCave/CryptoCave-main-updated/.editorconfig,277,3931662e1eb6cd259871984ab81870c0dc09e2202d025c62d59511f27046e31c,superseded legacy site snapshot: canonical content is in current Astro site
CryptoCave/CryptoCave-main-updated/.github/workflows/documentation.yml,1712,c20fdd0c740f7b8f2c56d5b4d7d11871766198313fc33ae28770d96d729244ec,superseded legacy site snapshot: canonical content is in current Astro site
CryptoCave/CryptoCave-main-updated/.gitignore,231,68f63e39ec92b1c51ad2647b1b72a84fb7f2455086b772c3e7132ff0106586b1,superseded legacy site snapshot: canonical content is in current Astro site
CryptoCave/CryptoCave-main-updated/.markdownlint-cli2.jsonc,492,94559f9d9bce1b5b51d7a78a8ce39ed3f2271ee9274fa9a26950624bea78b9a7,superseded legacy site snapshot: canonical content is in current Astro site
CryptoCave/CryptoCave-main-updated/CONTRIBUTING.md,1837,2580d44fa94a11197ccf01b41255127033981193dd28cc6415eac0b1c11e366a,superseded legacy site snapshot: canonical content is in current Astro site
CryptoCave/CryptoCave-main-updated/docs/cryptographic-protocols/README.md,611,18076617382b69cb9a9bd3376ca428d197fb90d7e318daf7906a407f94806090,superseded legacy site snapshot: canonical content is in current Astro site
CryptoCave/CryptoCave-main-updated/docs/cryptographic-protocols/secret-sharing/reed-solomon-gao-decoding.md,6481,93c5af9bee1b7eea7addbfe5e9f1c38cd921f4061a0ca7283b5d7dbe2b36ee3c,superseded legacy site snapshot: canonical content is in current Astro site
CryptoCave/CryptoCave-main-updated/docs/cryptographic-protocols/secret-sharing/src/ReedGao.py,8171,72c217e1086cc80f48a674efdbe494eab10d679de9af4e29ee4e0c8c9177a6ef,superseded legacy site snapshot: canonical content is in current Astro site
CryptoCave/CryptoCave-main-updated/docs/getting-started/cryptolanguage.png,50032,f65876a6888d09722021866e9cff322cc577dd265515510457cd114e6564d379,superseded legacy site snapshot: canonical content is in current Astro site
CryptoCave/CryptoCave-main-updated/docs/getting-started/logical-operations-and-base64.md,10225,3842879e91e3851a2a0450aae08fee3e16651a8f89f3f1fd2d97c6cf1e322ed3,superseded legacy site snapshot: canonical content is in current Astro site
CryptoCave/CryptoCave-main-updated/docs/getting-started/README.md,5579,3e242a9cfae62f91cf6e377bc76830d49563e15d815acff7bab637cffc9bb775,superseded legacy site snapshot: canonical content is in current Astro site
CryptoCave/CryptoCave-main-updated/docs/hash-functions/images/plane.jpg,335104,91e34644af1e6c36166e1a69d915d8ed5dbb43ffd62435e70059bc76a742daa6,superseded legacy site snapshot: canonical content is in current Astro site
CryptoCave/CryptoCave-main-updated/docs/hash-functions/images/ship.jpg,335104,caf110e4aebe1fe7acef6da946a2bac9d51edcd47a987e311599c7c1c92e3abd,superseded legacy site snapshot: canonical content is in current Astro site
CryptoCave/CryptoCave-main-updated/docs/hash-functions/README.md,13920,446a85c7119420dc9399cc289b81f5da50b3df8cba4d15352a1500ca0c242db6,superseded legacy site snapshot: canonical content is in current Astro site
CryptoCave/CryptoCave-main-updated/docs/mathematical-foundations/discrete-logarithms/01-introduction.md,9568,b0f4cb8ea645751f2e92526d8a26b42772acd4eeaca08d82aa4ca077ce857fb8,superseded legacy site snapshot: canonical content is in current Astro site
CryptoCave/CryptoCave-main-updated/docs/mathematical-foundations/discrete-logarithms/02-baby-step-giant-step.md,6348,b9917e8ac10615e2204a38b9bf1c51733779b776c5a7926ddbf2b28f39c79a73,superseded legacy site snapshot: canonical content is in current Astro site
CryptoCave/CryptoCave-main-updated/docs/mathematical-foundations/discrete-logarithms/03-pohlig-hellman.md,3483,3308a2fad9ea38fc5b60f2f03c196d6922074b3d43d7b3791f16d1fd122f51e9,superseded legacy site snapshot: canonical content is in current Astro site
CryptoCave/CryptoCave-main-updated/docs/mathematical-foundations/discrete-logarithms/04-pollards-rho-ecdlp.md,9671,8c3d17ba966efdcb8b8e1d154b98fb89361f5a915e87fc77a86343216158eee0,superseded legacy site snapshot: canonical content is in current Astro site
CryptoCave/CryptoCave-main-updated/docs/mathematical-foundations/discrete-logarithms/attacks/mov/movattack.sage,3555,de873a984dbf98693aaf8353ebba41212bb1d2713970ffb5dc35aa98cc1e0f9f,superseded legacy site snapshot: canonical content is in current Astro site
CryptoCave/CryptoCave-main-updated/docs/mathematical-foundations/discrete-logarithms/attacks/mov/README.md,5483,80a0890b1727f7c3160a261cda9680581c476afff8d9ae16128775df471db4c5,superseded legacy site snapshot: canonical content is in current Astro site
CryptoCave/CryptoCave-main-updated/docs/mathematical-foundations/discrete-logarithms/attacks/README.md,544,16903a8e13c2f26fa0794dc4b77093bb62c9bf8fc67171f5a93c3b9a97d030bb,superseded legacy site snapshot: canonical content is in current Astro site
CryptoCave/CryptoCave-main-updated/docs/mathematical-foundations/discrete-logarithms/attacks/singular-curves/images/singularcusp.PNG,6502,06cb00a896e34a71e28d97d8f9d9ac2c4782c77ca0de877899012c6964d45911,superseded legacy site snapshot: canonical content is in current Astro site
CryptoCave/CryptoCave-main-updated/docs/mathematical-foundations/discrete-logarithms/attacks/singular-curves/README.md,4716,9d32d46addcd5dce020f5dfd3b198d7d74ba5231b03dacf9be9e6c6a0cf31852,superseded legacy site snapshot: canonical content is in current Astro site
CryptoCave/CryptoCave-main-updated/docs/mathematical-foundations/discrete-logarithms/attacks/singular-curves/singularcurve.sage,2874,11a3d6208c6669880f6611b9d374b89ad30f1e586b8ea2b44a514d989264d1fd,superseded legacy site snapshot: canonical content is in current Astro site
CryptoCave/CryptoCave-main-updated/docs/mathematical-foundations/discrete-logarithms/attacks/smart/README.md,7164,dc2d70dabe7adbebd7769d470ffaabe55b01d25c7cc86ac1b44a0f981387b420,superseded legacy site snapshot: canonical content is in current Astro site
CryptoCave/CryptoCave-main-updated/docs/mathematical-foundations/discrete-logarithms/attacks/smart/smartattackECDLP.sage,1956,d7f6bd25badd351fc0c9dbe3720c68deecf0b8ccfbc6fd007257a4f84d701f64,superseded legacy site snapshot: canonical content is in current Astro site
CryptoCave/CryptoCave-main-updated/docs/mathematical-foundations/discrete-logarithms/images/pohlig.png,26795,40448ceb9d5d8f3602b51ae01edfcdfe8987dc2e066c58c02827bde7633f0581,superseded legacy site snapshot: canonical content is in current Astro site
CryptoCave/CryptoCave-main-updated/docs/mathematical-foundations/discrete-logarithms/README.md,632,aea5ccd235d6508bc0c29de7f6f5e1f4c9ab0040520b75ce8c9f31cf743f9395,superseded legacy site snapshot: canonical content is in current Astro site
CryptoCave/CryptoCave-main-updated/docs/mathematical-foundations/discrete-logarithms/src/comparison/babygiantstep.py,1283,5bf223587d012b95fc7ba607bebb448a47aacdd0c57c2edd9a6118d756ce5353,superseded legacy site snapshot: canonical content is in current Astro site
CryptoCave/CryptoCave-main-updated/docs/mathematical-foundations/discrete-logarithms/src/comparison/bruteforce.py,868,5985569118efaa3b6ef547a47b4a0959b87aad702519bdd8f73f818c2d040796,superseded legacy site snapshot: canonical content is in current Astro site
CryptoCave/CryptoCave-main-updated/docs/mathematical-foundations/discrete-logarithms/src/comparison/common.py,3368,d4016006c93a337391941c9c5286d2db504f1e887f7d34486ac33c545da71f44,superseded legacy site snapshot: canonical content is in current Astro site
CryptoCave/CryptoCave-main-updated/docs/mathematical-foundations/discrete-logarithms/src/comparison/performance_comparison.py,1680,1aac4102c762c756659d48b2013d69b68de334ac56df23032b025e1794b1dd8c,superseded legacy site snapshot: canonical content is in current Astro site
CryptoCave/CryptoCave-main-updated/docs/mathematical-foundations/discrete-logarithms/src/comparison/pollardsrho.py,3538,4edc3b0aa4c650d14a7fc997c67c8753774ad19c6248f76bdc486a17de9ca8e5,superseded legacy site snapshot: canonical content is in current Astro site
CryptoCave/CryptoCave-main-updated/docs/mathematical-foundations/discrete-logarithms/src/comparison/readme.md,596,f123cf9ad0f019e32a2c39ca0077a19a47c635b799839d20373f292927f48779,superseded legacy site snapshot: canonical content is in current Astro site
CryptoCave/CryptoCave-main-updated/docs/mathematical-foundations/discrete-logarithms/src/python/babygiantstep.py,1557,ebce29483879685d0db568260511a9d28b3c54040dbe9a78a665e75d483730d3,superseded legacy site snapshot: canonical content is in current Astro site
CryptoCave/CryptoCave-main-updated/docs/mathematical-foundations/discrete-logarithms/src/python/bruteforce.py,1142,b15f79b08c1a8a4dc65e03c5b2d8c5f1b5309b9d3080fbcd0375c4bfbd92b83e,superseded legacy site snapshot: canonical content is in current Astro site
CryptoCave/CryptoCave-main-updated/docs/mathematical-foundations/discrete-logarithms/src/python/BSGSgroup.py,2329,1772278c47f79f5970436745a05ff8e71119d774bc7b4d5da586dfb798fc3e8d,superseded legacy site snapshot: canonical content is in current Astro site
CryptoCave/CryptoCave-main-updated/docs/mathematical-foundations/discrete-logarithms/src/python/common.py,3368,d4016006c93a337391941c9c5286d2db504f1e887f7d34486ac33c545da71f44,superseded legacy site snapshot: canonical content is in current Astro site
CryptoCave/CryptoCave-main-updated/docs/mathematical-foundations/discrete-logarithms/src/python/pohlighellman.py,4403,c2dbaa73155f281c1b1309b065cf658f560627dddf4a5b9e5175055f0a5d102b,superseded legacy site snapshot: canonical content is in current Astro site
CryptoCave/CryptoCave-main-updated/docs/mathematical-foundations/discrete-logarithms/src/python/pollardsrho.py,3812,0d7f897381b1790293f6e0f7f6ea938e5613623aebfaffa51b55d9be5149027f,superseded legacy site snapshot: canonical content is in current Astro site
CryptoCave/CryptoCave-main-updated/docs/mathematical-foundations/discrete-logarithms/src/sage/BSGSec.sage,1508,03a4750147f82b0a48c1117cde8e3ead8cb5d676545e2e1da2a41181f3f312b1,superseded legacy site snapshot: canonical content is in current Astro site
CryptoCave/CryptoCave-main-updated/docs/mathematical-foundations/discrete-logarithms/src/sage/rhoEC.sage,2472,a8fa9bcf0c1a19b100d1bc1dc5661bccd87ff9252b332e46ad5883fb4f697236,superseded legacy site snapshot: canonical content is in current Astro site
CryptoCave/CryptoCave-main-updated/docs/mathematical-foundations/elliptic-curves/01-introduction-and-group-law.md,7324,e6d06d265df07b273ff527598db385d8296e2fd03710b85960527e4f080c1ca1,superseded legacy site snapshot: canonical content is in current Astro site
CryptoCave/CryptoCave-main-updated/docs/mathematical-foundations/elliptic-curves/02-finite-fields.md,10991,6a69edcfb8c8143117900252bb1e265b3b2b89f2c9d879f87d940daa300f43fc,superseded legacy site snapshot: canonical content is in current Astro site
CryptoCave/CryptoCave-main-updated/docs/mathematical-foundations/elliptic-curves/03-curve-models.md,11148,90f3ec1bdd3517e048cb25ba2578cf9dcc5a5c5ccf05eab861689a2cfaf99714,superseded legacy site snapshot: canonical content is in current Astro site
CryptoCave/CryptoCave-main-updated/docs/mathematical-foundations/elliptic-curves/04-edwards-curves.md,6638,fb7650f93036f6d4d99512a349b556753197cf296e42a64af36b78f107d0a75e,superseded legacy site snapshot: canonical content is in current Astro site
CryptoCave/CryptoCave-main-updated/docs/mathematical-foundations/elliptic-curves/05-pairings.md,7357,cae5640f0d3064ad5a09c4a97b70eeb36aaff2beb32f9f0eb49f3a8d5076b6f2,superseded legacy site snapshot: canonical content is in current Astro site
CryptoCave/CryptoCave-main-updated/docs/mathematical-foundations/elliptic-curves/images/2Dplane.PNG,70772,58b6746e212113a9b89c02050f62694b59e3160fc00601fa0a6aee710fa0c56d,superseded legacy site snapshot: canonical content is in current Astro site
CryptoCave/CryptoCave-main-updated/docs/mathematical-foundations/elliptic-curves/images/affine.PNG,17532,1dfead4c9af961ab3c4c16858276ab89d8b00f55a49d76187d4d17eb9ce9ee4c,superseded legacy site snapshot: canonical content is in current Astro site
CryptoCave/CryptoCave-main-updated/docs/mathematical-foundations/elliptic-curves/images/edwardcurve.PNG,84056,f51fd05bbd9eee610809e069864051af032dead7e2eaa77b74b90a7265efdad0,superseded legacy site snapshot: canonical content is in current Astro site
CryptoCave/CryptoCave-main-updated/docs/mathematical-foundations/elliptic-curves/images/projection.PNG,215061,f20b49e14fb9e734f87d9add8b6685a4fd2d333d270dfa1a40291fa2c3c30edf,superseded legacy site snapshot: canonical content is in current Astro site
CryptoCave/CryptoCave-main-updated/docs/mathematical-foundations/elliptic-curves/images/proplane.PNG,20527,603c9297bc68a3aeeb3eff456f69c8323fe77b9c3f9e420b62995118673d4d61,superseded legacy site snapshot: canonical content is in current Astro site
CryptoCave/CryptoCave-main-updated/docs/mathematical-foundations/elliptic-curves/isogeny-paths.md,5136,7885b53ba0247dd70b741c9ba48eeab0e1ea4f621bdb5199ff4bf4e8030754fe,superseded legacy site snapshot: canonical content is in current Astro site
CryptoCave/CryptoCave-main-updated/docs/mathematical-foundations/elliptic-curves/README.md,673,029481770d0ce6a4479b7e6d289e9f2cf85257a1eacfe9c06b0019492dafb0f2,superseded legacy site snapshot: canonical content is in current Astro site
CryptoCave/CryptoCave-main-updated/docs/mathematical-foundations/elliptic-curves/schoofs-algorithm.md,4879,217230b7e184452ef802ad992fb54ebb2bd5913c709ff8a86f8a7d960760b6db,superseded legacy site snapshot: canonical content is in current Astro site
CryptoCave/CryptoCave-main-updated/docs/mathematical-foundations/elliptic-curves/src/ecpy.py,1666,ad8bfe7356dd92062521530f697151a01c2708dcd6e29b8fb36d0a50e46cd334,superseded legacy site snapshot: canonical content is in current Astro site
CryptoCave/CryptoCave-main-updated/docs/mathematical-foundations/elliptic-curves/src/edwards.sage,3767,ecc5e02df8d6e9bd65235cfee8f1c41dc4856bf10ba9cce31c05bf2508c53b2e,superseded legacy site snapshot: canonical content is in current Astro site
CryptoCave/CryptoCave-main-updated/docs/mathematical-foundations/elliptic-curves/src/fullec.py,11661,6b49987d12918be7f396fb641df343454f14a43a22d0ef371d8d35b716eb072f,superseded legacy site snapshot: canonical content is in current Astro site
CryptoCave/CryptoCave-main-updated/docs/mathematical-foundations/elliptic-curves/src/IsogenyPaths.sage,8079,8859f7cc70aaca8fec09c106c65ccd9f3229767263d50808b7f7480c9c41f1e4,superseded legacy site snapshot: canonical content is in current Astro site
CryptoCave/CryptoCave-main-updated/docs/mathematical-foundations/elliptic-curves/src/montgomery.py,3921,8686862a1fe84cd0bfc3abd6e5bdf88353391bde030e6402a426ad00fbdf3449,superseded legacy site snapshot: canonical content is in current Astro site
CryptoCave/CryptoCave-main-updated/docs/mathematical-foundations/elliptic-curves/src/pairings.sage,2772,9c2fbefc21769b68cccd5a11dec20959880ed760aa9efdb62cd9c0e3d785cd6a,superseded legacy site snapshot: canonical content is in current Astro site
CryptoCave/CryptoCave-main-updated/docs/mathematical-foundations/elliptic-curves/src/schoofs_algorithm.sage,4742,820f84eb92725c8fea4e51d154a04604ea7e40493804ee598011f81883ef1a52,superseded legacy site snapshot: canonical content is in current Astro site
CryptoCave/CryptoCave-main-updated/docs/mathematical-foundations/elliptic-curves/src/tonelli.py,746,ed087999d7be52f3376e37a49533d087399af0ce291a9ddb9e161c68e32b8ffe,superseded legacy site snapshot: canonical content is in current Astro site
CryptoCave/CryptoCave-main-updated/docs/mathematical-foundations/groups/README.md,19189,c9aaf68670493aa5c7de18f408a07c0d48f11d0948edd6ee848d1aca94c740e9,superseded legacy site snapshot: canonical content is in current Astro site
CryptoCave/CryptoCave-main-updated/docs/mathematical-foundations/groups/src/generators.sage,1242,4d0cb46ed04138fbae47aa60dbdf40d857c5c532a8db68f0d83d6002346313bc,superseded legacy site snapshot: canonical content is in current Astro site
CryptoCave/CryptoCave-main-updated/docs/mathematical-foundations/groups/src/jacobisymbol.py,576,8e3ff02fd617842f00236935c8059727858ca9a2361fe67b2a55c59130ddd6c5,superseded legacy site snapshot: canonical content is in current Astro site
CryptoCave/CryptoCave-main-updated/docs/mathematical-foundations/number-theory/chinese-remainder-theorem.md,3588,e15ddac4535bb1db3f36fe4fce83fa6ea8515374aeee00cd4381f8e736c1e011,superseded legacy site snapshot: canonical content is in current Astro site
CryptoCave/CryptoCave-main-updated/docs/mathematical-foundations/number-theory/divisibility.md,8479,5cae096bdb2e0cd354201fac86537e2be147ae0a72dee67776a4310a14c0e5ee,superseded legacy site snapshot: canonical content is in current Astro site
CryptoCave/CryptoCave-main-updated/docs/mathematical-foundations/number-theory/euler-totient-function.md,6544,ae5445e94167ba5c40af2b15cc5760a82fb144ad0d2e2003787d3e293bd244ef,superseded legacy site snapshot: canonical content is in current Astro site
CryptoCave/CryptoCave-main-updated/docs/mathematical-foundations/number-theory/modular-arithmetic.md,16503,55aa776e6705b6e433800efbf940daf8771f515c1789c78039f49867b61bc60c,superseded legacy site snapshot: canonical content is in current Astro site
CryptoCave/CryptoCave-main-updated/docs/mathematical-foundations/number-theory/primes/01-prime-numbers.md,21714,f4385d734221c9f28736ff5c50dc8da54fde7aaf056dbad7a52a35336e169d98,superseded legacy site snapshot: canonical content is in current Astro site
CryptoCave/CryptoCave-main-updated/docs/mathematical-foundations/number-theory/primes/02-primality-testing.md,36143,64baf6265e42fc129d1d4faa9a37f978f9f68cc8693da55c50527604201e257f,superseded legacy site snapshot: canonical content is in current Astro site
CryptoCave/CryptoCave-main-updated/docs/mathematical-foundations/number-theory/primes/03-arnault-method.md,14741,d37b490329e12a3d140eca440d615a166e97fdac7647fecd61857573c21aef68,superseded legacy site snapshot: canonical content is in current Astro site
CryptoCave/CryptoCave-main-updated/docs/mathematical-foundations/number-theory/primes/images/liars.PNG,25781,1ecca21faa84ec9e7edd1b780a80ebd6766a64120738e335180fecaf1961184c,superseded legacy site snapshot: canonical content is in current Astro site
CryptoCave/CryptoCave-main-updated/docs/mathematical-foundations/number-theory/primes/README.md,548,e90025be38d4048f41f013b7fd2a0cc606633e6ecc631370c953dc70a7b0eac5,superseded legacy site snapshot: canonical content is in current Astro site
CryptoCave/CryptoCave-main-updated/docs/mathematical-foundations/number-theory/primes/src/arnault.py,4206,ea17d28c7ede9b7aa0f763563a261ee31fc2c22e6d01ae60bdbe8cdea37f7717,superseded legacy site snapshot: canonical content is in current Astro site
CryptoCave/CryptoCave-main-updated/docs/mathematical-foundations/number-theory/primes/src/arnault.sage,5304,f7b7922d77e687c391e5ac17b1d526a775a3c4259c607b9c96e202e538126673,superseded legacy site snapshot: canonical content is in current Astro site
CryptoCave/CryptoCave-main-updated/docs/mathematical-foundations/number-theory/primes/src/EratosthenesSieve.py,2841,709026486d60183ab273a6ddd36957a75a6cccb011d0e79427c5a87e40072eb7,superseded legacy site snapshot: canonical content is in current Astro site
CryptoCave/CryptoCave-main-updated/docs/mathematical-foundations/number-theory/primes/src/fermattest.py,680,b91b86157b8892a8c68036a05ca1f3eb76470fe05394a458f641dfc3cf436630,superseded legacy site snapshot: canonical content is in current Astro site
CryptoCave/CryptoCave-main-updated/docs/mathematical-foundations/number-theory/primes/src/Hensel.py,3706,f2c82baf72ea214e3690afcc0e915920a66acda7906c89f0f01af3a760d1762a,superseded legacy site snapshot: canonical content is in current Astro site
CryptoCave/CryptoCave-main-updated/docs/mathematical-foundations/number-theory/primes/src/isprimetests.py,1470,142e7e95380076b84d7a01d746ab43de37f767533d958fb862e291c299e0ef03,superseded legacy site snapshot: canonical content is in current Astro site
CryptoCave/CryptoCave-main-updated/docs/mathematical-foundations/number-theory/primes/src/LDE.py,1417,2dd289015be9ca1b751bde3cbeb11cf853bb5f5161f0790f8ee65ec54acdd08d,superseded legacy site snapshot: canonical content is in current Astro site
CryptoCave/CryptoCave-main-updated/docs/mathematical-foundations/number-theory/primes/src/millerrabin.py,1003,ee25a5cbf0e06ffd3e100ef552115e4067fcd450576b86774d1aa9a06fa95605,superseded legacy site snapshot: canonical content is in current Astro site
CryptoCave/CryptoCave-main-updated/docs/mathematical-foundations/number-theory/primes/src/millerrabinfixed.py,468,35fc90c5dcf75a435d8c09d17fddfadae1db9812a9d96da9cf51b04262fca1fd,superseded legacy site snapshot: canonical content is in current Astro site
CryptoCave/CryptoCave-main-updated/docs/mathematical-foundations/number-theory/primes/src/naivemillerrabin.py,968,b812205d06251029c3c48192172066ea7854fc089cdef21dec5225f1955ef565,superseded legacy site snapshot: canonical content is in current Astro site
CryptoCave/CryptoCave-main-updated/docs/mathematical-foundations/number-theory/primes/src/primes.py,1477,a80ee282c82d2e34866756e723d0c77c154b20d05e399c2a919e480f940d9a7e,superseded legacy site snapshot: canonical content is in current Astro site
CryptoCave/CryptoCave-main-updated/docs/mathematical-foundations/number-theory/primes/src/primewitness.py,4538,f10b9cc564bc9aaaa2da1e2ef08c6fcdcc21e7089870efb8aa613130b0275c21,superseded legacy site snapshot: canonical content is in current Astro site
CryptoCave/CryptoCave-main-updated/docs/mathematical-foundations/number-theory/primes/src/solovaystrassen.py,1390,9498dccf30114dfe097ea4c01a0e4c2c2fa8ac593046fdb87fc27aeea58c3736,superseded legacy site snapshot: canonical content is in current Astro site
CryptoCave/CryptoCave-main-updated/docs/mathematical-foundations/number-theory/primes/src/testcarmichael.py,635,eacbb27bc7e5438194afcac1f627ce74946b3bc8c4e5d945542feb9c5c10c0d7,superseded legacy site snapshot: canonical content is in current Astro site
CryptoCave/CryptoCave-main-updated/docs/mathematical-foundations/number-theory/primes/src/verbosemillerrabin.py,1337,2aedd5e5e68b09d715be08462b97fb562dc3a5fc4676b7305f3a6d87ea9535d1,superseded legacy site snapshot: canonical content is in current Astro site
CryptoCave/CryptoCave-main-updated/docs/mathematical-foundations/number-theory/README.md,525,61356eebb23b9870c23ee3f53a8f525e3449cf17934cb65149314dbe757f962a,superseded legacy site snapshot: canonical content is in current Astro site
CryptoCave/CryptoCave-main-updated/docs/mathematical-foundations/number-theory/solving-polynomial-congruences.md,22013,59cf84f9d079104c5b2bd31d51b84e59bed74b7ca01a4adb491d56b6a33aa441,superseded legacy site snapshot: canonical content is in current Astro site
CryptoCave/CryptoCave-main-updated/docs/mathematical-foundations/README.md,708,d46b6970606dacbd16f9727b470b6511e334ad08a5154c00f99f2c78ea6b11ed,superseded legacy site snapshot: canonical content is in current Astro site
CryptoCave/CryptoCave-main-updated/docs/public-key-cryptography/diffie-hellman/attacks.md,5113,863d79980fd307b6393ef0f7f3485f4d1f96c14d94708a031743950aa957be5c,superseded legacy site snapshot: canonical content is in current Astro site
CryptoCave/CryptoCave-main-updated/docs/public-key-cryptography/diffie-hellman/README.md,16676,a7ce9ee0ff18584e019bfa4c8cae6c5c470f7c8c4ce74188407bcb1977e630db,superseded legacy site snapshot: canonical content is in current Astro site
CryptoCave/CryptoCave-main-updated/docs/public-key-cryptography/diffie-hellman/safe-primes.md,6488,cdbc0f1936bac4bd7196d71efcb85e7ba30d2498a294930a796167d976e75e90,superseded legacy site snapshot: canonical content is in current Astro site
CryptoCave/CryptoCave-main-updated/docs/public-key-cryptography/diffie-hellman/src/DH.py,960,7a79a1b8aab435c43d5cee0a3f628c0f8d62a417ff415c2d02d4b59f9104058b,superseded legacy site snapshot: canonical content is in current Astro site
CryptoCave/CryptoCave-main-updated/docs/public-key-cryptography/diffie-hellman/src/DHKEwithSGprimes.py,6110,f0b4dad6af30f1ee6d2c3f67afad6d4e93a3833adb0f0453af33af1c4b514a7b,superseded legacy site snapshot: canonical content is in current Astro site
CryptoCave/CryptoCave-main-updated/docs/public-key-cryptography/diffie-hellman/src/MitM.py,1040,50324ed3e0fff89275e24964623945665400eec7cdf49dbdf0de16f717d1504a,superseded legacy site snapshot: canonical content is in current Astro site
CryptoCave/CryptoCave-main-updated/docs/public-key-cryptography/diffie-hellman/src/safeprimes.py,5619,7ee687193d3a4bc0caeb587598ed43e2bfb35657c18410cf4052d173b6f55130,superseded legacy site snapshot: canonical content is in current Astro site
CryptoCave/CryptoCave-main-updated/docs/public-key-cryptography/README.md,667,934173aa1ee8948c016add4b40c841d117716c52c7d5d13b8d022e0d6a572271,superseded legacy site snapshot: canonical content is in current Astro site
CryptoCave/CryptoCave-main-updated/docs/public-key-cryptography/rsa/attacks/common-modulus.md,1842,40068d38510e28b7bf467d7743ab2ef130b471ba8ca324e1d2295a0db2ed558e,superseded legacy site snapshot: canonical content is in current Astro site
CryptoCave/CryptoCave-main-updated/docs/public-key-cryptography/rsa/attacks/coppersmith.md,3808,2bf9f8507df641452f783687025f8d930bc8d19d0c6a291c5d66771d5fb1dc02,superseded legacy site snapshot: canonical content is in current Astro site
CryptoCave/CryptoCave-main-updated/docs/public-key-cryptography/rsa/attacks/key-generation-and-implementation.md,5110,2cb33628ccc0d93f91787715dccd44eb25f4c1fd503de8211260866ed3f57a06,superseded legacy site snapshot: canonical content is in current Astro site
CryptoCave/CryptoCave-main-updated/docs/public-key-cryptography/rsa/attacks/low-public-exponent.md,2782,68fc2f1f2775d12e6f6cb9ac0b4474bd776d350a250a7450464d9801fe89003f,superseded legacy site snapshot: canonical content is in current Astro site
CryptoCave/CryptoCave-main-updated/docs/public-key-cryptography/rsa/attacks/README.md,3468,18c27a238290347e7f73fb6e75cfced4a423cbaeb6408b7f51174105a0afffe1,superseded legacy site snapshot: canonical content is in current Astro site
CryptoCave/CryptoCave-main-updated/docs/public-key-cryptography/rsa/encoding-and-key-formats.md,4842,aa7a908a83669ad5c9cfb336bf5074e291e97659df12ac39370c79c4bc9169a6,superseded legacy site snapshot: canonical content is in current Astro site
CryptoCave/CryptoCave-main-updated/docs/public-key-cryptography/rsa/fundamentals.md,4086,656900951fd1688e0a5341d5ff5fb1b856e613073aea0191e5b03273b83d422e,superseded legacy site snapshot: canonical content is in current Astro site
CryptoCave/CryptoCave-main-updated/docs/public-key-cryptography/rsa/README.md,3197,73dcdfbae32b2bb5f3acca7682d5eb84ec6e74e9385d6b61f4836ed14a1aae0e,superseded legacy site snapshot: canonical content is in current Astro site
CryptoCave/CryptoCave-main-updated/docs/public-key-cryptography/rsa/src/common_modulus_attack.py,2688,004f22ce40521b2f1c48e5a49dd7b6e7acfc55498897e61c92922d6c74c85fe1,superseded legacy site snapshot: canonical content is in current Astro site
CryptoCave/CryptoCave-main-updated/docs/public-key-cryptography/rsa/src/low_exponent_attacks.py,3264,c5a23202476e91e156815ffd34478aa8e5cc6b63d3fa5ad549a0a06cfcb5459f,superseded legacy site snapshot: canonical content is in current Astro site
CryptoCave/CryptoCave-main-updated/docs/public-key-cryptography/rsa/src/shared_prime_attack.py,975,33a815b0bda96b4290cbd0e110dfb38fefa9b3fe72b3d3b10b6eda339e5e4c1b,superseded legacy site snapshot: canonical content is in current Astro site
CryptoCave/CryptoCave-main-updated/docs/public-key-cryptography/rsa/src/textbook_rsa.py,3385,ab633285fb4ed9aa2020d281c2a3103cfce38e8e88b6cc44ace754fafe80e890,superseded legacy site snapshot: canonical content is in current Astro site
CryptoCave/CryptoCave-main-updated/docs/public-key-cryptography/rsa/tests/test_rsa_examples.py,3632,f63aca493ee69c688dfb94739769526d69bf890e2ab39f749591fa1fafec3571,superseded legacy site snapshot: canonical content is in current Astro site
CryptoCave/CryptoCave-main-updated/docs/README.md,1523,c029877c1bbd3ec5bfb2a023086de42398fce866151291d95d4e1982f2b4fe93,superseded legacy site snapshot: canonical content is in current Astro site
CryptoCave/CryptoCave-main-updated/docs/symmetric-cryptography/aes/images/AES-AddRoundKey.png,127242,943370694041b22b40dcba2c7d19e7ad2833ddaaa8a139c64a67c1d4fa68a8be,superseded legacy site snapshot: canonical content is in current Astro site
CryptoCave/CryptoCave-main-updated/docs/symmetric-cryptography/aes/images/aes128.png,25134,e0b0cda0542011caff95efe621755252bf792005929b62834c23a2924d11c353,superseded legacy site snapshot: canonical content is in current Astro site
CryptoCave/CryptoCave-main-updated/docs/symmetric-cryptography/aes/images/AESMixColumns.png,145106,7a40ecee5bfec59ce48d4664337a79ef717de523c0428835729672fed24a950a,superseded legacy site snapshot: canonical content is in current Astro site
CryptoCave/CryptoCave-main-updated/docs/symmetric-cryptography/aes/images/AESShiftRows.png,141225,bf07031d5728674f5681e80e67f7d255f60578cfa2caa7b3d352271d130b0b37,superseded legacy site snapshot: canonical content is in current Astro site
CryptoCave/CryptoCave-main-updated/docs/symmetric-cryptography/aes/images/AESSubBytes.png,118525,b16996d4f73ce02aa3f62f7585f9357ee8815f6d76a207d6d04af8f552609ca4,superseded legacy site snapshot: canonical content is in current Astro site
CryptoCave/CryptoCave-main-updated/docs/symmetric-cryptography/aes/images/alltogetherAES.png,38400,c46d85a4558f01609041a317f2f0bc2bfa1a693a1185c3d9627e691dacab84e4,superseded legacy site snapshot: canonical content is in current Astro site
CryptoCave/CryptoCave-main-updated/docs/symmetric-cryptography/aes/README.md,40685,acc97bd2a1a0337bff58f3d980c7cec80272a730d462c8bbf323af2b08964d30,superseded legacy site snapshot: canonical content is in current Astro site
CryptoCave/CryptoCave-main-updated/docs/symmetric-cryptography/aes/src/naiveAES.py,12169,b1c935b8041f22edb275c0a833a712eb543f5cc4848b55741173d010783b247b,superseded legacy site snapshot: canonical content is in current Astro site
CryptoCave/CryptoCave-main-updated/docs/symmetric-cryptography/block-cipher-design/images/encryption.png,42933,bdfb8e122c9518f43895909498819db2d7585040228f8a25ec1bcdbba3c00cda,superseded legacy site snapshot: canonical content is in current Astro site
CryptoCave/CryptoCave-main-updated/docs/symmetric-cryptography/block-cipher-design/images/keyschedule.png,13590,8a9607fe43a762c69491c617249c1345b80abe83d38462da744a8eabc5689bef,superseded legacy site snapshot: canonical content is in current Astro site
CryptoCave/CryptoCave-main-updated/docs/symmetric-cryptography/block-cipher-design/images/sp.png,35684,64e37cbc0c282676ba08d3a60747dc006fac20eef870424c5940d43ddcd3fe97,superseded legacy site snapshot: canonical content is in current Astro site
CryptoCave/CryptoCave-main-updated/docs/symmetric-cryptography/block-cipher-design/README.md,20267,0a651cc95168fb63997677a7006e435609210111a46f48a552a1f981d5b34d00,superseded legacy site snapshot: canonical content is in current Astro site
CryptoCave/CryptoCave-main-updated/docs/symmetric-cryptography/block-cipher-design/src/testspn.py,4449,5e3b6321fc804f001e67116e66565a1170415ca39423ecb7672a2a78530db2cf,superseded legacy site snapshot: canonical content is in current Astro site
CryptoCave/CryptoCave-main-updated/docs/symmetric-cryptography/des/README.md,36338,628c6c4b0af171325e6988c0cd0388af0308d709f8e27fe1f7d58e0bf7d1e543,superseded legacy site snapshot: canonical content is in current Astro site
CryptoCave/CryptoCave-main-updated/docs/symmetric-cryptography/des/src/wholesomeDES.py,15792,9d7067958a810e578a43810d15c670280b4fbc43359353a0c514e35db83a0225,superseded legacy site snapshot: canonical content is in current Astro site
CryptoCave/CryptoCave-main-updated/docs/symmetric-cryptography/padding-and-modes/images/cfb.png,89371,b4b3110e31be53636d9ef2e2a232b5f807f82d20838736f97c354d5ec7857549,superseded legacy site snapshot: canonical content is in current Astro site
CryptoCave/CryptoCave-main-updated/docs/symmetric-cryptography/padding-and-modes/images/image-1.png,23029,b4c655ad2a29c14d6f130c96bef38fcb4cef53049f2b3d142e77a01f22312485,superseded legacy site snapshot: canonical content is in current Astro site
CryptoCave/CryptoCave-main-updated/docs/symmetric-cryptography/padding-and-modes/images/image-2.png,20235,b4a1422ffbaafea7be43d53b71a6a0ced3f4f0bb3ef0270f069130e334ef171e,superseded legacy site snapshot: canonical content is in current Astro site
CryptoCave/CryptoCave-main-updated/docs/symmetric-cryptography/padding-and-modes/images/image-3.png,27788,0ae75d7a61c5b774e2a051210d2fd6230782165a08611e031807443ef5491a6f,superseded legacy site snapshot: canonical content is in current Astro site
CryptoCave/CryptoCave-main-updated/docs/symmetric-cryptography/padding-and-modes/images/image-4.png,22125,199a6013f333708c5838987145bb3aef6be1e49df7e3e67a8ef59821dc83f68c,superseded legacy site snapshot: canonical content is in current Astro site
CryptoCave/CryptoCave-main-updated/docs/symmetric-cryptography/padding-and-modes/images/image-5.png,33720,b3333db7f5fc5c6946df5d358d40c37c707738ce93c170d0729051d5e6966679,superseded legacy site snapshot: canonical content is in current Astro site
CryptoCave/CryptoCave-main-updated/docs/symmetric-cryptography/padding-and-modes/images/image-6.png,11054,946060690f0988e88d1557deea8cec979d864d096417d3912007f711d40d5e28,superseded legacy site snapshot: canonical content is in current Astro site
CryptoCave/CryptoCave-main-updated/docs/symmetric-cryptography/padding-and-modes/images/image-7.png,20037,c712c84a9370b8952ec981c4801e16b88d9ce56d8c06dc164b82ed7df9022304,superseded legacy site snapshot: canonical content is in current Astro site
CryptoCave/CryptoCave-main-updated/docs/symmetric-cryptography/padding-and-modes/images/image-8.png,83716,75f0c4fd03d3662e58b918e828cc75d4418d0e66c7a53aa3649451b418b1fbb6,superseded legacy site snapshot: canonical content is in current Astro site
CryptoCave/CryptoCave-main-updated/docs/symmetric-cryptography/padding-and-modes/images/image.png,24397,4442a073393eec4313a8a0739ecef826ff0df057db36a854c439ec9aded5758a,superseded legacy site snapshot: canonical content is in current Astro site
CryptoCave/CryptoCave-main-updated/docs/symmetric-cryptography/padding-and-modes/images/ofb.png,41215,6ed5c01a537cf4223691e6fd1e30858cfa58ba37b0eab1d0b8c7c71a1c85538c,superseded legacy site snapshot: canonical content is in current Astro site
CryptoCave/CryptoCave-main-updated/docs/symmetric-cryptography/padding-and-modes/images/penguin.png,483270,5f2f39a601f4a45a9a1f5cfba532d8a1390704f37fff487e9c5d371b32838a7d,superseded legacy site snapshot: canonical content is in current Astro site
CryptoCave/CryptoCave-main-updated/docs/symmetric-cryptography/padding-and-modes/README.md,33188,603dffc92f2a02e194c69e32288c6cd1994f5d293ca512e874b7bde4cab594d1,superseded legacy site snapshot: canonical content is in current Astro site
CryptoCave/CryptoCave-main-updated/docs/symmetric-cryptography/README.md,609,b3a2f30e0edfac9dd63d01313cc873d8eca8ba363601bd999c89f5bc0d986afe,superseded legacy site snapshot: canonical content is in current Astro site
CryptoCave/CryptoCave-main-updated/index.md,343,d4b07f0ae7a927a6ea600ebaf2256fdc38ef97fcfd92761f5f01244e5d1deea5,superseded legacy site snapshot: canonical content is in current Astro site
CryptoCave/CryptoCave-main-updated/LICENSE,1068,c279b084fe37b6ed214f0dff53661629f3258fbc610ae1cbe11f0afe70c1b09f,superseded legacy site snapshot: canonical content is in current Astro site
CryptoCave/CryptoCave-main-updated/README.md,4010,442b50ff83213e79bccb282f7123b1b8c607aac9e1489398c3093998c0481f30,superseded legacy site snapshot: canonical content is in current Astro site
CryptoCave/CryptoCave-main-updated/requirements.txt,101,bf3b54d17230976e8e1641ac965918f141cbc8ffca1e8ac9190e50651e618af6,superseded legacy site snapshot: canonical content is in current Astro site
CryptoCave/CryptoCave-main-updated/resources/python/README.md,17274,7a5b1c7136e2c4ee7401d33ada1f1d93869f30a611c9a18d34d2addcfbce085e,superseded legacy site snapshot: canonical content is in current Astro site
CryptoCave/CryptoCave-main-updated/ROADMAP.md,2404,d7e22c947114f99684e36398b393e4c00e352edd5443122ffedf5d54aeaa766e,superseded legacy site snapshot: canonical content is in current Astro site
CryptoCave/CryptoCave-main-updated/website/.gitignore,233,7c2bf6ba263ba149a2885847a9f7186e0d7af58faae3e01f2e69a7465f7cfecc,superseded legacy site snapshot: canonical content is in current Astro site
CryptoCave/CryptoCave-main-updated/website/docusaurus.config.ts,3276,399b83f428247fd676647746352afbb2034e363de4ffcc9347f800401431ee61,superseded legacy site snapshot: canonical content is in current Astro site
CryptoCave/CryptoCave-main-updated/website/package-lock.json,677192,2599680d783936f8f1e65a76e342d9132e555fd64572a35f243c64aa7a4130b8,superseded legacy site snapshot: canonical content is in current Astro site
CryptoCave/CryptoCave-main-updated/website/package.json,1242,545b6625bfb1ee345b89f2a8b7e06fd48292adcc5cfad97871f3416fefdebecf,superseded legacy site snapshot: canonical content is in current Astro site
CryptoCave/CryptoCave-main-updated/website/README.md,1137,04d1395937f9c70de1c6adb679bd7ea5ca82daf854b393050049183bc51716d8,superseded legacy site snapshot: canonical content is in current Astro site
CryptoCave/CryptoCave-main-updated/website/sidebars.ts,190,8d77299eddda9bd84e4fa35bfd0568daa0daae14d0d1a5d52b5bc6d9ee67f904,superseded legacy site snapshot: canonical content is in current Astro site
CryptoCave/CryptoCave-main-updated/website/src/components/HomepageFeatures/index.tsx,1777,942891ddb48b903c9bd886fa24e918aa409b3d3709622a54ce7f259bce4f61bd,superseded legacy site snapshot: canonical content is in current Astro site
CryptoCave/CryptoCave-main-updated/website/src/components/HomepageFeatures/styles.module.css,880,2768a69733d19c2b62f2545f047131d971096e858638f1024fc43cce68b39251,superseded legacy site snapshot: canonical content is in current Astro site
CryptoCave/CryptoCave-main-updated/website/src/css/custom.css,1303,33b98bebc0287aeb7a4632d9aca71e82ccf80c586d15dfdfb4d02036a2168138,superseded legacy site snapshot: canonical content is in current Astro site
CryptoCave/CryptoCave-main-updated/website/src/pages/index.module.css,1509,93215b3411fcfd4e738817730c4bd22c6cdbed0e0adda80c6c8b2209bbf36078,superseded legacy site snapshot: canonical content is in current Astro site
CryptoCave/CryptoCave-main-updated/website/src/pages/index.tsx,2111,fbe2e399dc17b63bad5682b3bef0781445bf56dcfaf45832d38b5da62ae25528,superseded legacy site snapshot: canonical content is in current Astro site
CryptoCave/CryptoCave-main-updated/website/static/.nojekyll,0,e3b0c44298fc1c149afbf4c8996fb92427ae41e4649b934ca495991b7852b855,superseded legacy site snapshot: canonical content is in current Astro site
CryptoCave/CryptoCave-main-updated/website/static/img/logo.svg,507,e1a0330dd046d012afe48765b65140fb00eb4dd48c1639fde4bb5aac40f03355,superseded legacy site snapshot: canonical content is in current Astro site
CryptoCave/CryptoCave-main-updated/website/tsconfig.json,215,3bd04d9513e33e26951d6dbf6e84a131b9939e1d19da4d0a40ee8095ff453156,superseded legacy site snapshot: canonical content is in current Astro site
CryptoCave-Hashes-and-MACs-ready/CryptoCave-Hashes-and-MACs/code/birthday_collision.py,4633,4dbe9be9d6ac8a239cde0c4bb58094b75352c45fe336dabc87230296d64238b4,integrated: Hash Functions & MACs series + experiments/hash-functions
CryptoCave-Hashes-and-MACs-ready/CryptoCave-Hashes-and-MACs/code/griffin.sage,8878,b73ee1fde676523f88ea7dd838f3d373a6c39c6005eca2909516e13501cf47ba,integrated: Hash Functions & MACs series + experiments/hash-functions
CryptoCave-Hashes-and-MACs-ready/CryptoCave-Hashes-and-MACs/code/length_extension_demo.py,2235,72279da87e03bb1bfcba7aab7782a419495e42b249d64f5a5808c8808d4c6b35,integrated: Hash Functions & MACs series + experiments/hash-functions
CryptoCave-Hashes-and-MACs-ready/CryptoCave-Hashes-and-MACs/code/mac_examples.py,1942,d57dad74747e0bbd327b6df2e58c5d6ba8f5692f579c075761c7f2de1b0f79b0,integrated: Hash Functions & MACs series + experiments/hash-functions
CryptoCave-Hashes-and-MACs-ready/CryptoCave-Hashes-and-MACs/code/sha1_collision_demo.py,2375,6b2820ad1c36b5ec6c1a1f6f05cb7fa12f709496b6d7838ef98f6c83d3625734,integrated: Hash Functions & MACs series + experiments/hash-functions
CryptoCave-Hashes-and-MACs-ready/CryptoCave-Hashes-and-MACs/code/sha256_educational.py,5164,e374313d415af92aa73e1a106d5d405bd67c4e5765adce6b24d0f29f604fe515,integrated: Hash Functions & MACs series + experiments/hash-functions
CryptoCave-Hashes-and-MACs-ready/CryptoCave-Hashes-and-MACs/code/sha3_educational.py,4799,410612b4819057c3c6f336739fd0f158cfe08cf1455ae1c298a485124ce0fef9,integrated: Hash Functions & MACs series + experiments/hash-functions
CryptoCave-Hashes-and-MACs-ready/CryptoCave-Hashes-and-MACs/code/__pycache__/sha256_educational.cpython-39.pyc,5373,841e044987c4555ae839ddec4cb424764741ad6b38dd8efed4d7d3c43a711036,discarded: generated cache artifact
CryptoCave-Hashes-and-MACs-ready/CryptoCave-Hashes-and-MACs/docs/01-security-properties/Hash-Security-Properties.md,9605,e664ad2ead4e4861ad7a38814accd660e61dd2b13b1c4228ea9c8608f1e7f698,integrated: Hash Functions & MACs series + experiments/hash-functions
CryptoCave-Hashes-and-MACs-ready/CryptoCave-Hashes-and-MACs/docs/02-birthday-attacks/Birthday-Attacks.md,7162,1e8f3aa20997498228fe58763c1a282a4ed83e026d0c3f93f780fda3ea42534d,integrated: Hash Functions & MACs series + experiments/hash-functions
CryptoCave-Hashes-and-MACs-ready/CryptoCave-Hashes-and-MACs/docs/03-merkle-damgard-sha2/images/daviesmeyer.png,22451,62b2f783ea212f35b566291edababc1bea66de20efd75c489e86ff4259f72979,integrated: Hash Functions & MACs series + experiments/hash-functions
CryptoCave-Hashes-and-MACs-ready/CryptoCave-Hashes-and-MACs/docs/03-merkle-damgard-sha2/images/merkle.png,41463,25a9eac738e7662dc96d7e0ecfd1d9b4a3b58d071b557a308e58e971b63e9062,integrated: Hash Functions & MACs series + experiments/hash-functions
CryptoCave-Hashes-and-MACs-ready/CryptoCave-Hashes-and-MACs/docs/03-merkle-damgard-sha2/images/sha256.png,125576,28633d08f0b22a85f513f56fc87efa272608aa9c809326d3ac997b36931bf527,integrated: Hash Functions & MACs series + experiments/hash-functions
CryptoCave-Hashes-and-MACs-ready/CryptoCave-Hashes-and-MACs/docs/03-merkle-damgard-sha2/Merkle-Damgard-and-SHA-256.md,9098,53654343b4e1f293b4ff2989dabc93713949948abfebbfd30cf09bb19ca17fc9,integrated: Hash Functions & MACs series + experiments/hash-functions
CryptoCave-Hashes-and-MACs-ready/CryptoCave-Hashes-and-MACs/docs/04-length-extension/Length-Extension-Attacks.md,7914,8f442eae5ff4b134ca6fd041b5526cc4de510b730a2fc333148c63d5d76a9a51,integrated: Hash Functions & MACs series + experiments/hash-functions
CryptoCave-Hashes-and-MACs-ready/CryptoCave-Hashes-and-MACs/docs/05-sponge-keccak-sha3/images/chi.png,8993,987aec2f0cb741d56b3b07693edb86dd360c0b3e45ed99416a349cecd6e4fa11,integrated: Hash Functions & MACs series + experiments/hash-functions
CryptoCave-Hashes-and-MACs-ready/CryptoCave-Hashes-and-MACs/docs/05-sponge-keccak-sha3/images/keccak-chi.png,42646,3638a01653401c3b146dd47018d8d2e13dc1e4780ea4cc1c84cf95fb04aa8660,integrated: Hash Functions & MACs series + experiments/hash-functions
CryptoCave-Hashes-and-MACs-ready/CryptoCave-Hashes-and-MACs/docs/05-sponge-keccak-sha3/images/keccak-theta.png,64375,c9b31f55eb2a66596b88513d616470a9d2348f007be34b025dab1a95c5045ba9,integrated: Hash Functions & MACs series + experiments/hash-functions
CryptoCave-Hashes-and-MACs-ready/CryptoCave-Hashes-and-MACs/docs/05-sponge-keccak-sha3/images/pi.png,89774,a2246f4750545966f09af6f6caa6e10cb51664ad97dd13a5d4e19c942aa228d4,integrated: Hash Functions & MACs series + experiments/hash-functions
CryptoCave-Hashes-and-MACs-ready/CryptoCave-Hashes-and-MACs/docs/05-sponge-keccak-sha3/images/rho.png,54962,5271d772ef874f46227992e024309e9453f85d6786d473e7f6b5c5b2fa241bf7,integrated: Hash Functions & MACs series + experiments/hash-functions
CryptoCave-Hashes-and-MACs-ready/CryptoCave-Hashes-and-MACs/docs/05-sponge-keccak-sha3/images/sponge.png,34618,0657243f1ee1bdc15e8a095bbb7b0b9672d19e65547f5039f6b8acfb336c9a5f,integrated: Hash Functions & MACs series + experiments/hash-functions
CryptoCave-Hashes-and-MACs-ready/CryptoCave-Hashes-and-MACs/docs/05-sponge-keccak-sha3/images/state.png,64798,d263c25599db7ee7c458a754f399fa33c4add73075f82ce0a253a68f8670048f,integrated: Hash Functions & MACs series + experiments/hash-functions
CryptoCave-Hashes-and-MACs-ready/CryptoCave-Hashes-and-MACs/docs/05-sponge-keccak-sha3/images/theta.png,33487,c257c74c41d044e50fd8e9fd8756d0fc2ea22bb0df3238119897918ff37fe09b,integrated: Hash Functions & MACs series + experiments/hash-functions
CryptoCave-Hashes-and-MACs-ready/CryptoCave-Hashes-and-MACs/docs/05-sponge-keccak-sha3/Sponge-Keccak-and-SHA-3.md,8991,4d615abd2cfea91ee47c4440ab35993d60f05a41f993eda1c833222ec1f0687a,integrated: Hash Functions & MACs series + experiments/hash-functions
CryptoCave-Hashes-and-MACs-ready/CryptoCave-Hashes-and-MACs/docs/06-message-authentication-codes/images/cascadeconstruction.png,11329,e70673a2169cca8c21503a32477ffb56a855a63743ef7d199e4f9beff65c4d12,integrated: Hash Functions & MACs series + experiments/hash-functions
CryptoCave-Hashes-and-MACs-ready/CryptoCave-Hashes-and-MACs/docs/06-message-authentication-codes/images/cbcconstruction.png,16891,9666ff33a6ffc996e5c41283ceaa49858cf0920f7d27ed67cb228fbdd2b7b957,integrated: Hash Functions & MACs series + experiments/hash-functions
CryptoCave-Hashes-and-MACs-ready/CryptoCave-Hashes-and-MACs/docs/06-message-authentication-codes/images/hmac.png,149873,64085c43edde9efb155d26806ffa2434cdfd1d4e186401b764f50ea15349b519,integrated: Hash Functions & MACs series + experiments/hash-functions
CryptoCave-Hashes-and-MACs-ready/CryptoCave-Hashes-and-MACs/docs/06-message-authentication-codes/images/maccomponents.png,29555,a53fff500321c71907441ec9cad1ba13c3116eeceddb29fad3e8779155ba420a,integrated: Hash Functions & MACs series + experiments/hash-functions
CryptoCave-Hashes-and-MACs-ready/CryptoCave-Hashes-and-MACs/docs/06-message-authentication-codes/images/macexample.png,15009,4a1f0912bfa9914b762db1928707e9226154fed513e29d47823028fa989a2166,integrated: Hash Functions & MACs series + experiments/hash-functions
CryptoCave-Hashes-and-MACs-ready/CryptoCave-Hashes-and-MACs/docs/06-message-authentication-codes/images/macgame.png,35269,b5f4d9770a3df35120974c717cb0066b325605451207c894a812e05aad428d47,integrated: Hash Functions & MACs series + experiments/hash-functions
CryptoCave-Hashes-and-MACs-ready/CryptoCave-Hashes-and-MACs/docs/06-message-authentication-codes/images/shortmessagemac.png,33712,e34421e303dd1f110d7cca085d5a6b26bb050698de721c300369ed6644796f6c,integrated: Hash Functions & MACs series + experiments/hash-functions
CryptoCave-Hashes-and-MACs-ready/CryptoCave-Hashes-and-MACs/docs/06-message-authentication-codes/images/twokeynest.png,12506,c2f538ddbf778c97494622be465128a018a5451a41b4b7773f3b76c44a0c0884,integrated: Hash Functions & MACs series + experiments/hash-functions
CryptoCave-Hashes-and-MACs-ready/CryptoCave-Hashes-and-MACs/docs/06-message-authentication-codes/Message-Authentication-Codes.md,11543,375aac62b15b17ff82a7c3297432ca7652239abc5ac1fde6f6d04f8078983c64,integrated: Hash Functions & MACs series + experiments/hash-functions
CryptoCave-Hashes-and-MACs-ready/CryptoCave-Hashes-and-MACs/docs/07-algebraic-hashes/Griffin-and-Algebraic-Hashes.md,9251,394121dac575f0ca1417b3090a01f3c6054b411e48c214fee05c1a740fdde3cd,integrated: Hash Functions & MACs series + experiments/hash-functions
CryptoCave-Hashes-and-MACs-ready/CryptoCave-Hashes-and-MACs/README.md,4431,31a4777091690ee161b8bdb2710e15cbb1f31082ce26d866e5f8a326965c26df,integrated: Hash Functions & MACs series + experiments/hash-functions
CryptoCave-Hashes-and-MACs-ready/CryptoCave-Hashes-and-MACs/references.bib,3205,7d35fbf6d32ce4f51d6005d4d4f4ebe32114ddea2a53e3223ba2b2dabdf7e70b,integrated: Hash Functions & MACs series + experiments/hash-functions
CryptoCave-Hashes-and-MACs-ready/CryptoCave-Hashes-and-MACs/REFERENCES.md,3758,8c9929b0871d6446ef5fb5f044b559ef15ffcc2dac9d84c58bd20cf230a5000e,integrated: Hash Functions & MACs series + experiments/hash-functions
CryptoCave-Hashes-and-MACs-ready/CryptoCave-Hashes-and-MACs/requirements.txt,144,a9ee3714ad99e07ce9b260c04067a7735c960eeeba25a813917f0ae53b3ba8c4,integrated: Hash Functions & MACs series + experiments/hash-functions
CryptoCave-Hashes-and-MACs-ready/CryptoCave-Hashes-and-MACs/REVIEW_NOTES.md,4885,ac88ebfa2edea790170239c4648556a7cbd9dc755f38b006498562159febe24b,integrated: Hash Functions & MACs series + experiments/hash-functions
CryptoCave-Hashes-and-MACs-ready/CryptoCave-Hashes-and-MACs/SITE_INTEGRATION.md,2110,2a0a4726d88c24a73bfacd65c8e69f87365c43ec89bbfe7ff9abe6e7000fd055,integrated: Hash Functions & MACs series + experiments/hash-functions
CryptoCave-Hashes-and-MACs-ready/CryptoCave-Hashes-and-MACs/tests/test_examples.py,3411,a9ad3cf5bbe15fea2a67c21b3d3c2f8513dd04374b5b31cce91f14f06fe54f32,integrated: Hash Functions & MACs series + experiments/hash-functions
CryptoCave-TasosVoudouris-ready/CryptoCave-TasosVoudouris-ready/.editorconfig,277,3931662e1eb6cd259871984ab81870c0dc09e2202d025c62d59511f27046e31c,superseded legacy site snapshot: canonical content is in current Astro site
CryptoCave-TasosVoudouris-ready/CryptoCave-TasosVoudouris-ready/.github/workflows/documentation.yml,1712,c20fdd0c740f7b8f2c56d5b4d7d11871766198313fc33ae28770d96d729244ec,superseded legacy site snapshot: canonical content is in current Astro site
CryptoCave-TasosVoudouris-ready/CryptoCave-TasosVoudouris-ready/.gitignore,231,68f63e39ec92b1c51ad2647b1b72a84fb7f2455086b772c3e7132ff0106586b1,superseded legacy site snapshot: canonical content is in current Astro site
CryptoCave-TasosVoudouris-ready/CryptoCave-TasosVoudouris-ready/.markdownlint-cli2.jsonc,492,94559f9d9bce1b5b51d7a78a8ce39ed3f2271ee9274fa9a26950624bea78b9a7,superseded legacy site snapshot: canonical content is in current Astro site
CryptoCave-TasosVoudouris-ready/CryptoCave-TasosVoudouris-ready/CONTRIBUTING.md,1837,2580d44fa94a11197ccf01b41255127033981193dd28cc6415eac0b1c11e366a,superseded legacy site snapshot: canonical content is in current Astro site
CryptoCave-TasosVoudouris-ready/CryptoCave-TasosVoudouris-ready/docs/cryptographic-protocols/README.md,614,89d5af7f2d700520d5e93773cef623501c8dce8a4d4fe8866369f4edb7586154,superseded legacy site snapshot: canonical content is in current Astro site
CryptoCave-TasosVoudouris-ready/CryptoCave-TasosVoudouris-ready/docs/cryptographic-protocols/secret-sharing/reed-solomon-gao-decoding.md,6481,93c5af9bee1b7eea7addbfe5e9f1c38cd921f4061a0ca7283b5d7dbe2b36ee3c,superseded legacy site snapshot: canonical content is in current Astro site
CryptoCave-TasosVoudouris-ready/CryptoCave-TasosVoudouris-ready/docs/cryptographic-protocols/secret-sharing/src/ReedGao.py,8171,72c217e1086cc80f48a674efdbe494eab10d679de9af4e29ee4e0c8c9177a6ef,superseded legacy site snapshot: canonical content is in current Astro site
CryptoCave-TasosVoudouris-ready/CryptoCave-TasosVoudouris-ready/docs/getting-started/cryptolanguage.png,50032,f65876a6888d09722021866e9cff322cc577dd265515510457cd114e6564d379,superseded legacy site snapshot: canonical content is in current Astro site
CryptoCave-TasosVoudouris-ready/CryptoCave-TasosVoudouris-ready/docs/getting-started/logical-operations-and-base64.md,10225,3842879e91e3851a2a0450aae08fee3e16651a8f89f3f1fd2d97c6cf1e322ed3,superseded legacy site snapshot: canonical content is in current Astro site
CryptoCave-TasosVoudouris-ready/CryptoCave-TasosVoudouris-ready/docs/getting-started/README.md,5579,3e242a9cfae62f91cf6e377bc76830d49563e15d815acff7bab637cffc9bb775,superseded legacy site snapshot: canonical content is in current Astro site
CryptoCave-TasosVoudouris-ready/CryptoCave-TasosVoudouris-ready/docs/hash-functions/images/plane.jpg,335104,91e34644af1e6c36166e1a69d915d8ed5dbb43ffd62435e70059bc76a742daa6,superseded legacy site snapshot: canonical content is in current Astro site
CryptoCave-TasosVoudouris-ready/CryptoCave-TasosVoudouris-ready/docs/hash-functions/images/ship.jpg,335104,caf110e4aebe1fe7acef6da946a2bac9d51edcd47a987e311599c7c1c92e3abd,superseded legacy site snapshot: canonical content is in current Astro site
CryptoCave-TasosVoudouris-ready/CryptoCave-TasosVoudouris-ready/docs/hash-functions/README.md,13920,446a85c7119420dc9399cc289b81f5da50b3df8cba4d15352a1500ca0c242db6,superseded legacy site snapshot: canonical content is in current Astro site
CryptoCave-TasosVoudouris-ready/CryptoCave-TasosVoudouris-ready/docs/mathematical-foundations/discrete-logarithms/01-introduction.md,9568,b0f4cb8ea645751f2e92526d8a26b42772acd4eeaca08d82aa4ca077ce857fb8,superseded legacy site snapshot: canonical content is in current Astro site
CryptoCave-TasosVoudouris-ready/CryptoCave-TasosVoudouris-ready/docs/mathematical-foundations/discrete-logarithms/02-baby-step-giant-step.md,6348,b9917e8ac10615e2204a38b9bf1c51733779b776c5a7926ddbf2b28f39c79a73,superseded legacy site snapshot: canonical content is in current Astro site
CryptoCave-TasosVoudouris-ready/CryptoCave-TasosVoudouris-ready/docs/mathematical-foundations/discrete-logarithms/03-pohlig-hellman.md,3483,3308a2fad9ea38fc5b60f2f03c196d6922074b3d43d7b3791f16d1fd122f51e9,superseded legacy site snapshot: canonical content is in current Astro site
CryptoCave-TasosVoudouris-ready/CryptoCave-TasosVoudouris-ready/docs/mathematical-foundations/discrete-logarithms/04-pollards-rho-ecdlp.md,9671,8c3d17ba966efdcb8b8e1d154b98fb89361f5a915e87fc77a86343216158eee0,superseded legacy site snapshot: canonical content is in current Astro site
CryptoCave-TasosVoudouris-ready/CryptoCave-TasosVoudouris-ready/docs/mathematical-foundations/discrete-logarithms/attacks/mov/movattack.sage,3555,de873a984dbf98693aaf8353ebba41212bb1d2713970ffb5dc35aa98cc1e0f9f,superseded legacy site snapshot: canonical content is in current Astro site
CryptoCave-TasosVoudouris-ready/CryptoCave-TasosVoudouris-ready/docs/mathematical-foundations/discrete-logarithms/attacks/mov/README.md,5483,80a0890b1727f7c3160a261cda9680581c476afff8d9ae16128775df471db4c5,superseded legacy site snapshot: canonical content is in current Astro site
CryptoCave-TasosVoudouris-ready/CryptoCave-TasosVoudouris-ready/docs/mathematical-foundations/discrete-logarithms/attacks/README.md,544,16903a8e13c2f26fa0794dc4b77093bb62c9bf8fc67171f5a93c3b9a97d030bb,superseded legacy site snapshot: canonical content is in current Astro site
CryptoCave-TasosVoudouris-ready/CryptoCave-TasosVoudouris-ready/docs/mathematical-foundations/discrete-logarithms/attacks/singular-curves/images/singularcusp.PNG,6502,06cb00a896e34a71e28d97d8f9d9ac2c4782c77ca0de877899012c6964d45911,superseded legacy site snapshot: canonical content is in current Astro site
CryptoCave-TasosVoudouris-ready/CryptoCave-TasosVoudouris-ready/docs/mathematical-foundations/discrete-logarithms/attacks/singular-curves/README.md,4716,9d32d46addcd5dce020f5dfd3b198d7d74ba5231b03dacf9be9e6c6a0cf31852,superseded legacy site snapshot: canonical content is in current Astro site
CryptoCave-TasosVoudouris-ready/CryptoCave-TasosVoudouris-ready/docs/mathematical-foundations/discrete-logarithms/attacks/singular-curves/singularcurve.sage,2874,11a3d6208c6669880f6611b9d374b89ad30f1e586b8ea2b44a514d989264d1fd,superseded legacy site snapshot: canonical content is in current Astro site
CryptoCave-TasosVoudouris-ready/CryptoCave-TasosVoudouris-ready/docs/mathematical-foundations/discrete-logarithms/attacks/smart/README.md,7164,dc2d70dabe7adbebd7769d470ffaabe55b01d25c7cc86ac1b44a0f981387b420,superseded legacy site snapshot: canonical content is in current Astro site
CryptoCave-TasosVoudouris-ready/CryptoCave-TasosVoudouris-ready/docs/mathematical-foundations/discrete-logarithms/attacks/smart/smartattackECDLP.sage,1956,d7f6bd25badd351fc0c9dbe3720c68deecf0b8ccfbc6fd007257a4f84d701f64,superseded legacy site snapshot: canonical content is in current Astro site
CryptoCave-TasosVoudouris-ready/CryptoCave-TasosVoudouris-ready/docs/mathematical-foundations/discrete-logarithms/images/pohlig.png,26795,40448ceb9d5d8f3602b51ae01edfcdfe8987dc2e066c58c02827bde7633f0581,superseded legacy site snapshot: canonical content is in current Astro site
CryptoCave-TasosVoudouris-ready/CryptoCave-TasosVoudouris-ready/docs/mathematical-foundations/discrete-logarithms/README.md,632,aea5ccd235d6508bc0c29de7f6f5e1f4c9ab0040520b75ce8c9f31cf743f9395,superseded legacy site snapshot: canonical content is in current Astro site
CryptoCave-TasosVoudouris-ready/CryptoCave-TasosVoudouris-ready/docs/mathematical-foundations/discrete-logarithms/src/comparison/babygiantstep.py,1283,5bf223587d012b95fc7ba607bebb448a47aacdd0c57c2edd9a6118d756ce5353,superseded legacy site snapshot: canonical content is in current Astro site
CryptoCave-TasosVoudouris-ready/CryptoCave-TasosVoudouris-ready/docs/mathematical-foundations/discrete-logarithms/src/comparison/bruteforce.py,868,5985569118efaa3b6ef547a47b4a0959b87aad702519bdd8f73f818c2d040796,superseded legacy site snapshot: canonical content is in current Astro site
CryptoCave-TasosVoudouris-ready/CryptoCave-TasosVoudouris-ready/docs/mathematical-foundations/discrete-logarithms/src/comparison/common.py,3368,d4016006c93a337391941c9c5286d2db504f1e887f7d34486ac33c545da71f44,superseded legacy site snapshot: canonical content is in current Astro site
CryptoCave-TasosVoudouris-ready/CryptoCave-TasosVoudouris-ready/docs/mathematical-foundations/discrete-logarithms/src/comparison/performance_comparison.py,1680,1aac4102c762c756659d48b2013d69b68de334ac56df23032b025e1794b1dd8c,superseded legacy site snapshot: canonical content is in current Astro site
CryptoCave-TasosVoudouris-ready/CryptoCave-TasosVoudouris-ready/docs/mathematical-foundations/discrete-logarithms/src/comparison/pollardsrho.py,3538,4edc3b0aa4c650d14a7fc997c67c8753774ad19c6248f76bdc486a17de9ca8e5,superseded legacy site snapshot: canonical content is in current Astro site
CryptoCave-TasosVoudouris-ready/CryptoCave-TasosVoudouris-ready/docs/mathematical-foundations/discrete-logarithms/src/comparison/readme.md,596,f123cf9ad0f019e32a2c39ca0077a19a47c635b799839d20373f292927f48779,superseded legacy site snapshot: canonical content is in current Astro site
CryptoCave-TasosVoudouris-ready/CryptoCave-TasosVoudouris-ready/docs/mathematical-foundations/discrete-logarithms/src/python/babygiantstep.py,1557,ebce29483879685d0db568260511a9d28b3c54040dbe9a78a665e75d483730d3,superseded legacy site snapshot: canonical content is in current Astro site
CryptoCave-TasosVoudouris-ready/CryptoCave-TasosVoudouris-ready/docs/mathematical-foundations/discrete-logarithms/src/python/bruteforce.py,1142,b15f79b08c1a8a4dc65e03c5b2d8c5f1b5309b9d3080fbcd0375c4bfbd92b83e,superseded legacy site snapshot: canonical content is in current Astro site
CryptoCave-TasosVoudouris-ready/CryptoCave-TasosVoudouris-ready/docs/mathematical-foundations/discrete-logarithms/src/python/BSGSgroup.py,2329,1772278c47f79f5970436745a05ff8e71119d774bc7b4d5da586dfb798fc3e8d,superseded legacy site snapshot: canonical content is in current Astro site
CryptoCave-TasosVoudouris-ready/CryptoCave-TasosVoudouris-ready/docs/mathematical-foundations/discrete-logarithms/src/python/common.py,3368,d4016006c93a337391941c9c5286d2db504f1e887f7d34486ac33c545da71f44,superseded legacy site snapshot: canonical content is in current Astro site
CryptoCave-TasosVoudouris-ready/CryptoCave-TasosVoudouris-ready/docs/mathematical-foundations/discrete-logarithms/src/python/pohlighellman.py,4403,c2dbaa73155f281c1b1309b065cf658f560627dddf4a5b9e5175055f0a5d102b,superseded legacy site snapshot: canonical content is in current Astro site
CryptoCave-TasosVoudouris-ready/CryptoCave-TasosVoudouris-ready/docs/mathematical-foundations/discrete-logarithms/src/python/pollardsrho.py,3812,0d7f897381b1790293f6e0f7f6ea938e5613623aebfaffa51b55d9be5149027f,superseded legacy site snapshot: canonical content is in current Astro site
CryptoCave-TasosVoudouris-ready/CryptoCave-TasosVoudouris-ready/docs/mathematical-foundations/discrete-logarithms/src/sage/BSGSec.sage,1508,03a4750147f82b0a48c1117cde8e3ead8cb5d676545e2e1da2a41181f3f312b1,superseded legacy site snapshot: canonical content is in current Astro site
CryptoCave-TasosVoudouris-ready/CryptoCave-TasosVoudouris-ready/docs/mathematical-foundations/discrete-logarithms/src/sage/rhoEC.sage,2472,a8fa9bcf0c1a19b100d1bc1dc5661bccd87ff9252b332e46ad5883fb4f697236,superseded legacy site snapshot: canonical content is in current Astro site
CryptoCave-TasosVoudouris-ready/CryptoCave-TasosVoudouris-ready/docs/mathematical-foundations/elliptic-curves/01-introduction-and-group-law.md,7324,e6d06d265df07b273ff527598db385d8296e2fd03710b85960527e4f080c1ca1,superseded legacy site snapshot: canonical content is in current Astro site
CryptoCave-TasosVoudouris-ready/CryptoCave-TasosVoudouris-ready/docs/mathematical-foundations/elliptic-curves/02-finite-fields.md,10991,6a69edcfb8c8143117900252bb1e265b3b2b89f2c9d879f87d940daa300f43fc,superseded legacy site snapshot: canonical content is in current Astro site
CryptoCave-TasosVoudouris-ready/CryptoCave-TasosVoudouris-ready/docs/mathematical-foundations/elliptic-curves/03-curve-models.md,11148,90f3ec1bdd3517e048cb25ba2578cf9dcc5a5c5ccf05eab861689a2cfaf99714,superseded legacy site snapshot: canonical content is in current Astro site
CryptoCave-TasosVoudouris-ready/CryptoCave-TasosVoudouris-ready/docs/mathematical-foundations/elliptic-curves/04-edwards-curves.md,6638,fb7650f93036f6d4d99512a349b556753197cf296e42a64af36b78f107d0a75e,superseded legacy site snapshot: canonical content is in current Astro site
CryptoCave-TasosVoudouris-ready/CryptoCave-TasosVoudouris-ready/docs/mathematical-foundations/elliptic-curves/05-pairings.md,7357,cae5640f0d3064ad5a09c4a97b70eeb36aaff2beb32f9f0eb49f3a8d5076b6f2,superseded legacy site snapshot: canonical content is in current Astro site
CryptoCave-TasosVoudouris-ready/CryptoCave-TasosVoudouris-ready/docs/mathematical-foundations/elliptic-curves/images/2Dplane.PNG,70772,58b6746e212113a9b89c02050f62694b59e3160fc00601fa0a6aee710fa0c56d,superseded legacy site snapshot: canonical content is in current Astro site
CryptoCave-TasosVoudouris-ready/CryptoCave-TasosVoudouris-ready/docs/mathematical-foundations/elliptic-curves/images/affine.PNG,17532,1dfead4c9af961ab3c4c16858276ab89d8b00f55a49d76187d4d17eb9ce9ee4c,superseded legacy site snapshot: canonical content is in current Astro site
CryptoCave-TasosVoudouris-ready/CryptoCave-TasosVoudouris-ready/docs/mathematical-foundations/elliptic-curves/images/edwardcurve.PNG,84056,f51fd05bbd9eee610809e069864051af032dead7e2eaa77b74b90a7265efdad0,superseded legacy site snapshot: canonical content is in current Astro site
CryptoCave-TasosVoudouris-ready/CryptoCave-TasosVoudouris-ready/docs/mathematical-foundations/elliptic-curves/images/projection.PNG,215061,f20b49e14fb9e734f87d9add8b6685a4fd2d333d270dfa1a40291fa2c3c30edf,superseded legacy site snapshot: canonical content is in current Astro site
CryptoCave-TasosVoudouris-ready/CryptoCave-TasosVoudouris-ready/docs/mathematical-foundations/elliptic-curves/images/proplane.PNG,20527,603c9297bc68a3aeeb3eff456f69c8323fe77b9c3f9e420b62995118673d4d61,superseded legacy site snapshot: canonical content is in current Astro site
CryptoCave-TasosVoudouris-ready/CryptoCave-TasosVoudouris-ready/docs/mathematical-foundations/elliptic-curves/isogeny-paths.md,5136,7885b53ba0247dd70b741c9ba48eeab0e1ea4f621bdb5199ff4bf4e8030754fe,superseded legacy site snapshot: canonical content is in current Astro site
CryptoCave-TasosVoudouris-ready/CryptoCave-TasosVoudouris-ready/docs/mathematical-foundations/elliptic-curves/README.md,673,029481770d0ce6a4479b7e6d289e9f2cf85257a1eacfe9c06b0019492dafb0f2,superseded legacy site snapshot: canonical content is in current Astro site
CryptoCave-TasosVoudouris-ready/CryptoCave-TasosVoudouris-ready/docs/mathematical-foundations/elliptic-curves/schoofs-algorithm.md,4879,217230b7e184452ef802ad992fb54ebb2bd5913c709ff8a86f8a7d960760b6db,superseded legacy site snapshot: canonical content is in current Astro site
CryptoCave-TasosVoudouris-ready/CryptoCave-TasosVoudouris-ready/docs/mathematical-foundations/elliptic-curves/src/ecpy.py,1666,ad8bfe7356dd92062521530f697151a01c2708dcd6e29b8fb36d0a50e46cd334,superseded legacy site snapshot: canonical content is in current Astro site
CryptoCave-TasosVoudouris-ready/CryptoCave-TasosVoudouris-ready/docs/mathematical-foundations/elliptic-curves/src/edwards.sage,3767,ecc5e02df8d6e9bd65235cfee8f1c41dc4856bf10ba9cce31c05bf2508c53b2e,superseded legacy site snapshot: canonical content is in current Astro site
CryptoCave-TasosVoudouris-ready/CryptoCave-TasosVoudouris-ready/docs/mathematical-foundations/elliptic-curves/src/fullec.py,11661,6b49987d12918be7f396fb641df343454f14a43a22d0ef371d8d35b716eb072f,superseded legacy site snapshot: canonical content is in current Astro site
CryptoCave-TasosVoudouris-ready/CryptoCave-TasosVoudouris-ready/docs/mathematical-foundations/elliptic-curves/src/IsogenyPaths.sage,8079,8859f7cc70aaca8fec09c106c65ccd9f3229767263d50808b7f7480c9c41f1e4,superseded legacy site snapshot: canonical content is in current Astro site
CryptoCave-TasosVoudouris-ready/CryptoCave-TasosVoudouris-ready/docs/mathematical-foundations/elliptic-curves/src/montgomery.py,3921,8686862a1fe84cd0bfc3abd6e5bdf88353391bde030e6402a426ad00fbdf3449,superseded legacy site snapshot: canonical content is in current Astro site
CryptoCave-TasosVoudouris-ready/CryptoCave-TasosVoudouris-ready/docs/mathematical-foundations/elliptic-curves/src/pairings.sage,2772,9c2fbefc21769b68cccd5a11dec20959880ed760aa9efdb62cd9c0e3d785cd6a,superseded legacy site snapshot: canonical content is in current Astro site
CryptoCave-TasosVoudouris-ready/CryptoCave-TasosVoudouris-ready/docs/mathematical-foundations/elliptic-curves/src/schoofs_algorithm.sage,4742,820f84eb92725c8fea4e51d154a04604ea7e40493804ee598011f81883ef1a52,superseded legacy site snapshot: canonical content is in current Astro site
CryptoCave-TasosVoudouris-ready/CryptoCave-TasosVoudouris-ready/docs/mathematical-foundations/elliptic-curves/src/tonelli.py,746,ed087999d7be52f3376e37a49533d087399af0ce291a9ddb9e161c68e32b8ffe,superseded legacy site snapshot: canonical content is in current Astro site
CryptoCave-TasosVoudouris-ready/CryptoCave-TasosVoudouris-ready/docs/mathematical-foundations/groups/README.md,19189,c9aaf68670493aa5c7de18f408a07c0d48f11d0948edd6ee848d1aca94c740e9,superseded legacy site snapshot: canonical content is in current Astro site
CryptoCave-TasosVoudouris-ready/CryptoCave-TasosVoudouris-ready/docs/mathematical-foundations/groups/src/generators.sage,1242,4d0cb46ed04138fbae47aa60dbdf40d857c5c532a8db68f0d83d6002346313bc,superseded legacy site snapshot: canonical content is in current Astro site
CryptoCave-TasosVoudouris-ready/CryptoCave-TasosVoudouris-ready/docs/mathematical-foundations/groups/src/jacobisymbol.py,576,8e3ff02fd617842f00236935c8059727858ca9a2361fe67b2a55c59130ddd6c5,superseded legacy site snapshot: canonical content is in current Astro site
CryptoCave-TasosVoudouris-ready/CryptoCave-TasosVoudouris-ready/docs/mathematical-foundations/number-theory/chinese-remainder-theorem.md,3588,e15ddac4535bb1db3f36fe4fce83fa6ea8515374aeee00cd4381f8e736c1e011,superseded legacy site snapshot: canonical content is in current Astro site
CryptoCave-TasosVoudouris-ready/CryptoCave-TasosVoudouris-ready/docs/mathematical-foundations/number-theory/divisibility.md,8479,5cae096bdb2e0cd354201fac86537e2be147ae0a72dee67776a4310a14c0e5ee,superseded legacy site snapshot: canonical content is in current Astro site
CryptoCave-TasosVoudouris-ready/CryptoCave-TasosVoudouris-ready/docs/mathematical-foundations/number-theory/euler-totient-function.md,6544,ae5445e94167ba5c40af2b15cc5760a82fb144ad0d2e2003787d3e293bd244ef,superseded legacy site snapshot: canonical content is in current Astro site
CryptoCave-TasosVoudouris-ready/CryptoCave-TasosVoudouris-ready/docs/mathematical-foundations/number-theory/modular-arithmetic.md,16503,55aa776e6705b6e433800efbf940daf8771f515c1789c78039f49867b61bc60c,superseded legacy site snapshot: canonical content is in current Astro site
CryptoCave-TasosVoudouris-ready/CryptoCave-TasosVoudouris-ready/docs/mathematical-foundations/number-theory/primes/01-prime-numbers.md,21714,f4385d734221c9f28736ff5c50dc8da54fde7aaf056dbad7a52a35336e169d98,superseded legacy site snapshot: canonical content is in current Astro site
CryptoCave-TasosVoudouris-ready/CryptoCave-TasosVoudouris-ready/docs/mathematical-foundations/number-theory/primes/02-primality-testing.md,36143,64baf6265e42fc129d1d4faa9a37f978f9f68cc8693da55c50527604201e257f,superseded legacy site snapshot: canonical content is in current Astro site
CryptoCave-TasosVoudouris-ready/CryptoCave-TasosVoudouris-ready/docs/mathematical-foundations/number-theory/primes/03-arnault-method.md,14741,d37b490329e12a3d140eca440d615a166e97fdac7647fecd61857573c21aef68,superseded legacy site snapshot: canonical content is in current Astro site
CryptoCave-TasosVoudouris-ready/CryptoCave-TasosVoudouris-ready/docs/mathematical-foundations/number-theory/primes/images/liars.PNG,25781,1ecca21faa84ec9e7edd1b780a80ebd6766a64120738e335180fecaf1961184c,superseded legacy site snapshot: canonical content is in current Astro site
CryptoCave-TasosVoudouris-ready/CryptoCave-TasosVoudouris-ready/docs/mathematical-foundations/number-theory/primes/README.md,548,e90025be38d4048f41f013b7fd2a0cc606633e6ecc631370c953dc70a7b0eac5,superseded legacy site snapshot: canonical content is in current Astro site
CryptoCave-TasosVoudouris-ready/CryptoCave-TasosVoudouris-ready/docs/mathematical-foundations/number-theory/primes/src/arnault.py,4206,ea17d28c7ede9b7aa0f763563a261ee31fc2c22e6d01ae60bdbe8cdea37f7717,superseded legacy site snapshot: canonical content is in current Astro site
CryptoCave-TasosVoudouris-ready/CryptoCave-TasosVoudouris-ready/docs/mathematical-foundations/number-theory/primes/src/arnault.sage,5304,f7b7922d77e687c391e5ac17b1d526a775a3c4259c607b9c96e202e538126673,superseded legacy site snapshot: canonical content is in current Astro site
CryptoCave-TasosVoudouris-ready/CryptoCave-TasosVoudouris-ready/docs/mathematical-foundations/number-theory/primes/src/EratosthenesSieve.py,2841,709026486d60183ab273a6ddd36957a75a6cccb011d0e79427c5a87e40072eb7,superseded legacy site snapshot: canonical content is in current Astro site
CryptoCave-TasosVoudouris-ready/CryptoCave-TasosVoudouris-ready/docs/mathematical-foundations/number-theory/primes/src/fermattest.py,680,b91b86157b8892a8c68036a05ca1f3eb76470fe05394a458f641dfc3cf436630,superseded legacy site snapshot: canonical content is in current Astro site
CryptoCave-TasosVoudouris-ready/CryptoCave-TasosVoudouris-ready/docs/mathematical-foundations/number-theory/primes/src/Hensel.py,3706,f2c82baf72ea214e3690afcc0e915920a66acda7906c89f0f01af3a760d1762a,superseded legacy site snapshot: canonical content is in current Astro site
CryptoCave-TasosVoudouris-ready/CryptoCave-TasosVoudouris-ready/docs/mathematical-foundations/number-theory/primes/src/isprimetests.py,1470,142e7e95380076b84d7a01d746ab43de37f767533d958fb862e291c299e0ef03,superseded legacy site snapshot: canonical content is in current Astro site
CryptoCave-TasosVoudouris-ready/CryptoCave-TasosVoudouris-ready/docs/mathematical-foundations/number-theory/primes/src/LDE.py,1417,2dd289015be9ca1b751bde3cbeb11cf853bb5f5161f0790f8ee65ec54acdd08d,superseded legacy site snapshot: canonical content is in current Astro site
CryptoCave-TasosVoudouris-ready/CryptoCave-TasosVoudouris-ready/docs/mathematical-foundations/number-theory/primes/src/millerrabin.py,1003,ee25a5cbf0e06ffd3e100ef552115e4067fcd450576b86774d1aa9a06fa95605,superseded legacy site snapshot: canonical content is in current Astro site
CryptoCave-TasosVoudouris-ready/CryptoCave-TasosVoudouris-ready/docs/mathematical-foundations/number-theory/primes/src/millerrabinfixed.py,468,35fc90c5dcf75a435d8c09d17fddfadae1db9812a9d96da9cf51b04262fca1fd,superseded legacy site snapshot: canonical content is in current Astro site
CryptoCave-TasosVoudouris-ready/CryptoCave-TasosVoudouris-ready/docs/mathematical-foundations/number-theory/primes/src/naivemillerrabin.py,968,b812205d06251029c3c48192172066ea7854fc089cdef21dec5225f1955ef565,superseded legacy site snapshot: canonical content is in current Astro site
CryptoCave-TasosVoudouris-ready/CryptoCave-TasosVoudouris-ready/docs/mathematical-foundations/number-theory/primes/src/primes.py,1477,a80ee282c82d2e34866756e723d0c77c154b20d05e399c2a919e480f940d9a7e,superseded legacy site snapshot: canonical content is in current Astro site
CryptoCave-TasosVoudouris-ready/CryptoCave-TasosVoudouris-ready/docs/mathematical-foundations/number-theory/primes/src/primewitness.py,4538,f10b9cc564bc9aaaa2da1e2ef08c6fcdcc21e7089870efb8aa613130b0275c21,superseded legacy site snapshot: canonical content is in current Astro site
CryptoCave-TasosVoudouris-ready/CryptoCave-TasosVoudouris-ready/docs/mathematical-foundations/number-theory/primes/src/solovaystrassen.py,1390,9498dccf30114dfe097ea4c01a0e4c2c2fa8ac593046fdb87fc27aeea58c3736,superseded legacy site snapshot: canonical content is in current Astro site
CryptoCave-TasosVoudouris-ready/CryptoCave-TasosVoudouris-ready/docs/mathematical-foundations/number-theory/primes/src/testcarmichael.py,635,eacbb27bc7e5438194afcac1f627ce74946b3bc8c4e5d945542feb9c5c10c0d7,superseded legacy site snapshot: canonical content is in current Astro site
CryptoCave-TasosVoudouris-ready/CryptoCave-TasosVoudouris-ready/docs/mathematical-foundations/number-theory/primes/src/verbosemillerrabin.py,1337,2aedd5e5e68b09d715be08462b97fb562dc3a5fc4676b7305f3a6d87ea9535d1,superseded legacy site snapshot: canonical content is in current Astro site
CryptoCave-TasosVoudouris-ready/CryptoCave-TasosVoudouris-ready/docs/mathematical-foundations/number-theory/README.md,525,61356eebb23b9870c23ee3f53a8f525e3449cf17934cb65149314dbe757f962a,superseded legacy site snapshot: canonical content is in current Astro site
CryptoCave-TasosVoudouris-ready/CryptoCave-TasosVoudouris-ready/docs/mathematical-foundations/number-theory/solving-polynomial-congruences.md,22013,59cf84f9d079104c5b2bd31d51b84e59bed74b7ca01a4adb491d56b6a33aa441,superseded legacy site snapshot: canonical content is in current Astro site
CryptoCave-TasosVoudouris-ready/CryptoCave-TasosVoudouris-ready/docs/mathematical-foundations/README.md,708,d46b6970606dacbd16f9727b470b6511e334ad08a5154c00f99f2c78ea6b11ed,superseded legacy site snapshot: canonical content is in current Astro site
CryptoCave-TasosVoudouris-ready/CryptoCave-TasosVoudouris-ready/docs/public-key-cryptography/diffie-hellman/attacks.md,5113,863d79980fd307b6393ef0f7f3485f4d1f96c14d94708a031743950aa957be5c,superseded legacy site snapshot: canonical content is in current Astro site
CryptoCave-TasosVoudouris-ready/CryptoCave-TasosVoudouris-ready/docs/public-key-cryptography/diffie-hellman/README.md,16676,a7ce9ee0ff18584e019bfa4c8cae6c5c470f7c8c4ce74188407bcb1977e630db,superseded legacy site snapshot: canonical content is in current Astro site
CryptoCave-TasosVoudouris-ready/CryptoCave-TasosVoudouris-ready/docs/public-key-cryptography/diffie-hellman/safe-primes.md,6488,cdbc0f1936bac4bd7196d71efcb85e7ba30d2498a294930a796167d976e75e90,superseded legacy site snapshot: canonical content is in current Astro site
CryptoCave-TasosVoudouris-ready/CryptoCave-TasosVoudouris-ready/docs/public-key-cryptography/diffie-hellman/src/DH.py,960,7a79a1b8aab435c43d5cee0a3f628c0f8d62a417ff415c2d02d4b59f9104058b,superseded legacy site snapshot: canonical content is in current Astro site
CryptoCave-TasosVoudouris-ready/CryptoCave-TasosVoudouris-ready/docs/public-key-cryptography/diffie-hellman/src/DHKEwithSGprimes.py,6110,f0b4dad6af30f1ee6d2c3f67afad6d4e93a3833adb0f0453af33af1c4b514a7b,superseded legacy site snapshot: canonical content is in current Astro site
CryptoCave-TasosVoudouris-ready/CryptoCave-TasosVoudouris-ready/docs/public-key-cryptography/diffie-hellman/src/MitM.py,1040,50324ed3e0fff89275e24964623945665400eec7cdf49dbdf0de16f717d1504a,superseded legacy site snapshot: canonical content is in current Astro site
CryptoCave-TasosVoudouris-ready/CryptoCave-TasosVoudouris-ready/docs/public-key-cryptography/diffie-hellman/src/safeprimes.py,5619,7ee687193d3a4bc0caeb587598ed43e2bfb35657c18410cf4052d173b6f55130,superseded legacy site snapshot: canonical content is in current Astro site
CryptoCave-TasosVoudouris-ready/CryptoCave-TasosVoudouris-ready/docs/public-key-cryptography/README.md,667,934173aa1ee8948c016add4b40c841d117716c52c7d5d13b8d022e0d6a572271,superseded legacy site snapshot: canonical content is in current Astro site
CryptoCave-TasosVoudouris-ready/CryptoCave-TasosVoudouris-ready/docs/public-key-cryptography/rsa/attacks/common-modulus.md,1842,40068d38510e28b7bf467d7743ab2ef130b471ba8ca324e1d2295a0db2ed558e,superseded legacy site snapshot: canonical content is in current Astro site
CryptoCave-TasosVoudouris-ready/CryptoCave-TasosVoudouris-ready/docs/public-key-cryptography/rsa/attacks/coppersmith.md,3808,2bf9f8507df641452f783687025f8d930bc8d19d0c6a291c5d66771d5fb1dc02,superseded legacy site snapshot: canonical content is in current Astro site
CryptoCave-TasosVoudouris-ready/CryptoCave-TasosVoudouris-ready/docs/public-key-cryptography/rsa/attacks/key-generation-and-implementation.md,5110,2cb33628ccc0d93f91787715dccd44eb25f4c1fd503de8211260866ed3f57a06,superseded legacy site snapshot: canonical content is in current Astro site
CryptoCave-TasosVoudouris-ready/CryptoCave-TasosVoudouris-ready/docs/public-key-cryptography/rsa/attacks/low-public-exponent.md,2782,68fc2f1f2775d12e6f6cb9ac0b4474bd776d350a250a7450464d9801fe89003f,superseded legacy site snapshot: canonical content is in current Astro site
CryptoCave-TasosVoudouris-ready/CryptoCave-TasosVoudouris-ready/docs/public-key-cryptography/rsa/attacks/README.md,3468,18c27a238290347e7f73fb6e75cfced4a423cbaeb6408b7f51174105a0afffe1,superseded legacy site snapshot: canonical content is in current Astro site
CryptoCave-TasosVoudouris-ready/CryptoCave-TasosVoudouris-ready/docs/public-key-cryptography/rsa/encoding-and-key-formats.md,4842,aa7a908a83669ad5c9cfb336bf5074e291e97659df12ac39370c79c4bc9169a6,superseded legacy site snapshot: canonical content is in current Astro site
CryptoCave-TasosVoudouris-ready/CryptoCave-TasosVoudouris-ready/docs/public-key-cryptography/rsa/fundamentals.md,4086,656900951fd1688e0a5341d5ff5fb1b856e613073aea0191e5b03273b83d422e,superseded legacy site snapshot: canonical content is in current Astro site
CryptoCave-TasosVoudouris-ready/CryptoCave-TasosVoudouris-ready/docs/public-key-cryptography/rsa/README.md,3197,73dcdfbae32b2bb5f3acca7682d5eb84ec6e74e9385d6b61f4836ed14a1aae0e,superseded legacy site snapshot: canonical content is in current Astro site
CryptoCave-TasosVoudouris-ready/CryptoCave-TasosVoudouris-ready/docs/public-key-cryptography/rsa/src/common_modulus_attack.py,2688,004f22ce40521b2f1c48e5a49dd7b6e7acfc55498897e61c92922d6c74c85fe1,superseded legacy site snapshot: canonical content is in current Astro site
CryptoCave-TasosVoudouris-ready/CryptoCave-TasosVoudouris-ready/docs/public-key-cryptography/rsa/src/low_exponent_attacks.py,3264,c5a23202476e91e156815ffd34478aa8e5cc6b63d3fa5ad549a0a06cfcb5459f,superseded legacy site snapshot: canonical content is in current Astro site
CryptoCave-TasosVoudouris-ready/CryptoCave-TasosVoudouris-ready/docs/public-key-cryptography/rsa/src/shared_prime_attack.py,975,33a815b0bda96b4290cbd0e110dfb38fefa9b3fe72b3d3b10b6eda339e5e4c1b,superseded legacy site snapshot: canonical content is in current Astro site
CryptoCave-TasosVoudouris-ready/CryptoCave-TasosVoudouris-ready/docs/public-key-cryptography/rsa/src/textbook_rsa.py,3385,ab633285fb4ed9aa2020d281c2a3103cfce38e8e88b6cc44ace754fafe80e890,superseded legacy site snapshot: canonical content is in current Astro site
CryptoCave-TasosVoudouris-ready/CryptoCave-TasosVoudouris-ready/docs/public-key-cryptography/rsa/tests/test_rsa_examples.py,3632,f63aca493ee69c688dfb94739769526d69bf890e2ab39f749591fa1fafec3571,superseded legacy site snapshot: canonical content is in current Astro site
CryptoCave-TasosVoudouris-ready/CryptoCave-TasosVoudouris-ready/docs/README.md,1529,2361558b55cebd1e163294b723a012aa2a4a928588b459b059b93b0be28e2bc3,superseded legacy site snapshot: canonical content is in current Astro site
CryptoCave-TasosVoudouris-ready/CryptoCave-TasosVoudouris-ready/docs/symmetric-cryptography/aes/images/AES-AddRoundKey.png,127242,943370694041b22b40dcba2c7d19e7ad2833ddaaa8a139c64a67c1d4fa68a8be,superseded legacy site snapshot: canonical content is in current Astro site
CryptoCave-TasosVoudouris-ready/CryptoCave-TasosVoudouris-ready/docs/symmetric-cryptography/aes/images/aes128.png,25134,e0b0cda0542011caff95efe621755252bf792005929b62834c23a2924d11c353,superseded legacy site snapshot: canonical content is in current Astro site
CryptoCave-TasosVoudouris-ready/CryptoCave-TasosVoudouris-ready/docs/symmetric-cryptography/aes/images/AESMixColumns.png,145106,7a40ecee5bfec59ce48d4664337a79ef717de523c0428835729672fed24a950a,superseded legacy site snapshot: canonical content is in current Astro site
CryptoCave-TasosVoudouris-ready/CryptoCave-TasosVoudouris-ready/docs/symmetric-cryptography/aes/images/AESShiftRows.png,141225,bf07031d5728674f5681e80e67f7d255f60578cfa2caa7b3d352271d130b0b37,superseded legacy site snapshot: canonical content is in current Astro site
CryptoCave-TasosVoudouris-ready/CryptoCave-TasosVoudouris-ready/docs/symmetric-cryptography/aes/images/AESSubBytes.png,118525,b16996d4f73ce02aa3f62f7585f9357ee8815f6d76a207d6d04af8f552609ca4,superseded legacy site snapshot: canonical content is in current Astro site
CryptoCave-TasosVoudouris-ready/CryptoCave-TasosVoudouris-ready/docs/symmetric-cryptography/aes/images/alltogetherAES.png,38400,c46d85a4558f01609041a317f2f0bc2bfa1a693a1185c3d9627e691dacab84e4,superseded legacy site snapshot: canonical content is in current Astro site
CryptoCave-TasosVoudouris-ready/CryptoCave-TasosVoudouris-ready/docs/symmetric-cryptography/aes/README.md,40685,acc97bd2a1a0337bff58f3d980c7cec80272a730d462c8bbf323af2b08964d30,superseded legacy site snapshot: canonical content is in current Astro site
CryptoCave-TasosVoudouris-ready/CryptoCave-TasosVoudouris-ready/docs/symmetric-cryptography/aes/src/naiveAES.py,12169,b1c935b8041f22edb275c0a833a712eb543f5cc4848b55741173d010783b247b,superseded legacy site snapshot: canonical content is in current Astro site
CryptoCave-TasosVoudouris-ready/CryptoCave-TasosVoudouris-ready/docs/symmetric-cryptography/block-cipher-design/images/encryption.png,42933,bdfb8e122c9518f43895909498819db2d7585040228f8a25ec1bcdbba3c00cda,superseded legacy site snapshot: canonical content is in current Astro site
CryptoCave-TasosVoudouris-ready/CryptoCave-TasosVoudouris-ready/docs/symmetric-cryptography/block-cipher-design/images/keyschedule.png,13590,8a9607fe43a762c69491c617249c1345b80abe83d38462da744a8eabc5689bef,superseded legacy site snapshot: canonical content is in current Astro site
CryptoCave-TasosVoudouris-ready/CryptoCave-TasosVoudouris-ready/docs/symmetric-cryptography/block-cipher-design/images/sp.png,35684,64e37cbc0c282676ba08d3a60747dc006fac20eef870424c5940d43ddcd3fe97,superseded legacy site snapshot: canonical content is in current Astro site
CryptoCave-TasosVoudouris-ready/CryptoCave-TasosVoudouris-ready/docs/symmetric-cryptography/block-cipher-design/README.md,20267,0a651cc95168fb63997677a7006e435609210111a46f48a552a1f981d5b34d00,superseded legacy site snapshot: canonical content is in current Astro site
CryptoCave-TasosVoudouris-ready/CryptoCave-TasosVoudouris-ready/docs/symmetric-cryptography/block-cipher-design/src/testspn.py,4449,5e3b6321fc804f001e67116e66565a1170415ca39423ecb7672a2a78530db2cf,superseded legacy site snapshot: canonical content is in current Astro site
CryptoCave-TasosVoudouris-ready/CryptoCave-TasosVoudouris-ready/docs/symmetric-cryptography/des/README.md,36338,628c6c4b0af171325e6988c0cd0388af0308d709f8e27fe1f7d58e0bf7d1e543,superseded legacy site snapshot: canonical content is in current Astro site
CryptoCave-TasosVoudouris-ready/CryptoCave-TasosVoudouris-ready/docs/symmetric-cryptography/des/src/wholesomeDES.py,15792,9d7067958a810e578a43810d15c670280b4fbc43359353a0c514e35db83a0225,superseded legacy site snapshot: canonical content is in current Astro site
CryptoCave-TasosVoudouris-ready/CryptoCave-TasosVoudouris-ready/docs/symmetric-cryptography/padding-and-modes/images/cfb.png,89371,b4b3110e31be53636d9ef2e2a232b5f807f82d20838736f97c354d5ec7857549,superseded legacy site snapshot: canonical content is in current Astro site
CryptoCave-TasosVoudouris-ready/CryptoCave-TasosVoudouris-ready/docs/symmetric-cryptography/padding-and-modes/images/image-1.png,23029,b4c655ad2a29c14d6f130c96bef38fcb4cef53049f2b3d142e77a01f22312485,superseded legacy site snapshot: canonical content is in current Astro site
CryptoCave-TasosVoudouris-ready/CryptoCave-TasosVoudouris-ready/docs/symmetric-cryptography/padding-and-modes/images/image-2.png,20235,b4a1422ffbaafea7be43d53b71a6a0ced3f4f0bb3ef0270f069130e334ef171e,superseded legacy site snapshot: canonical content is in current Astro site
CryptoCave-TasosVoudouris-ready/CryptoCave-TasosVoudouris-ready/docs/symmetric-cryptography/padding-and-modes/images/image-3.png,27788,0ae75d7a61c5b774e2a051210d2fd6230782165a08611e031807443ef5491a6f,superseded legacy site snapshot: canonical content is in current Astro site
CryptoCave-TasosVoudouris-ready/CryptoCave-TasosVoudouris-ready/docs/symmetric-cryptography/padding-and-modes/images/image-4.png,22125,199a6013f333708c5838987145bb3aef6be1e49df7e3e67a8ef59821dc83f68c,superseded legacy site snapshot: canonical content is in current Astro site
CryptoCave-TasosVoudouris-ready/CryptoCave-TasosVoudouris-ready/docs/symmetric-cryptography/padding-and-modes/images/image-5.png,33720,b3333db7f5fc5c6946df5d358d40c37c707738ce93c170d0729051d5e6966679,superseded legacy site snapshot: canonical content is in current Astro site
CryptoCave-TasosVoudouris-ready/CryptoCave-TasosVoudouris-ready/docs/symmetric-cryptography/padding-and-modes/images/image-6.png,11054,946060690f0988e88d1557deea8cec979d864d096417d3912007f711d40d5e28,superseded legacy site snapshot: canonical content is in current Astro site
CryptoCave-TasosVoudouris-ready/CryptoCave-TasosVoudouris-ready/docs/symmetric-cryptography/padding-and-modes/images/image-7.png,20037,c712c84a9370b8952ec981c4801e16b88d9ce56d8c06dc164b82ed7df9022304,superseded legacy site snapshot: canonical content is in current Astro site
CryptoCave-TasosVoudouris-ready/CryptoCave-TasosVoudouris-ready/docs/symmetric-cryptography/padding-and-modes/images/image-8.png,83716,75f0c4fd03d3662e58b918e828cc75d4418d0e66c7a53aa3649451b418b1fbb6,superseded legacy site snapshot: canonical content is in current Astro site
CryptoCave-TasosVoudouris-ready/CryptoCave-TasosVoudouris-ready/docs/symmetric-cryptography/padding-and-modes/images/image.png,24397,4442a073393eec4313a8a0739ecef826ff0df057db36a854c439ec9aded5758a,superseded legacy site snapshot: canonical content is in current Astro site
CryptoCave-TasosVoudouris-ready/CryptoCave-TasosVoudouris-ready/docs/symmetric-cryptography/padding-and-modes/images/ofb.png,41215,6ed5c01a537cf4223691e6fd1e30858cfa58ba37b0eab1d0b8c7c71a1c85538c,superseded legacy site snapshot: canonical content is in current Astro site
CryptoCave-TasosVoudouris-ready/CryptoCave-TasosVoudouris-ready/docs/symmetric-cryptography/padding-and-modes/images/penguin.png,483270,5f2f39a601f4a45a9a1f5cfba532d8a1390704f37fff487e9c5d371b32838a7d,superseded legacy site snapshot: canonical content is in current Astro site
CryptoCave-TasosVoudouris-ready/CryptoCave-TasosVoudouris-ready/docs/symmetric-cryptography/padding-and-modes/README.md,33188,603dffc92f2a02e194c69e32288c6cd1994f5d293ca512e874b7bde4cab594d1,superseded legacy site snapshot: canonical content is in current Astro site
CryptoCave-TasosVoudouris-ready/CryptoCave-TasosVoudouris-ready/docs/symmetric-cryptography/README.md,609,b3a2f30e0edfac9dd63d01313cc873d8eca8ba363601bd999c89f5bc0d986afe,superseded legacy site snapshot: canonical content is in current Astro site
CryptoCave-TasosVoudouris-ready/CryptoCave-TasosVoudouris-ready/index.md,343,d4b07f0ae7a927a6ea600ebaf2256fdc38ef97fcfd92761f5f01244e5d1deea5,superseded legacy site snapshot: canonical content is in current Astro site
CryptoCave-TasosVoudouris-ready/CryptoCave-TasosVoudouris-ready/LICENSE,1068,c279b084fe37b6ed214f0dff53661629f3258fbc610ae1cbe11f0afe70c1b09f,superseded legacy site snapshot: canonical content is in current Astro site
CryptoCave-TasosVoudouris-ready/CryptoCave-TasosVoudouris-ready/README.md,4010,442b50ff83213e79bccb282f7123b1b8c607aac9e1489398c3093998c0481f30,superseded legacy site snapshot: canonical content is in current Astro site
CryptoCave-TasosVoudouris-ready/CryptoCave-TasosVoudouris-ready/requirements.txt,101,bf3b54d17230976e8e1641ac965918f141cbc8ffca1e8ac9190e50651e618af6,superseded legacy site snapshot: canonical content is in current Astro site
CryptoCave-TasosVoudouris-ready/CryptoCave-TasosVoudouris-ready/resources/python/README.md,17274,7a5b1c7136e2c4ee7401d33ada1f1d93869f30a611c9a18d34d2addcfbce085e,superseded legacy site snapshot: canonical content is in current Astro site
CryptoCave-TasosVoudouris-ready/CryptoCave-TasosVoudouris-ready/ROADMAP.md,2404,d7e22c947114f99684e36398b393e4c00e352edd5443122ffedf5d54aeaa766e,superseded legacy site snapshot: canonical content is in current Astro site
CryptoCave-TasosVoudouris-ready/CryptoCave-TasosVoudouris-ready/website/.gitignore,233,7c2bf6ba263ba149a2885847a9f7186e0d7af58faae3e01f2e69a7465f7cfecc,superseded legacy site snapshot: canonical content is in current Astro site
CryptoCave-TasosVoudouris-ready/CryptoCave-TasosVoudouris-ready/website/docusaurus.config.ts,3279,7b9a7d4500744ef3f3afd23f02b45e2d0d00cad06f0021d9ff54fc821b8e4bba,superseded legacy site snapshot: canonical content is in current Astro site
CryptoCave-TasosVoudouris-ready/CryptoCave-TasosVoudouris-ready/website/package-lock.json,677192,2599680d783936f8f1e65a76e342d9132e555fd64572a35f243c64aa7a4130b8,superseded legacy site snapshot: canonical content is in current Astro site
CryptoCave-TasosVoudouris-ready/CryptoCave-TasosVoudouris-ready/website/package.json,1242,545b6625bfb1ee345b89f2a8b7e06fd48292adcc5cfad97871f3416fefdebecf,superseded legacy site snapshot: canonical content is in current Astro site
CryptoCave-TasosVoudouris-ready/CryptoCave-TasosVoudouris-ready/website/README.md,1137,04d1395937f9c70de1c6adb679bd7ea5ca82daf854b393050049183bc51716d8,superseded legacy site snapshot: canonical content is in current Astro site
CryptoCave-TasosVoudouris-ready/CryptoCave-TasosVoudouris-ready/website/sidebars.ts,190,8d77299eddda9bd84e4fa35bfd0568daa0daae14d0d1a5d52b5bc6d9ee67f904,superseded legacy site snapshot: canonical content is in current Astro site
CryptoCave-TasosVoudouris-ready/CryptoCave-TasosVoudouris-ready/website/src/components/HomepageFeatures/index.tsx,1777,942891ddb48b903c9bd886fa24e918aa409b3d3709622a54ce7f259bce4f61bd,superseded legacy site snapshot: canonical content is in current Astro site
CryptoCave-TasosVoudouris-ready/CryptoCave-TasosVoudouris-ready/website/src/components/HomepageFeatures/styles.module.css,880,2768a69733d19c2b62f2545f047131d971096e858638f1024fc43cce68b39251,superseded legacy site snapshot: canonical content is in current Astro site
CryptoCave-TasosVoudouris-ready/CryptoCave-TasosVoudouris-ready/website/src/css/custom.css,1303,33b98bebc0287aeb7a4632d9aca71e82ccf80c586d15dfdfb4d02036a2168138,superseded legacy site snapshot: canonical content is in current Astro site
CryptoCave-TasosVoudouris-ready/CryptoCave-TasosVoudouris-ready/website/src/pages/index.module.css,1509,93215b3411fcfd4e738817730c4bd22c6cdbed0e0adda80c6c8b2209bbf36078,superseded legacy site snapshot: canonical content is in current Astro site
CryptoCave-TasosVoudouris-ready/CryptoCave-TasosVoudouris-ready/website/src/pages/index.tsx,2111,fbe2e399dc17b63bad5682b3bef0781445bf56dcfaf45832d38b5da62ae25528,superseded legacy site snapshot: canonical content is in current Astro site
CryptoCave-TasosVoudouris-ready/CryptoCave-TasosVoudouris-ready/website/static/.nojekyll,0,e3b0c44298fc1c149afbf4c8996fb92427ae41e4649b934ca495991b7852b855,superseded legacy site snapshot: canonical content is in current Astro site
CryptoCave-TasosVoudouris-ready/CryptoCave-TasosVoudouris-ready/website/static/img/logo.svg,507,e1a0330dd046d012afe48765b65140fb00eb4dd48c1639fde4bb5aac40f03355,superseded legacy site snapshot: canonical content is in current Astro site
CryptoCave-TasosVoudouris-ready/CryptoCave-TasosVoudouris-ready/website/tsconfig.json,215,3bd04d9513e33e26951d6dbf6e84a131b9939e1d19da4d0a40ee8095ff453156,superseded legacy site snapshot: canonical content is in current Astro site
CryptoCave-Threshold-Cryptography-v0.1-ready/CryptoCave-Threshold-Cryptography-v0.1/.gitignore,70,c08a91fae6c6ae90b1070b455144acdecedaf95fc97d9f7f6659c286eb05ac70,superseded: reviewed v0.5 is canonical; history summarized by v0.5 audit/changelog
CryptoCave-Threshold-Cryptography-v0.1-ready/CryptoCave-Threshold-Cryptography-v0.1/CHANGELOG.md,3922,8d6564b0a5a5a353d78911ce96f0e707140292d68299d477f6d7634c55a8c4bf,superseded: reviewed v0.5 is canonical; history summarized by v0.5 audit/changelog
CryptoCave-Threshold-Cryptography-v0.1-ready/CryptoCave-Threshold-Cryptography-v0.1/cryptocave_sss/additive.py,3920,1740cbd3c65f832accc39535000e25a406fa1461eb6f81106334cae22c24978f,superseded: reviewed v0.5 is canonical; history summarized by v0.5 audit/changelog
CryptoCave-Threshold-Cryptography-v0.1-ready/CryptoCave-Threshold-Cryptography-v0.1/cryptocave_sss/field.py,2156,3c2db7fdad3270bb04cb83e557d2899dfb243bd060a02111a4f3d0cfcd75f2aa,superseded: reviewed v0.5 is canonical; history summarized by v0.5 audit/changelog
CryptoCave-Threshold-Cryptography-v0.1-ready/CryptoCave-Threshold-Cryptography-v0.1/cryptocave_sss/mpc.py,1580,5b4cee0db0389722225681ffed78286028a94ef3428e4d2739858cc9a3cf5e3d,superseded: reviewed v0.5 is canonical; history summarized by v0.5 audit/changelog
CryptoCave-Threshold-Cryptography-v0.1-ready/CryptoCave-Threshold-Cryptography-v0.1/cryptocave_sss/ntt.py,1708,7308155f4f976d5d1d6850241c691a0543d922bc6517499f0868791fbd953317,superseded: reviewed v0.5 is canonical; history summarized by v0.5 audit/changelog
CryptoCave-Threshold-Cryptography-v0.1-ready/CryptoCave-Threshold-Cryptography-v0.1/cryptocave_sss/packed.py,8847,f205b891056dcfaba9e526812a51db1640965db158ba18fbd2d731cc559d783d,superseded: reviewed v0.5 is canonical; history summarized by v0.5 audit/changelog
CryptoCave-Threshold-Cryptography-v0.1-ready/CryptoCave-Threshold-Cryptography-v0.1/cryptocave_sss/polynomial.py,4990,e07afd90c574b984998a407dd9fcd0a464ff81707a408cb87dc240fbeb1dda94,superseded: reviewed v0.5 is canonical; history summarized by v0.5 audit/changelog
CryptoCave-Threshold-Cryptography-v0.1-ready/CryptoCave-Threshold-Cryptography-v0.1/cryptocave_sss/robust.py,3721,293a391f48944b0f67570152ab296cc86c5eb81aeb00ade83d3eb1f62786ac8d,superseded: reviewed v0.5 is canonical; history summarized by v0.5 audit/changelog
CryptoCave-Threshold-Cryptography-v0.1-ready/CryptoCave-Threshold-Cryptography-v0.1/cryptocave_sss/shamir.py,9197,f9c770f89d839547e36c1f2f2772bb2b1ac0c6e3f8d95425d1e4114a0c72af2b,superseded: reviewed v0.5 is canonical; history summarized by v0.5 audit/changelog
CryptoCave-Threshold-Cryptography-v0.1-ready/CryptoCave-Threshold-Cryptography-v0.1/cryptocave_sss/__init__.py,1255,89bdff641414a7126e619095bbbf22399af7837f31b77d693b716de44bc76770,superseded: reviewed v0.5 is canonical; history summarized by v0.5 audit/changelog
CryptoCave-Threshold-Cryptography-v0.1-ready/CryptoCave-Threshold-Cryptography-v0.1/docs/cryptocave/01-finite-fields-and-polynomials.md,2665,904ff7a9960d687c601b63becf51d22cd6f9b8ac5938f67addeec5144917cc1a,superseded: reviewed v0.5 is canonical; history summarized by v0.5 audit/changelog
CryptoCave-Threshold-Cryptography-v0.1-ready/CryptoCave-Threshold-Cryptography-v0.1/docs/cryptocave/02-additive-secret-sharing.md,1911,ac81b265b2cc86450fdcd9bd270fb45e08fd287e681d5e3020bacda150438b3c,superseded: reviewed v0.5 is canonical; history summarized by v0.5 audit/changelog
CryptoCave-Threshold-Cryptography-v0.1-ready/CryptoCave-Threshold-Cryptography-v0.1/docs/cryptocave/03-shamir-secret-sharing.md,2662,94ad0c72c18c7e2b84e11cce9f0e7373c66cbc9cf00408ab0834673c4864633c,superseded: reviewed v0.5 is canonical; history summarized by v0.5 audit/changelog
CryptoCave-Threshold-Cryptography-v0.1-ready/CryptoCave-Threshold-Cryptography-v0.1/docs/cryptocave/04-arithmetic-and-multiplication.md,2300,9347b75574a2adbe204f3420a67aa076988d8cffff849750f3d35cd78758e70f,superseded: reviewed v0.5 is canonical; history summarized by v0.5 audit/changelog
CryptoCave-Threshold-Cryptography-v0.1-ready/CryptoCave-Threshold-Cryptography-v0.1/docs/cryptocave/05-consistency-and-robust-reconstruction.md,2424,0abcebe7ab7924caa3990c5e05df5b18631b43b8536e2f79b953f25e278fcdc7,superseded: reviewed v0.5 is canonical; history summarized by v0.5 audit/changelog
CryptoCave-Threshold-Cryptography-v0.1-ready/CryptoCave-Threshold-Cryptography-v0.1/docs/cryptocave/06-packed-ramp-sharing-and-ntt.md,2672,f253975da05d3d0b9b22110b3961dc08c589dea40ef8c056a33dab95801adfc3,superseded: reviewed v0.5 is canonical; history summarized by v0.5 audit/changelog
CryptoCave-Threshold-Cryptography-v0.1-ready/CryptoCave-Threshold-Cryptography-v0.1/docs/cryptocave/07-security-boundaries-and-roadmap.md,4628,39ca9bb189dcf044f2eb3f44324290178ac68b29606b6c553102febd3bd8ccc7,superseded: reviewed v0.5 is canonical; history summarized by v0.5 audit/changelog
CryptoCave-Threshold-Cryptography-v0.1-ready/CryptoCave-Threshold-Cryptography-v0.1/docs/cryptocave/README.md,2306,c8e34935842e2d439a2216400989a4e9675fd86224d8d97907c0e3afc525b91d,superseded: reviewed v0.5 is canonical; history summarized by v0.5 audit/changelog
CryptoCave-Threshold-Cryptography-v0.1-ready/CryptoCave-Threshold-Cryptography-v0.1/docs/cryptocave/references.md,2539,0840a21da1fa6bc1922431447c543d1733a0557a015e2d5ea1073ff105d8e4cd,superseded: reviewed v0.5 is canonical; history summarized by v0.5 audit/changelog
CryptoCave-Threshold-Cryptography-v0.1-ready/CryptoCave-Threshold-Cryptography-v0.1/examples/additive_demo.py,1261,4d00d8db9ceecde30c36aed796a86175f553d16313033f14eefea99b948be06f,superseded: reviewed v0.5 is canonical; history summarized by v0.5 audit/changelog
CryptoCave-Threshold-Cryptography-v0.1-ready/CryptoCave-Threshold-Cryptography-v0.1/examples/arithmetic_demo.py,1223,ba83ec19ed6bce1659ac23d9f4d2548f65c4f5468eec09797b9ba9e65b7953de,superseded: reviewed v0.5 is canonical; history summarized by v0.5 audit/changelog
CryptoCave-Threshold-Cryptography-v0.1-ready/CryptoCave-Threshold-Cryptography-v0.1/examples/ntt_demo.py,446,ca6c85c6ff6baae6ad481bb8f29e0cfd12d47c7589db4eb9b03d69c9987387b6,superseded: reviewed v0.5 is canonical; history summarized by v0.5 audit/changelog
CryptoCave-Threshold-Cryptography-v0.1-ready/CryptoCave-Threshold-Cryptography-v0.1/examples/packed_demo.py,935,771bccb973c449f41620990eccb883e58760a85c3ed9aca31adffa21d4a5edd4,superseded: reviewed v0.5 is canonical; history summarized by v0.5 audit/changelog
CryptoCave-Threshold-Cryptography-v0.1-ready/CryptoCave-Threshold-Cryptography-v0.1/examples/robust_demo.py,962,6c60e7e9647ec4ff89e1e9a7a04a0e615e4d3937fb2d6ae8688d8c99bc2938b2,superseded: reviewed v0.5 is canonical; history summarized by v0.5 audit/changelog
CryptoCave-Threshold-Cryptography-v0.1-ready/CryptoCave-Threshold-Cryptography-v0.1/examples/run_all.py,466,93419792e2e16f8bd291e16541e97d0533572b2a95e87721c749da76f69aa086,superseded: reviewed v0.5 is canonical; history summarized by v0.5 audit/changelog
CryptoCave-Threshold-Cryptography-v0.1-ready/CryptoCave-Threshold-Cryptography-v0.1/examples/shamir_demo.py,864,8cc35d403aeb9104859b53d09f91beabc6acce293e0fead704d70fc7dbcd5d1d,superseded: reviewed v0.5 is canonical; history summarized by v0.5 audit/changelog
CryptoCave-Threshold-Cryptography-v0.1-ready/CryptoCave-Threshold-Cryptography-v0.1/examples/__init__.py,53,51df834a22499699a56c82a10de77229c724caa9a7b8aa3a12fc67ea4b1fc520,superseded: reviewed v0.5 is canonical; history summarized by v0.5 audit/changelog
CryptoCave-Threshold-Cryptography-v0.1-ready/CryptoCave-Threshold-Cryptography-v0.1/INTEGRATION.md,2161,f799ef215d73ec57e70383fa6cb14940ba2c8d0a7b218f624cef9c47e76774e3,superseded: reviewed v0.5 is canonical; history summarized by v0.5 audit/changelog
CryptoCave-Threshold-Cryptography-v0.1-ready/CryptoCave-Threshold-Cryptography-v0.1/legacy/README.md,664,c4d9af562d459d26c598316ad71ab3ccc15e92d7545768206c94bd7ee1803843,superseded: reviewed v0.5 is canonical; history summarized by v0.5 audit/changelog
CryptoCave-Threshold-Cryptography-v0.1-ready/CryptoCave-Threshold-Cryptography-v0.1/legacy/SSS-scheme-original.zip,1365802,e14eb5f2c1f2bc4e6c460e1195ca9e59415a904bd3d879974208a06360660807,superseded: reviewed v0.5 is canonical; history summarized by v0.5 audit/changelog
CryptoCave-Threshold-Cryptography-v0.1-ready/CryptoCave-Threshold-Cryptography-v0.1/pyproject.toml,492,41796fc6a3db84502a5d93b5b6df1f6a05f4553ec8dda312611d6ad3a5008499,superseded: reviewed v0.5 is canonical; history summarized by v0.5 audit/changelog
CryptoCave-Threshold-Cryptography-v0.1-ready/CryptoCave-Threshold-Cryptography-v0.1/README.md,6415,eaecbcbe22a4ce2d431a08a593fc48328ec4a90a1543fd80effdaa9532d8f158,superseded: reviewed v0.5 is canonical; history summarized by v0.5 audit/changelog
CryptoCave-Threshold-Cryptography-v0.1-ready/CryptoCave-Threshold-Cryptography-v0.1/SECURITY.md,1452,b9d21ba727237e97c7d6e4cfe57cae2a42d9650dc443e7db4ce4667047f3fb6c,superseded: reviewed v0.5 is canonical; history summarized by v0.5 audit/changelog
CryptoCave-Threshold-Cryptography-v0.1-ready/CryptoCave-Threshold-Cryptography-v0.1/tests/test_additive.py,1247,b0407670dd0a4ec8d7810f9b385a2adc3dd065e5fb5d6b5b59ed80cde5ecf332,superseded: reviewed v0.5 is canonical; history summarized by v0.5 audit/changelog
CryptoCave-Threshold-Cryptography-v0.1-ready/CryptoCave-Threshold-Cryptography-v0.1/tests/test_field_and_polynomial.py,1284,a81ee16a73fd598ac1eeee48bea99f0d4fc7845c04334fe6532fd694bca1fcf6,superseded: reviewed v0.5 is canonical; history summarized by v0.5 audit/changelog
CryptoCave-Threshold-Cryptography-v0.1-ready/CryptoCave-Threshold-Cryptography-v0.1/tests/test_multiplication.py,1263,6a4d246e33ed8cf1420f39230a3c3636103f381b1f7452a8b9b47af6e780c0b5,superseded: reviewed v0.5 is canonical; history summarized by v0.5 audit/changelog
CryptoCave-Threshold-Cryptography-v0.1-ready/CryptoCave-Threshold-Cryptography-v0.1/tests/test_ntt.py,459,040261687d6dd3e736a59eace48d0bc6e9da569ed366c407914588463fd626fa,superseded: reviewed v0.5 is canonical; history summarized by v0.5 audit/changelog
CryptoCave-Threshold-Cryptography-v0.1-ready/CryptoCave-Threshold-Cryptography-v0.1/tests/test_packed.py,1767,e789a578f527e1ab0a5b2d06bb6c418ae6f0d820065e521f123a4b7adad56fb0,superseded: reviewed v0.5 is canonical; history summarized by v0.5 audit/changelog
CryptoCave-Threshold-Cryptography-v0.1-ready/CryptoCave-Threshold-Cryptography-v0.1/tests/test_robust.py,1675,b17726a474846282c182be5bf281b563dbffb9e87e9e84fd0859db9e538497d8,superseded: reviewed v0.5 is canonical; history summarized by v0.5 audit/changelog
CryptoCave-Threshold-Cryptography-v0.1-ready/CryptoCave-Threshold-Cryptography-v0.1/tests/test_shamir.py,2375,3820bebec90ea96c0c374930798070060c38aa12359d45f8fca92fbfcaf1f17f,superseded: reviewed v0.5 is canonical; history summarized by v0.5 audit/changelog
CryptoCave-Threshold-Cryptography-v0.1-ready/CryptoCave-Threshold-Cryptography-v0.1/tests/__init__.py,61,41294f5348df829ac5399d839f26647d82d73f2117655d9a94e3ab95826f222a,superseded: reviewed v0.5 is canonical; history summarized by v0.5 audit/changelog
CryptoCave-Threshold-Cryptography-v0.1-ready/CryptoCave-Threshold-Cryptography-v0.1/VALIDATION.md,1295,a7f5648c205d12ae86bde33a48d190c859eb514e362dbbcc1b1434ac12d019cd,superseded: reviewed v0.5 is canonical; history summarized by v0.5 audit/changelog
CryptoCave-Threshold-Cryptography-v0.2-Feldman-VSS-ready/CryptoCave-Threshold-Cryptography-v0.2/.gitignore,70,c08a91fae6c6ae90b1070b455144acdecedaf95fc97d9f7f6659c286eb05ac70,superseded: reviewed v0.5 is canonical; history summarized by v0.5 audit/changelog
CryptoCave-Threshold-Cryptography-v0.2-Feldman-VSS-ready/CryptoCave-Threshold-Cryptography-v0.2/ARCHIVE_AUDIT.md,2302,dc76c82ee9ead9636909ecc2e459f89703c90470bb0304738739f4c47b3821d0,superseded: reviewed v0.5 is canonical; history summarized by v0.5 audit/changelog
CryptoCave-Threshold-Cryptography-v0.2-Feldman-VSS-ready/CryptoCave-Threshold-Cryptography-v0.2/CHANGELOG.md,1739,0344544c45d90d58659df8a358559beae01b2279b705fdd865b544a6c26c57c1,superseded: reviewed v0.5 is canonical; history summarized by v0.5 audit/changelog
CryptoCave-Threshold-Cryptography-v0.2-Feldman-VSS-ready/CryptoCave-Threshold-Cryptography-v0.2/cryptocave_sss/additive.py,4343,84a301105fcc81185af380ca87f8ef5411e68912a6f988bbcd4904056e6b9866,superseded: reviewed v0.5 is canonical; history summarized by v0.5 audit/changelog
CryptoCave-Threshold-Cryptography-v0.2-Feldman-VSS-ready/CryptoCave-Threshold-Cryptography-v0.2/cryptocave_sss/feldman.py,10806,abeca91071144b028d1d0d4550f6c2453c8bb3e98276b5fde40064e663d4b3a4,superseded: reviewed v0.5 is canonical; history summarized by v0.5 audit/changelog
CryptoCave-Threshold-Cryptography-v0.2-Feldman-VSS-ready/CryptoCave-Threshold-Cryptography-v0.2/cryptocave_sss/field.py,2643,96d9be36c8a019f958aa7ec1b97f471e8773726d63c5f1a99b91a253f3c9a21c,superseded: reviewed v0.5 is canonical; history summarized by v0.5 audit/changelog
CryptoCave-Threshold-Cryptography-v0.2-Feldman-VSS-ready/CryptoCave-Threshold-Cryptography-v0.2/cryptocave_sss/mpc.py,2256,045aebd19400f31299d41a3c1f57b0130b72255050c270234e2e8417042122f8,superseded: reviewed v0.5 is canonical; history summarized by v0.5 audit/changelog
CryptoCave-Threshold-Cryptography-v0.2-Feldman-VSS-ready/CryptoCave-Threshold-Cryptography-v0.2/cryptocave_sss/ntt.py,2192,5b352b24cda9674c21365b34f8e4443f54d08aae38b253a5342a0d14671fa3d3,superseded: reviewed v0.5 is canonical; history summarized by v0.5 audit/changelog
CryptoCave-Threshold-Cryptography-v0.2-Feldman-VSS-ready/CryptoCave-Threshold-Cryptography-v0.2/cryptocave_sss/packed.py,9633,9bf2b00cf6ca9ad8fb4ad1a4fe1c03779e8b8841906f8bf7b121f494178d4035,superseded: reviewed v0.5 is canonical; history summarized by v0.5 audit/changelog
CryptoCave-Threshold-Cryptography-v0.2-Feldman-VSS-ready/CryptoCave-Threshold-Cryptography-v0.2/cryptocave_sss/polynomial.py,5537,9530fe1635e20fac60bdd5b2572928a0edee6cb1674b1475e042699b4ce9e39b,superseded: reviewed v0.5 is canonical; history summarized by v0.5 audit/changelog
CryptoCave-Threshold-Cryptography-v0.2-Feldman-VSS-ready/CryptoCave-Threshold-Cryptography-v0.2/cryptocave_sss/robust.py,4432,7d4a6dcdf1f20403fa314195057c7289d52ea61f542442de5a74cb848ee5bceb,superseded: reviewed v0.5 is canonical; history summarized by v0.5 audit/changelog
CryptoCave-Threshold-Cryptography-v0.2-Feldman-VSS-ready/CryptoCave-Threshold-Cryptography-v0.2/cryptocave_sss/shamir.py,9862,facc0466a6a0c421ea23bc655a3b9e3e1a644cb83fb9469f9d1d0f12f11aa404,superseded: reviewed v0.5 is canonical; history summarized by v0.5 audit/changelog
CryptoCave-Threshold-Cryptography-v0.2-Feldman-VSS-ready/CryptoCave-Threshold-Cryptography-v0.2/cryptocave_sss/__init__.py,2731,618e46bc1d40b77e57c9845773af24f0556dee25d93491f9b6ea72b00d91d679,superseded: reviewed v0.5 is canonical; history summarized by v0.5 audit/changelog
CryptoCave-Threshold-Cryptography-v0.2-Feldman-VSS-ready/CryptoCave-Threshold-Cryptography-v0.2/cryptocave_sss/__pycache__/additive.cpython-39.pyc,5773,65f5ad9110ca40d0503428def8b30b55be13fd799be58caf461e5212552840dc,discarded: generated cache artifact
CryptoCave-Threshold-Cryptography-v0.2-Feldman-VSS-ready/CryptoCave-Threshold-Cryptography-v0.2/cryptocave_sss/__pycache__/feldman.cpython-39.pyc,11970,b1f79fe37918cae37f3c84e419467c63a30cf0e3a832018b615b90786f0a63ce,discarded: generated cache artifact
CryptoCave-Threshold-Cryptography-v0.2-Feldman-VSS-ready/CryptoCave-Threshold-Cryptography-v0.2/cryptocave_sss/__pycache__/field.cpython-39.pyc,2897,dc698fee2847f5c3f0f098e22cb970ddef68e098e8a1aeca400981e12b1999c2,discarded: generated cache artifact
CryptoCave-Threshold-Cryptography-v0.2-Feldman-VSS-ready/CryptoCave-Threshold-Cryptography-v0.2/cryptocave_sss/__pycache__/mpc.cpython-39.pyc,2615,5dddb3e59ee1a33be499b449d3d83048d2ad1b5526c09e5fd9dc884dd6e6550c,discarded: generated cache artifact
CryptoCave-Threshold-Cryptography-v0.2-Feldman-VSS-ready/CryptoCave-Threshold-Cryptography-v0.2/cryptocave_sss/__pycache__/packed.cpython-39.pyc,11078,4f427f3e57f8c846a10911bac30a74aa10ebacc4dfecdf33e7f8bf62194ca048,discarded: generated cache artifact
CryptoCave-Threshold-Cryptography-v0.2-Feldman-VSS-ready/CryptoCave-Threshold-Cryptography-v0.2/cryptocave_sss/__pycache__/polynomial.cpython-39.pyc,6004,b177c8bb6968901d874aac888dfbb5429a1cc88bf08072d807258ef3c7abdeb1,discarded: generated cache artifact
CryptoCave-Threshold-Cryptography-v0.2-Feldman-VSS-ready/CryptoCave-Threshold-Cryptography-v0.2/cryptocave_sss/__pycache__/robust.cpython-39.pyc,5049,bf28778e747d69204116749e3119b21249851ef49ace86e0f5b4d4144a34297f,discarded: generated cache artifact
CryptoCave-Threshold-Cryptography-v0.2-Feldman-VSS-ready/CryptoCave-Threshold-Cryptography-v0.2/cryptocave_sss/__pycache__/shamir.cpython-39.pyc,11590,7838a3576ac269d8a5ce9349ad02775605a4901686898c04b339858ef4954470,discarded: generated cache artifact
CryptoCave-Threshold-Cryptography-v0.2-Feldman-VSS-ready/CryptoCave-Threshold-Cryptography-v0.2/cryptocave_sss/__pycache__/__init__.cpython-39.pyc,2052,8ae93c0f8e94cf369036d28566e04cba560149ca5eecdaaa66236a9a46be5522,discarded: generated cache artifact
CryptoCave-Threshold-Cryptography-v0.2-Feldman-VSS-ready/CryptoCave-Threshold-Cryptography-v0.2/docs/cryptocave/01-finite-fields-and-polynomials.md,2665,904ff7a9960d687c601b63becf51d22cd6f9b8ac5938f67addeec5144917cc1a,superseded: reviewed v0.5 is canonical; history summarized by v0.5 audit/changelog
CryptoCave-Threshold-Cryptography-v0.2-Feldman-VSS-ready/CryptoCave-Threshold-Cryptography-v0.2/docs/cryptocave/02-additive-secret-sharing.md,1911,ac81b265b2cc86450fdcd9bd270fb45e08fd287e681d5e3020bacda150438b3c,superseded: reviewed v0.5 is canonical; history summarized by v0.5 audit/changelog
CryptoCave-Threshold-Cryptography-v0.2-Feldman-VSS-ready/CryptoCave-Threshold-Cryptography-v0.2/docs/cryptocave/03-shamir-secret-sharing.md,2662,94ad0c72c18c7e2b84e11cce9f0e7373c66cbc9cf00408ab0834673c4864633c,superseded: reviewed v0.5 is canonical; history summarized by v0.5 audit/changelog
CryptoCave-Threshold-Cryptography-v0.2-Feldman-VSS-ready/CryptoCave-Threshold-Cryptography-v0.2/docs/cryptocave/04-arithmetic-and-multiplication.md,2300,9347b75574a2adbe204f3420a67aa076988d8cffff849750f3d35cd78758e70f,superseded: reviewed v0.5 is canonical; history summarized by v0.5 audit/changelog
CryptoCave-Threshold-Cryptography-v0.2-Feldman-VSS-ready/CryptoCave-Threshold-Cryptography-v0.2/docs/cryptocave/05-consistency-and-robust-reconstruction.md,2424,0abcebe7ab7924caa3990c5e05df5b18631b43b8536e2f79b953f25e278fcdc7,superseded: reviewed v0.5 is canonical; history summarized by v0.5 audit/changelog
CryptoCave-Threshold-Cryptography-v0.2-Feldman-VSS-ready/CryptoCave-Threshold-Cryptography-v0.2/docs/cryptocave/06-packed-ramp-sharing-and-ntt.md,2672,f253975da05d3d0b9b22110b3961dc08c589dea40ef8c056a33dab95801adfc3,superseded: reviewed v0.5 is canonical; history summarized by v0.5 audit/changelog
CryptoCave-Threshold-Cryptography-v0.2-Feldman-VSS-ready/CryptoCave-Threshold-Cryptography-v0.2/docs/cryptocave/07-security-boundaries-and-roadmap.md,5089,cef53c1f21bda370d7e087c7ac4ed5bc032570a8e765588aa025b34c13ab309d,superseded: reviewed v0.5 is canonical; history summarized by v0.5 audit/changelog
CryptoCave-Threshold-Cryptography-v0.2-Feldman-VSS-ready/CryptoCave-Threshold-Cryptography-v0.2/docs/cryptocave/08-from-shamir-to-vss.md,2724,54ade2292443d5470501f27a8d7136d3cfbcdedf46649db9296bd2cb18116662,superseded: reviewed v0.5 is canonical; history summarized by v0.5 audit/changelog
CryptoCave-Threshold-Cryptography-v0.2-Feldman-VSS-ready/CryptoCave-Threshold-Cryptography-v0.2/docs/cryptocave/09-feldman-vss.md,3263,a6481fa7a9242b1a70cb928ca42dc78ee5d09c5ddaf87445e6397bf6126045d7,superseded: reviewed v0.5 is canonical; history summarized by v0.5 audit/changelog
CryptoCave-Threshold-Cryptography-v0.2-Feldman-VSS-ready/CryptoCave-Threshold-Cryptography-v0.2/docs/cryptocave/10-vss-protocol-boundary.md,3687,b04a67bf1ad8f41159db8b8d693f72692e1c16ff848db5df5e5bd89689de7994,superseded: reviewed v0.5 is canonical; history summarized by v0.5 audit/changelog
CryptoCave-Threshold-Cryptography-v0.2-Feldman-VSS-ready/CryptoCave-Threshold-Cryptography-v0.2/docs/cryptocave/11-original-vss-code-audit.md,4322,08a4934e0e2e1d0e4179d88b560dd861a108d5aae99fdc1463238f9a023d97bc,superseded: reviewed v0.5 is canonical; history summarized by v0.5 audit/changelog
CryptoCave-Threshold-Cryptography-v0.2-Feldman-VSS-ready/CryptoCave-Threshold-Cryptography-v0.2/docs/cryptocave/README.md,2743,7f7bca7decd90573a52f44c5e2659df5d1cd252f00f6903130f6a2c96b1a5a67,superseded: reviewed v0.5 is canonical; history summarized by v0.5 audit/changelog
CryptoCave-Threshold-Cryptography-v0.2-Feldman-VSS-ready/CryptoCave-Threshold-Cryptography-v0.2/docs/cryptocave/references.md,2511,6fdf0c14c69465c033c3859ff192e6b5c62430db38e518e4dc2f18cb7fd9787f,superseded: reviewed v0.5 is canonical; history summarized by v0.5 audit/changelog
CryptoCave-Threshold-Cryptography-v0.2-Feldman-VSS-ready/CryptoCave-Threshold-Cryptography-v0.2/examples/additive_demo.py,1508,58086722a705549fe2c0ac36a2beec027ba0a34b668f0018a7ee8dad10ef8656,superseded: reviewed v0.5 is canonical; history summarized by v0.5 audit/changelog
CryptoCave-Threshold-Cryptography-v0.2-Feldman-VSS-ready/CryptoCave-Threshold-Cryptography-v0.2/examples/arithmetic_demo.py,1355,657f9c852bb502b894ef5946e51521981b40711b1f65ae0051917d9c5753e88b,superseded: reviewed v0.5 is canonical; history summarized by v0.5 audit/changelog
CryptoCave-Threshold-Cryptography-v0.2-Feldman-VSS-ready/CryptoCave-Threshold-Cryptography-v0.2/examples/feldman_demo.py,1224,0254b3081da2b2782e1da3caceaff7b0fa3733ce282d42af58c66fee42f41e63,superseded: reviewed v0.5 is canonical; history summarized by v0.5 audit/changelog
CryptoCave-Threshold-Cryptography-v0.2-Feldman-VSS-ready/CryptoCave-Threshold-Cryptography-v0.2/examples/feldman_leakage_demo.py,1103,09e3cd3e6636284d5faa3551eeb6d24ae130d36287d39fab127ba70fc780b729,superseded: reviewed v0.5 is canonical; history summarized by v0.5 audit/changelog
CryptoCave-Threshold-Cryptography-v0.2-Feldman-VSS-ready/CryptoCave-Threshold-Cryptography-v0.2/examples/feldman_tampering_demo.py,1533,41adb8825c096697cb82291b9ced22f3812203ca04e22134330b2e74d00e17df,superseded: reviewed v0.5 is canonical; history summarized by v0.5 audit/changelog
CryptoCave-Threshold-Cryptography-v0.2-Feldman-VSS-ready/CryptoCave-Threshold-Cryptography-v0.2/examples/ntt_demo.py,579,2f7c9a1e0c3f9d960c40402931f4be86c9d0cbaa3ee7d8752125069bded6afa6,superseded: reviewed v0.5 is canonical; history summarized by v0.5 audit/changelog
CryptoCave-Threshold-Cryptography-v0.2-Feldman-VSS-ready/CryptoCave-Threshold-Cryptography-v0.2/examples/packed_demo.py,1067,2bd7f5cc3029a58c8f3d302c755c67decda73cdc98f77e13c920e2615701054c,superseded: reviewed v0.5 is canonical; history summarized by v0.5 audit/changelog
CryptoCave-Threshold-Cryptography-v0.2-Feldman-VSS-ready/CryptoCave-Threshold-Cryptography-v0.2/examples/robust_demo.py,1094,ffa5ace64a247189d70b2759ff4a4c88201935a1e0b9792d12cb84f1cf2c0f03,superseded: reviewed v0.5 is canonical; history summarized by v0.5 audit/changelog
CryptoCave-Threshold-Cryptography-v0.2-Feldman-VSS-ready/CryptoCave-Threshold-Cryptography-v0.2/examples/run_all.py,676,23b72fc417e68d24bc3cfd14816bff8da09f2788b71849ee94e22cc2f9f238b5,superseded: reviewed v0.5 is canonical; history summarized by v0.5 audit/changelog
CryptoCave-Threshold-Cryptography-v0.2-Feldman-VSS-ready/CryptoCave-Threshold-Cryptography-v0.2/examples/shamir_demo.py,996,2c0e2d77c35c72f5b4388208eaaa62af12f37925c6c67fd8e659939670cbbd6b,superseded: reviewed v0.5 is canonical; history summarized by v0.5 audit/changelog
CryptoCave-Threshold-Cryptography-v0.2-Feldman-VSS-ready/CryptoCave-Threshold-Cryptography-v0.2/examples/__init__.py,205,f6450834a6d67de9c77ef211ba57d2f3564004aa53fb2b8cc1bfbbbffa7972af,superseded: reviewed v0.5 is canonical; history summarized by v0.5 audit/changelog
CryptoCave-Threshold-Cryptography-v0.2-Feldman-VSS-ready/CryptoCave-Threshold-Cryptography-v0.2/INTEGRATION.md,1060,7c27a7b98ae030d6a1d1dfcbde5ef0af779a21463b507af8b21d476fa4c72634,superseded: reviewed v0.5 is canonical; history summarized by v0.5 audit/changelog
CryptoCave-Threshold-Cryptography-v0.2-Feldman-VSS-ready/CryptoCave-Threshold-Cryptography-v0.2/legacy/README.md,1251,45b89b518a7a755eec1975cac97041f8e4888dcf230fe2a8e842dadfb21c95a2,superseded: reviewed v0.5 is canonical; history summarized by v0.5 audit/changelog
CryptoCave-Threshold-Cryptography-v0.2-Feldman-VSS-ready/CryptoCave-Threshold-Cryptography-v0.2/legacy/vss-example-source-sanitized/exampleVSS.py,2183,d6ec9a5973e93265b8ce1125d11fc65f7d65e5c0eb77876e14a0a74e45b4493e,superseded: reviewed v0.5 is canonical; history summarized by v0.5 audit/changelog
CryptoCave-Threshold-Cryptography-v0.2-Feldman-VSS-ready/CryptoCave-Threshold-Cryptography-v0.2/legacy/vss-example-source-sanitized/Feldman.py,2275,1383cf15ad15b21c102a1c3855033920ed531a1a34ec46b3a68c4c659e89e5aa,superseded: reviewed v0.5 is canonical; history summarized by v0.5 audit/changelog
CryptoCave-Threshold-Cryptography-v0.2-Feldman-VSS-ready/CryptoCave-Threshold-Cryptography-v0.2/legacy/vss-example-source-sanitized/main.py,2783,7a83ba920b02ac3561688704f7e6da76925ddfc2c13c7804eedbf37f573b270e,superseded: reviewed v0.5 is canonical; history summarized by v0.5 audit/changelog
CryptoCave-Threshold-Cryptography-v0.2-Feldman-VSS-ready/CryptoCave-Threshold-Cryptography-v0.2/legacy/vss-example-source-sanitized/mainKZG.py,3549,8eb87ea5a159c7630b96b228a3fcbe3bfcd3e3cedb5fbfcf423ab3e971297de9,superseded: reviewed v0.5 is canonical; history summarized by v0.5 audit/changelog
CryptoCave-Threshold-Cryptography-v0.2-Feldman-VSS-ready/CryptoCave-Threshold-Cryptography-v0.2/legacy/vss-example-source-sanitized/PVSS-feldman.py,2901,df00bc42b2f4999e5d1a8c301d5e00254a9bac7a353dabf5c9d60d988b52a159,superseded: reviewed v0.5 is canonical; history summarized by v0.5 audit/changelog
CryptoCave-Threshold-Cryptography-v0.2-Feldman-VSS-ready/CryptoCave-Threshold-Cryptography-v0.2/legacy/vss-example-source-sanitized/vss.py,2454,55c236d20b065439febb7f6f9b6a4ef3677b2dd5f70a0b0cb075889116eeac5a,superseded: reviewed v0.5 is canonical; history summarized by v0.5 audit/changelog
CryptoCave-Threshold-Cryptography-v0.2-Feldman-VSS-ready/CryptoCave-Threshold-Cryptography-v0.2/legacy/vss-example-source-sanitized/vssKZG.py,1545,7dd977141b7246d8333b89bfb8035777ead54dfc4bebbe2e89f96c2420cbf75a,superseded: reviewed v0.5 is canonical; history summarized by v0.5 audit/changelog
CryptoCave-Threshold-Cryptography-v0.2-Feldman-VSS-ready/CryptoCave-Threshold-Cryptography-v0.2/pyproject.toml,473,b4e002e5b40ae24e4c1c4f01410920793846c65086ac6a25d532b6c3da1b8fdc,superseded: reviewed v0.5 is canonical; history summarized by v0.5 audit/changelog
CryptoCave-Threshold-Cryptography-v0.2-Feldman-VSS-ready/CryptoCave-Threshold-Cryptography-v0.2/README.md,4175,7da5949a7b26dcf2479a11e6a973eba80660f8c8dcdde77c7832b6482bca66b2,superseded: reviewed v0.5 is canonical; history summarized by v0.5 audit/changelog
CryptoCave-Threshold-Cryptography-v0.2-Feldman-VSS-ready/CryptoCave-Threshold-Cryptography-v0.2/RUNNING_EACH_FILE.md,1730,875d1e4db5d8a133a053edfb1c605e5e55f04f4611a7a5e8d0dc5041230f7702,superseded: reviewed v0.5 is canonical; history summarized by v0.5 audit/changelog
CryptoCave-Threshold-Cryptography-v0.2-Feldman-VSS-ready/CryptoCave-Threshold-Cryptography-v0.2/SECURITY.md,2317,7c6f76acca0d8df406c87d59c5e427427ec2ac3364eff9fa46b400b68d75114a,superseded: reviewed v0.5 is canonical; history summarized by v0.5 audit/changelog
CryptoCave-Threshold-Cryptography-v0.2-Feldman-VSS-ready/CryptoCave-Threshold-Cryptography-v0.2/tests/test_additive.py,1379,349d1755ea9cac977431ca0aca80e1ca5d72cfaf54ea89aa0161a01115a881ad,superseded: reviewed v0.5 is canonical; history summarized by v0.5 audit/changelog
CryptoCave-Threshold-Cryptography-v0.2-Feldman-VSS-ready/CryptoCave-Threshold-Cryptography-v0.2/tests/test_feldman.py,6625,4e44f919ca263d5837f5686b5e1e856dc636a76423442ddd2447bc269b891d6f,superseded: reviewed v0.5 is canonical; history summarized by v0.5 audit/changelog
CryptoCave-Threshold-Cryptography-v0.2-Feldman-VSS-ready/CryptoCave-Threshold-Cryptography-v0.2/tests/test_field_and_polynomial.py,1416,5678a6cebc940e24fa3005ca7ff78c89b544b0da229902a13eb02660eb5604ee,superseded: reviewed v0.5 is canonical; history summarized by v0.5 audit/changelog
CryptoCave-Threshold-Cryptography-v0.2-Feldman-VSS-ready/CryptoCave-Threshold-Cryptography-v0.2/tests/test_multiplication.py,1395,73747a3a2ba062e2e143d7135c2d1b0d92a53f34389eb2ceab71290239a9f2a9,superseded: reviewed v0.5 is canonical; history summarized by v0.5 audit/changelog
CryptoCave-Threshold-Cryptography-v0.2-Feldman-VSS-ready/CryptoCave-Threshold-Cryptography-v0.2/tests/test_ntt.py,591,e2576e2fa531c132516bf7dcb5d25c14452f193b5f36d30b47f1bc8c11513543,superseded: reviewed v0.5 is canonical; history summarized by v0.5 audit/changelog
CryptoCave-Threshold-Cryptography-v0.2-Feldman-VSS-ready/CryptoCave-Threshold-Cryptography-v0.2/tests/test_packed.py,1899,358e006f7d6f085abd390be1d97d1cf546ee41b65abb04d39e77c90841800745,superseded: reviewed v0.5 is canonical; history summarized by v0.5 audit/changelog
CryptoCave-Threshold-Cryptography-v0.2-Feldman-VSS-ready/CryptoCave-Threshold-Cryptography-v0.2/tests/test_robust.py,1807,e5c2a7ec9c8b497dc9c4d045267a670b77d91eb3a0bdcd514ca0d45e07ad5f19,superseded: reviewed v0.5 is canonical; history summarized by v0.5 audit/changelog
CryptoCave-Threshold-Cryptography-v0.2-Feldman-VSS-ready/CryptoCave-Threshold-Cryptography-v0.2/tests/test_shamir.py,2507,98d6324bd53d55c37557ffcb2b6caa58fb4770454785923b2059f563977cb4e1,superseded: reviewed v0.5 is canonical; history summarized by v0.5 audit/changelog
CryptoCave-Threshold-Cryptography-v0.2-Feldman-VSS-ready/CryptoCave-Threshold-Cryptography-v0.2/tests/__init__.py,323,bd50de60a9d360cfe154f387ff7d5569d52f02bcffb2e39468a6d0fd382b32a5,superseded: reviewed v0.5 is canonical; history summarized by v0.5 audit/changelog
CryptoCave-Threshold-Cryptography-v0.2-Feldman-VSS-ready/CryptoCave-Threshold-Cryptography-v0.2/VALIDATION.md,1836,cfd0288c1c4625e8e23af722eb02b6bfed627f01a915fe38e4118e4302db06ce,superseded: reviewed v0.5 is canonical; history summarized by v0.5 audit/changelog
CryptoCave-Threshold-Cryptography-v0.3-Pedersen-VSS-ready/CryptoCave-Threshold-Cryptography-v0.3/.gitignore,70,c08a91fae6c6ae90b1070b455144acdecedaf95fc97d9f7f6659c286eb05ac70,superseded: reviewed v0.5 is canonical; history summarized by v0.5 audit/changelog
CryptoCave-Threshold-Cryptography-v0.3-Pedersen-VSS-ready/CryptoCave-Threshold-Cryptography-v0.3/ARCHIVE_AUDIT.md,2392,3b5112978978495ec351cba022b147a2061516d6911212c0823cd608a586d759,superseded: reviewed v0.5 is canonical; history summarized by v0.5 audit/changelog
CryptoCave-Threshold-Cryptography-v0.3-Pedersen-VSS-ready/CryptoCave-Threshold-Cryptography-v0.3/CHANGELOG.md,3120,675818a104f27134fe689d625dda40c9df108eb78c7e888c2715d2861ff481a4,superseded: reviewed v0.5 is canonical; history summarized by v0.5 audit/changelog
CryptoCave-Threshold-Cryptography-v0.3-Pedersen-VSS-ready/CryptoCave-Threshold-Cryptography-v0.3/cryptocave_sss/additive.py,4343,84a301105fcc81185af380ca87f8ef5411e68912a6f988bbcd4904056e6b9866,superseded: reviewed v0.5 is canonical; history summarized by v0.5 audit/changelog
CryptoCave-Threshold-Cryptography-v0.3-Pedersen-VSS-ready/CryptoCave-Threshold-Cryptography-v0.3/cryptocave_sss/feldman.py,10806,abeca91071144b028d1d0d4550f6c2453c8bb3e98276b5fde40064e663d4b3a4,superseded: reviewed v0.5 is canonical; history summarized by v0.5 audit/changelog
CryptoCave-Threshold-Cryptography-v0.3-Pedersen-VSS-ready/CryptoCave-Threshold-Cryptography-v0.3/cryptocave_sss/field.py,2643,96d9be36c8a019f958aa7ec1b97f471e8773726d63c5f1a99b91a253f3c9a21c,superseded: reviewed v0.5 is canonical; history summarized by v0.5 audit/changelog
CryptoCave-Threshold-Cryptography-v0.3-Pedersen-VSS-ready/CryptoCave-Threshold-Cryptography-v0.3/cryptocave_sss/mpc.py,2256,045aebd19400f31299d41a3c1f57b0130b72255050c270234e2e8417042122f8,superseded: reviewed v0.5 is canonical; history summarized by v0.5 audit/changelog
CryptoCave-Threshold-Cryptography-v0.3-Pedersen-VSS-ready/CryptoCave-Threshold-Cryptography-v0.3/cryptocave_sss/ntt.py,2192,5b352b24cda9674c21365b34f8e4443f54d08aae38b253a5342a0d14671fa3d3,superseded: reviewed v0.5 is canonical; history summarized by v0.5 audit/changelog
CryptoCave-Threshold-Cryptography-v0.3-Pedersen-VSS-ready/CryptoCave-Threshold-Cryptography-v0.3/cryptocave_sss/packed.py,9633,9bf2b00cf6ca9ad8fb4ad1a4fe1c03779e8b8841906f8bf7b121f494178d4035,superseded: reviewed v0.5 is canonical; history summarized by v0.5 audit/changelog
CryptoCave-Threshold-Cryptography-v0.3-Pedersen-VSS-ready/CryptoCave-Threshold-Cryptography-v0.3/cryptocave_sss/pedersen.py,13194,329e40a018fab866242bca009faaeebf443e7cc66c4c1a31d35db76a6ca649bf,superseded: reviewed v0.5 is canonical; history summarized by v0.5 audit/changelog
CryptoCave-Threshold-Cryptography-v0.3-Pedersen-VSS-ready/CryptoCave-Threshold-Cryptography-v0.3/cryptocave_sss/polynomial.py,5537,9530fe1635e20fac60bdd5b2572928a0edee6cb1674b1475e042699b4ce9e39b,superseded: reviewed v0.5 is canonical; history summarized by v0.5 audit/changelog
CryptoCave-Threshold-Cryptography-v0.3-Pedersen-VSS-ready/CryptoCave-Threshold-Cryptography-v0.3/cryptocave_sss/robust.py,4432,7d4a6dcdf1f20403fa314195057c7289d52ea61f542442de5a74cb848ee5bceb,superseded: reviewed v0.5 is canonical; history summarized by v0.5 audit/changelog
CryptoCave-Threshold-Cryptography-v0.3-Pedersen-VSS-ready/CryptoCave-Threshold-Cryptography-v0.3/cryptocave_sss/shamir.py,9862,facc0466a6a0c421ea23bc655a3b9e3e1a644cb83fb9469f9d1d0f12f11aa404,superseded: reviewed v0.5 is canonical; history summarized by v0.5 audit/changelog
CryptoCave-Threshold-Cryptography-v0.3-Pedersen-VSS-ready/CryptoCave-Threshold-Cryptography-v0.3/cryptocave_sss/vss_session.py,16823,6bd729169cf23f1c89345559d7cc347d6f3c73a8c616f8b55f6a32b8bc5a8004,superseded: reviewed v0.5 is canonical; history summarized by v0.5 audit/changelog
CryptoCave-Threshold-Cryptography-v0.3-Pedersen-VSS-ready/CryptoCave-Threshold-Cryptography-v0.3/cryptocave_sss/__init__.py,4114,599ffc84fe21ce104b556665fdde8cdfcad5a06f59c46443508141daebc11355,superseded: reviewed v0.5 is canonical; history summarized by v0.5 audit/changelog
CryptoCave-Threshold-Cryptography-v0.3-Pedersen-VSS-ready/CryptoCave-Threshold-Cryptography-v0.3/cryptocave_sss/__pycache__/additive.cpython-39.pyc,5774,6392f800ed7681b3d5101e70f5d1271cceb3dbcf5d3ce0c3a8879c2ea42a0979,discarded: generated cache artifact
CryptoCave-Threshold-Cryptography-v0.3-Pedersen-VSS-ready/CryptoCave-Threshold-Cryptography-v0.3/cryptocave_sss/__pycache__/feldman.cpython-39.pyc,11971,af17fe5c8716172b061ab2fad6ecfa90678ddee42a2523e9a32fde29b06b3436,discarded: generated cache artifact
CryptoCave-Threshold-Cryptography-v0.3-Pedersen-VSS-ready/CryptoCave-Threshold-Cryptography-v0.3/cryptocave_sss/__pycache__/field.cpython-39.pyc,2898,c2ee68af0adf3ddb67898689fcdd858f582cfd227d8b25c3b9269b0d64e99570,discarded: generated cache artifact
CryptoCave-Threshold-Cryptography-v0.3-Pedersen-VSS-ready/CryptoCave-Threshold-Cryptography-v0.3/cryptocave_sss/__pycache__/mpc.cpython-39.pyc,2616,a85324e47981c7acc53a636e1353eb7ed2756407ce98d3d58a893b3515494c3f,discarded: generated cache artifact
CryptoCave-Threshold-Cryptography-v0.3-Pedersen-VSS-ready/CryptoCave-Threshold-Cryptography-v0.3/cryptocave_sss/__pycache__/packed.cpython-39.pyc,11079,76e03fa9510582a285229ec4765d498e33b1b9758db60f3d07903b851f745ff7,discarded: generated cache artifact
CryptoCave-Threshold-Cryptography-v0.3-Pedersen-VSS-ready/CryptoCave-Threshold-Cryptography-v0.3/cryptocave_sss/__pycache__/pedersen.cpython-39.pyc,14245,0dcd6e68fe9cbbde902dc9bcb5ff9aa28b23690f7b0fd79dd6d52f44ee9ef5fc,discarded: generated cache artifact
CryptoCave-Threshold-Cryptography-v0.3-Pedersen-VSS-ready/CryptoCave-Threshold-Cryptography-v0.3/cryptocave_sss/__pycache__/polynomial.cpython-39.pyc,6005,6a437a1ac38aad7d2df34c703de0036afdaa4e60a081e5b8bed74cb42f9251ac,discarded: generated cache artifact
CryptoCave-Threshold-Cryptography-v0.3-Pedersen-VSS-ready/CryptoCave-Threshold-Cryptography-v0.3/cryptocave_sss/__pycache__/robust.cpython-39.pyc,5050,533eca4cded7479e876dc78830db274c8eabc12194781ff0535a62c9b3df4458,discarded: generated cache artifact
CryptoCave-Threshold-Cryptography-v0.3-Pedersen-VSS-ready/CryptoCave-Threshold-Cryptography-v0.3/cryptocave_sss/__pycache__/shamir.cpython-39.pyc,11591,066e5637d0dc3420b6a73645bb47bb8f6c20886d1020d074f55c2036fa3dd7fc,discarded: generated cache artifact
CryptoCave-Threshold-Cryptography-v0.3-Pedersen-VSS-ready/CryptoCave-Threshold-Cryptography-v0.3/cryptocave_sss/__pycache__/vss_session.cpython-39.pyc,14694,934611536582f707c731faac4db2a66f4fd42ce49631ef866d7a3f1edfe029df,discarded: generated cache artifact
CryptoCave-Threshold-Cryptography-v0.3-Pedersen-VSS-ready/CryptoCave-Threshold-Cryptography-v0.3/cryptocave_sss/__pycache__/__init__.cpython-39.pyc,2657,317455f9d9600bd8cc13fb18ae853ac241e5fb87dc31b6c166e8fbc5ea9ad358,discarded: generated cache artifact
CryptoCave-Threshold-Cryptography-v0.3-Pedersen-VSS-ready/CryptoCave-Threshold-Cryptography-v0.3/docs/cryptocave/01-finite-fields-and-polynomials.md,2665,904ff7a9960d687c601b63becf51d22cd6f9b8ac5938f67addeec5144917cc1a,superseded: reviewed v0.5 is canonical; history summarized by v0.5 audit/changelog
CryptoCave-Threshold-Cryptography-v0.3-Pedersen-VSS-ready/CryptoCave-Threshold-Cryptography-v0.3/docs/cryptocave/02-additive-secret-sharing.md,1911,ac81b265b2cc86450fdcd9bd270fb45e08fd287e681d5e3020bacda150438b3c,superseded: reviewed v0.5 is canonical; history summarized by v0.5 audit/changelog
CryptoCave-Threshold-Cryptography-v0.3-Pedersen-VSS-ready/CryptoCave-Threshold-Cryptography-v0.3/docs/cryptocave/03-shamir-secret-sharing.md,2668,05cbab6e5a9aa5d22fa34e6d686d8e78987e07f38424c82bcfe8ec753b971591,superseded: reviewed v0.5 is canonical; history summarized by v0.5 audit/changelog
CryptoCave-Threshold-Cryptography-v0.3-Pedersen-VSS-ready/CryptoCave-Threshold-Cryptography-v0.3/docs/cryptocave/04-arithmetic-and-multiplication.md,2300,9347b75574a2adbe204f3420a67aa076988d8cffff849750f3d35cd78758e70f,superseded: reviewed v0.5 is canonical; history summarized by v0.5 audit/changelog
CryptoCave-Threshold-Cryptography-v0.3-Pedersen-VSS-ready/CryptoCave-Threshold-Cryptography-v0.3/docs/cryptocave/05-consistency-and-robust-reconstruction.md,2424,0abcebe7ab7924caa3990c5e05df5b18631b43b8536e2f79b953f25e278fcdc7,superseded: reviewed v0.5 is canonical; history summarized by v0.5 audit/changelog
CryptoCave-Threshold-Cryptography-v0.3-Pedersen-VSS-ready/CryptoCave-Threshold-Cryptography-v0.3/docs/cryptocave/06-packed-ramp-sharing-and-ntt.md,2672,f253975da05d3d0b9b22110b3961dc08c589dea40ef8c056a33dab95801adfc3,superseded: reviewed v0.5 is canonical; history summarized by v0.5 audit/changelog
CryptoCave-Threshold-Cryptography-v0.3-Pedersen-VSS-ready/CryptoCave-Threshold-Cryptography-v0.3/docs/cryptocave/07-security-boundaries-and-roadmap.md,5417,934531fb6d284c8d6be962bb53e060636fdcf6741772336ab81e6ac5b2e129d7,superseded: reviewed v0.5 is canonical; history summarized by v0.5 audit/changelog
CryptoCave-Threshold-Cryptography-v0.3-Pedersen-VSS-ready/CryptoCave-Threshold-Cryptography-v0.3/docs/cryptocave/08-from-shamir-to-vss.md,2724,54ade2292443d5470501f27a8d7136d3cfbcdedf46649db9296bd2cb18116662,superseded: reviewed v0.5 is canonical; history summarized by v0.5 audit/changelog
CryptoCave-Threshold-Cryptography-v0.3-Pedersen-VSS-ready/CryptoCave-Threshold-Cryptography-v0.3/docs/cryptocave/09-feldman-vss.md,3263,a6481fa7a9242b1a70cb928ca42dc78ee5d09c5ddaf87445e6397bf6126045d7,superseded: reviewed v0.5 is canonical; history summarized by v0.5 audit/changelog
CryptoCave-Threshold-Cryptography-v0.3-Pedersen-VSS-ready/CryptoCave-Threshold-Cryptography-v0.3/docs/cryptocave/10-vss-protocol-boundary.md,3915,c3d0bd89b9cd202bf8abc645eab73a7374fb12c2c5b3b6ea0fdf82c2c419d250,superseded: reviewed v0.5 is canonical; history summarized by v0.5 audit/changelog
CryptoCave-Threshold-Cryptography-v0.3-Pedersen-VSS-ready/CryptoCave-Threshold-Cryptography-v0.3/docs/cryptocave/11-original-vss-code-audit.md,4585,1ba2c088996fe2b9ac80b1f9f3e22eb61ce6f17d93f78023a8063ea551b767b1,superseded: reviewed v0.5 is canonical; history summarized by v0.5 audit/changelog
CryptoCave-Threshold-Cryptography-v0.3-Pedersen-VSS-ready/CryptoCave-Threshold-Cryptography-v0.3/docs/cryptocave/12-pedersen-vss.md,6777,ce42557a6210ad75e8a7786ce262572dfb338195a3778294dd3131efeeceea7b,superseded: reviewed v0.5 is canonical; history summarized by v0.5 audit/changelog
CryptoCave-Threshold-Cryptography-v0.3-Pedersen-VSS-ready/CryptoCave-Threshold-Cryptography-v0.3/docs/cryptocave/13-feldman-vs-pedersen.md,4249,eda1b0a9554574949f3773bf44a4250a7236a9de8ac58a8baa6763c9e4eb5927,superseded: reviewed v0.5 is canonical; history summarized by v0.5 audit/changelog
CryptoCave-Threshold-Cryptography-v0.3-Pedersen-VSS-ready/CryptoCave-Threshold-Cryptography-v0.3/docs/cryptocave/14-vss-session-and-broadcast.md,5305,d653d3c262a0d44d39acbfe6ed162cadf2d804c650b9274a97d734db82d28a3b,superseded: reviewed v0.5 is canonical; history summarized by v0.5 audit/changelog
CryptoCave-Threshold-Cryptography-v0.3-Pedersen-VSS-ready/CryptoCave-Threshold-Cryptography-v0.3/docs/cryptocave/15-complaints-qualification-and-abort.md,5362,a121c8d845edbbd592e69d3e140a990b5761a028151ebb5e85e5d8261a8b902e,superseded: reviewed v0.5 is canonical; history summarized by v0.5 audit/changelog
CryptoCave-Threshold-Cryptography-v0.3-Pedersen-VSS-ready/CryptoCave-Threshold-Cryptography-v0.3/docs/cryptocave/16-version-03-security-boundary.md,5012,cc9e783437e73db453ad1d6aa8b80df53a4874ca779d1e386a1d06f341227983,superseded: reviewed v0.5 is canonical; history summarized by v0.5 audit/changelog
CryptoCave-Threshold-Cryptography-v0.3-Pedersen-VSS-ready/CryptoCave-Threshold-Cryptography-v0.3/docs/cryptocave/README.md,3382,9eda595193a50e9e59a9d0ef90b2eb551f6875c67183a86f6138b748fdf349e2,superseded: reviewed v0.5 is canonical; history summarized by v0.5 audit/changelog
CryptoCave-Threshold-Cryptography-v0.3-Pedersen-VSS-ready/CryptoCave-Threshold-Cryptography-v0.3/docs/cryptocave/references.md,2511,1fad267af8b9875aa13351e337b30cf7c55eac539321c07aeb3259bc8ae1cca2,superseded: reviewed v0.5 is canonical; history summarized by v0.5 audit/changelog
CryptoCave-Threshold-Cryptography-v0.3-Pedersen-VSS-ready/CryptoCave-Threshold-Cryptography-v0.3/examples/additive_demo.py,1508,58086722a705549fe2c0ac36a2beec027ba0a34b668f0018a7ee8dad10ef8656,superseded: reviewed v0.5 is canonical; history summarized by v0.5 audit/changelog
CryptoCave-Threshold-Cryptography-v0.3-Pedersen-VSS-ready/CryptoCave-Threshold-Cryptography-v0.3/examples/arithmetic_demo.py,1355,657f9c852bb502b894ef5946e51521981b40711b1f65ae0051917d9c5753e88b,superseded: reviewed v0.5 is canonical; history summarized by v0.5 audit/changelog
CryptoCave-Threshold-Cryptography-v0.3-Pedersen-VSS-ready/CryptoCave-Threshold-Cryptography-v0.3/examples/feldman_demo.py,1224,0254b3081da2b2782e1da3caceaff7b0fa3733ce282d42af58c66fee42f41e63,superseded: reviewed v0.5 is canonical; history summarized by v0.5 audit/changelog
CryptoCave-Threshold-Cryptography-v0.3-Pedersen-VSS-ready/CryptoCave-Threshold-Cryptography-v0.3/examples/feldman_leakage_demo.py,1176,152a6ccb5f0667a9f79fe308c7daafdead4300e40b1a2c65b5194b7e45d152df,superseded: reviewed v0.5 is canonical; history summarized by v0.5 audit/changelog
CryptoCave-Threshold-Cryptography-v0.3-Pedersen-VSS-ready/CryptoCave-Threshold-Cryptography-v0.3/examples/feldman_tampering_demo.py,1533,41adb8825c096697cb82291b9ced22f3812203ca04e22134330b2e74d00e17df,superseded: reviewed v0.5 is canonical; history summarized by v0.5 audit/changelog
CryptoCave-Threshold-Cryptography-v0.3-Pedersen-VSS-ready/CryptoCave-Threshold-Cryptography-v0.3/examples/ntt_demo.py,579,2f7c9a1e0c3f9d960c40402931f4be86c9d0cbaa3ee7d8752125069bded6afa6,superseded: reviewed v0.5 is canonical; history summarized by v0.5 audit/changelog
CryptoCave-Threshold-Cryptography-v0.3-Pedersen-VSS-ready/CryptoCave-Threshold-Cryptography-v0.3/examples/packed_demo.py,1067,2bd7f5cc3029a58c8f3d302c755c67decda73cdc98f77e13c920e2615701054c,superseded: reviewed v0.5 is canonical; history summarized by v0.5 audit/changelog
CryptoCave-Threshold-Cryptography-v0.3-Pedersen-VSS-ready/CryptoCave-Threshold-Cryptography-v0.3/examples/pedersen_demo.py,1185,d71eeabdb0c9ee1ae39eb1ba46e4ccd1cc9a6c39a4cb6594f876e0c856d70459,superseded: reviewed v0.5 is canonical; history summarized by v0.5 audit/changelog
CryptoCave-Threshold-Cryptography-v0.3-Pedersen-VSS-ready/CryptoCave-Threshold-Cryptography-v0.3/examples/pedersen_hiding_demo.py,1516,635e41b63d05f8e76ad63696765ce98f61ad11823bc1042065f413187262838c,superseded: reviewed v0.5 is canonical; history summarized by v0.5 audit/changelog
CryptoCave-Threshold-Cryptography-v0.3-Pedersen-VSS-ready/CryptoCave-Threshold-Cryptography-v0.3/examples/pedersen_toy_trapdoor_demo.py,1146,8e125605cf1925fe36e3a097eb0cff033c8600da422e60f893111134649a87cc,superseded: reviewed v0.5 is canonical; history summarized by v0.5 audit/changelog
CryptoCave-Threshold-Cryptography-v0.3-Pedersen-VSS-ready/CryptoCave-Threshold-Cryptography-v0.3/examples/robust_demo.py,1094,ffa5ace64a247189d70b2759ff4a4c88201935a1e0b9792d12cb84f1cf2c0f03,superseded: reviewed v0.5 is canonical; history summarized by v0.5 audit/changelog
CryptoCave-Threshold-Cryptography-v0.3-Pedersen-VSS-ready/CryptoCave-Threshold-Cryptography-v0.3/examples/run_all.py,826,98e41c4d5591e0b02f27c79d319eb2e6aa0fdbb176a61158d25aa31df6098600,superseded: reviewed v0.5 is canonical; history summarized by v0.5 audit/changelog
CryptoCave-Threshold-Cryptography-v0.3-Pedersen-VSS-ready/CryptoCave-Threshold-Cryptography-v0.3/examples/shamir_demo.py,996,2c0e2d77c35c72f5b4388208eaaa62af12f37925c6c67fd8e659939670cbbd6b,superseded: reviewed v0.5 is canonical; history summarized by v0.5 audit/changelog
CryptoCave-Threshold-Cryptography-v0.3-Pedersen-VSS-ready/CryptoCave-Threshold-Cryptography-v0.3/examples/vss_abort_demo.py,1050,ca0e8fa1a07ab459ef0a68898d9b9e302e8836ec9a049027f88164c92f84ba0d,superseded: reviewed v0.5 is canonical; history summarized by v0.5 audit/changelog
CryptoCave-Threshold-Cryptography-v0.3-Pedersen-VSS-ready/CryptoCave-Threshold-Cryptography-v0.3/examples/vss_complaint_demo.py,1322,9c89f66b6c70fc8613b975125ae4fe15f04d14a8a3278e075b636963f0c93ff9,superseded: reviewed v0.5 is canonical; history summarized by v0.5 audit/changelog
CryptoCave-Threshold-Cryptography-v0.3-Pedersen-VSS-ready/CryptoCave-Threshold-Cryptography-v0.3/examples/vss_session_demo.py,1034,ebcb49a6be2add33490297122074f5d7f07d1f5dba11d4290a46c06cf9d032a3,superseded: reviewed v0.5 is canonical; history summarized by v0.5 audit/changelog
CryptoCave-Threshold-Cryptography-v0.3-Pedersen-VSS-ready/CryptoCave-Threshold-Cryptography-v0.3/examples/__init__.py,205,f6450834a6d67de9c77ef211ba57d2f3564004aa53fb2b8cc1bfbbbffa7972af,superseded: reviewed v0.5 is canonical; history summarized by v0.5 audit/changelog
CryptoCave-Threshold-Cryptography-v0.3-Pedersen-VSS-ready/CryptoCave-Threshold-Cryptography-v0.3/INTEGRATION.md,1623,84db9f9a6e987261ebcdcb1db136c74e195c28b918f757c5e124d0ee2845c003,superseded: reviewed v0.5 is canonical; history summarized by v0.5 audit/changelog
CryptoCave-Threshold-Cryptography-v0.3-Pedersen-VSS-ready/CryptoCave-Threshold-Cryptography-v0.3/legacy/README.md,1251,0ced454f1c65d12be2dbe16c6e6d4b788607d969fccda6bce172b8f76b55550f,superseded: reviewed v0.5 is canonical; history summarized by v0.5 audit/changelog
CryptoCave-Threshold-Cryptography-v0.3-Pedersen-VSS-ready/CryptoCave-Threshold-Cryptography-v0.3/legacy/vss-example-source-sanitized/exampleVSS.py,2183,d6ec9a5973e93265b8ce1125d11fc65f7d65e5c0eb77876e14a0a74e45b4493e,superseded: reviewed v0.5 is canonical; history summarized by v0.5 audit/changelog
CryptoCave-Threshold-Cryptography-v0.3-Pedersen-VSS-ready/CryptoCave-Threshold-Cryptography-v0.3/legacy/vss-example-source-sanitized/Feldman.py,2275,1383cf15ad15b21c102a1c3855033920ed531a1a34ec46b3a68c4c659e89e5aa,superseded: reviewed v0.5 is canonical; history summarized by v0.5 audit/changelog
CryptoCave-Threshold-Cryptography-v0.3-Pedersen-VSS-ready/CryptoCave-Threshold-Cryptography-v0.3/legacy/vss-example-source-sanitized/main.py,2783,7a83ba920b02ac3561688704f7e6da76925ddfc2c13c7804eedbf37f573b270e,superseded: reviewed v0.5 is canonical; history summarized by v0.5 audit/changelog
CryptoCave-Threshold-Cryptography-v0.3-Pedersen-VSS-ready/CryptoCave-Threshold-Cryptography-v0.3/legacy/vss-example-source-sanitized/mainKZG.py,3549,8eb87ea5a159c7630b96b228a3fcbe3bfcd3e3cedb5fbfcf423ab3e971297de9,superseded: reviewed v0.5 is canonical; history summarized by v0.5 audit/changelog
CryptoCave-Threshold-Cryptography-v0.3-Pedersen-VSS-ready/CryptoCave-Threshold-Cryptography-v0.3/legacy/vss-example-source-sanitized/PVSS-feldman.py,2901,df00bc42b2f4999e5d1a8c301d5e00254a9bac7a353dabf5c9d60d988b52a159,superseded: reviewed v0.5 is canonical; history summarized by v0.5 audit/changelog
CryptoCave-Threshold-Cryptography-v0.3-Pedersen-VSS-ready/CryptoCave-Threshold-Cryptography-v0.3/legacy/vss-example-source-sanitized/vss.py,2454,55c236d20b065439febb7f6f9b6a4ef3677b2dd5f70a0b0cb075889116eeac5a,superseded: reviewed v0.5 is canonical; history summarized by v0.5 audit/changelog
CryptoCave-Threshold-Cryptography-v0.3-Pedersen-VSS-ready/CryptoCave-Threshold-Cryptography-v0.3/legacy/vss-example-source-sanitized/vssKZG.py,1545,7dd977141b7246d8333b89bfb8035777ead54dfc4bebbe2e89f96c2420cbf75a,superseded: reviewed v0.5 is canonical; history summarized by v0.5 audit/changelog
CryptoCave-Threshold-Cryptography-v0.3-Pedersen-VSS-ready/CryptoCave-Threshold-Cryptography-v0.3/pyproject.toml,484,44867a6a65208e05b294070fc2881b761cc9ac5c44131f7586f447895b5ca5ed,superseded: reviewed v0.5 is canonical; history summarized by v0.5 audit/changelog
CryptoCave-Threshold-Cryptography-v0.3-Pedersen-VSS-ready/CryptoCave-Threshold-Cryptography-v0.3/README.md,6644,f94cd6341358e3dd091aaaa94a5519e65cea2349a164b880232957cb1a08c349,superseded: reviewed v0.5 is canonical; history summarized by v0.5 audit/changelog
CryptoCave-Threshold-Cryptography-v0.3-Pedersen-VSS-ready/CryptoCave-Threshold-Cryptography-v0.3/RUNNING_EACH_FILE.md,2012,2da1eaff11e37d2e92d3c4c12a202f669b2887dceff1f9ae94dd3c6e10a08382,superseded: reviewed v0.5 is canonical; history summarized by v0.5 audit/changelog
CryptoCave-Threshold-Cryptography-v0.3-Pedersen-VSS-ready/CryptoCave-Threshold-Cryptography-v0.3/SECURITY.md,3523,77b4e02b33cc1376cbc79780e3c7daf6dff3383212a0674218d4ec96d6dcae88,superseded: reviewed v0.5 is canonical; history summarized by v0.5 audit/changelog
CryptoCave-Threshold-Cryptography-v0.3-Pedersen-VSS-ready/CryptoCave-Threshold-Cryptography-v0.3/tests/test_additive.py,1379,349d1755ea9cac977431ca0aca80e1ca5d72cfaf54ea89aa0161a01115a881ad,superseded: reviewed v0.5 is canonical; history summarized by v0.5 audit/changelog
CryptoCave-Threshold-Cryptography-v0.3-Pedersen-VSS-ready/CryptoCave-Threshold-Cryptography-v0.3/tests/test_feldman.py,6625,4e44f919ca263d5837f5686b5e1e856dc636a76423442ddd2447bc269b891d6f,superseded: reviewed v0.5 is canonical; history summarized by v0.5 audit/changelog
CryptoCave-Threshold-Cryptography-v0.3-Pedersen-VSS-ready/CryptoCave-Threshold-Cryptography-v0.3/tests/test_field_and_polynomial.py,1416,5678a6cebc940e24fa3005ca7ff78c89b544b0da229902a13eb02660eb5604ee,superseded: reviewed v0.5 is canonical; history summarized by v0.5 audit/changelog
CryptoCave-Threshold-Cryptography-v0.3-Pedersen-VSS-ready/CryptoCave-Threshold-Cryptography-v0.3/tests/test_multiplication.py,1395,73747a3a2ba062e2e143d7135c2d1b0d92a53f34389eb2ceab71290239a9f2a9,superseded: reviewed v0.5 is canonical; history summarized by v0.5 audit/changelog
CryptoCave-Threshold-Cryptography-v0.3-Pedersen-VSS-ready/CryptoCave-Threshold-Cryptography-v0.3/tests/test_ntt.py,591,e2576e2fa531c132516bf7dcb5d25c14452f193b5f36d30b47f1bc8c11513543,superseded: reviewed v0.5 is canonical; history summarized by v0.5 audit/changelog
CryptoCave-Threshold-Cryptography-v0.3-Pedersen-VSS-ready/CryptoCave-Threshold-Cryptography-v0.3/tests/test_packed.py,1899,358e006f7d6f085abd390be1d97d1cf546ee41b65abb04d39e77c90841800745,superseded: reviewed v0.5 is canonical; history summarized by v0.5 audit/changelog
CryptoCave-Threshold-Cryptography-v0.3-Pedersen-VSS-ready/CryptoCave-Threshold-Cryptography-v0.3/tests/test_pedersen.py,7955,ac0151ffc2383095e25e767a19100f44a5c9952e6d654626e4d53499c3e567bb,superseded: reviewed v0.5 is canonical; history summarized by v0.5 audit/changelog
CryptoCave-Threshold-Cryptography-v0.3-Pedersen-VSS-ready/CryptoCave-Threshold-Cryptography-v0.3/tests/test_robust.py,1807,e5c2a7ec9c8b497dc9c4d045267a670b77d91eb3a0bdcd514ca0d45e07ad5f19,superseded: reviewed v0.5 is canonical; history summarized by v0.5 audit/changelog
CryptoCave-Threshold-Cryptography-v0.3-Pedersen-VSS-ready/CryptoCave-Threshold-Cryptography-v0.3/tests/test_shamir.py,2507,98d6324bd53d55c37557ffcb2b6caa58fb4770454785923b2059f563977cb4e1,superseded: reviewed v0.5 is canonical; history summarized by v0.5 audit/changelog
CryptoCave-Threshold-Cryptography-v0.3-Pedersen-VSS-ready/CryptoCave-Threshold-Cryptography-v0.3/tests/test_vss_session.py,8914,a5ac4adcadb5779a4871116cf7d7ae92f82af4ffe12de17e6587c69f39009f14,superseded: reviewed v0.5 is canonical; history summarized by v0.5 audit/changelog
CryptoCave-Threshold-Cryptography-v0.3-Pedersen-VSS-ready/CryptoCave-Threshold-Cryptography-v0.3/tests/__init__.py,323,bd50de60a9d360cfe154f387ff7d5569d52f02bcffb2e39468a6d0fd382b32a5,superseded: reviewed v0.5 is canonical; history summarized by v0.5 audit/changelog
CryptoCave-Threshold-Cryptography-v0.3-Pedersen-VSS-ready/CryptoCave-Threshold-Cryptography-v0.3/VALIDATION.md,3018,61205910ffc1a1b2c7858985a9c7959eff23b8aea4ba7659af67687febcef9e2,superseded: reviewed v0.5 is canonical; history summarized by v0.5 audit/changelog
CryptoCave-Threshold-Cryptography-v0.4-DKG-ready/CryptoCave-Threshold-Cryptography-v0.4/.gitignore,70,c08a91fae6c6ae90b1070b455144acdecedaf95fc97d9f7f6659c286eb05ac70,superseded: reviewed v0.5 is canonical; history summarized by v0.5 audit/changelog
CryptoCave-Threshold-Cryptography-v0.4-DKG-ready/CryptoCave-Threshold-Cryptography-v0.4/ARCHIVE_AUDIT.md,2390,58237ee14ce521e3a8e2c88770f728c034250e9434df93df41a201a2209d0fa2,superseded: reviewed v0.5 is canonical; history summarized by v0.5 audit/changelog
CryptoCave-Threshold-Cryptography-v0.4-DKG-ready/CryptoCave-Threshold-Cryptography-v0.4/CHANGELOG.md,4705,e240acc6ba6fef21df358714d5eeb94f6609f0ded233519c031478d297163891,superseded: reviewed v0.5 is canonical; history summarized by v0.5 audit/changelog
CryptoCave-Threshold-Cryptography-v0.4-DKG-ready/CryptoCave-Threshold-Cryptography-v0.4/cryptocave_sss/additive.py,4343,84a301105fcc81185af380ca87f8ef5411e68912a6f988bbcd4904056e6b9866,superseded: reviewed v0.5 is canonical; history summarized by v0.5 audit/changelog
CryptoCave-Threshold-Cryptography-v0.4-DKG-ready/CryptoCave-Threshold-Cryptography-v0.4/cryptocave_sss/dkg.py,30634,e96973a84a8cd818678827dfaac3205903356e0918f73343ec06f53ae3da9ac8,superseded: reviewed v0.5 is canonical; history summarized by v0.5 audit/changelog
CryptoCave-Threshold-Cryptography-v0.4-DKG-ready/CryptoCave-Threshold-Cryptography-v0.4/cryptocave_sss/feldman.py,10806,abeca91071144b028d1d0d4550f6c2453c8bb3e98276b5fde40064e663d4b3a4,superseded: reviewed v0.5 is canonical; history summarized by v0.5 audit/changelog
CryptoCave-Threshold-Cryptography-v0.4-DKG-ready/CryptoCave-Threshold-Cryptography-v0.4/cryptocave_sss/field.py,2643,96d9be36c8a019f958aa7ec1b97f471e8773726d63c5f1a99b91a253f3c9a21c,superseded: reviewed v0.5 is canonical; history summarized by v0.5 audit/changelog
CryptoCave-Threshold-Cryptography-v0.4-DKG-ready/CryptoCave-Threshold-Cryptography-v0.4/cryptocave_sss/mpc.py,2256,045aebd19400f31299d41a3c1f57b0130b72255050c270234e2e8417042122f8,superseded: reviewed v0.5 is canonical; history summarized by v0.5 audit/changelog
CryptoCave-Threshold-Cryptography-v0.4-DKG-ready/CryptoCave-Threshold-Cryptography-v0.4/cryptocave_sss/ntt.py,2192,5b352b24cda9674c21365b34f8e4443f54d08aae38b253a5342a0d14671fa3d3,superseded: reviewed v0.5 is canonical; history summarized by v0.5 audit/changelog
CryptoCave-Threshold-Cryptography-v0.4-DKG-ready/CryptoCave-Threshold-Cryptography-v0.4/cryptocave_sss/packed.py,9633,9bf2b00cf6ca9ad8fb4ad1a4fe1c03779e8b8841906f8bf7b121f494178d4035,superseded: reviewed v0.5 is canonical; history summarized by v0.5 audit/changelog
CryptoCave-Threshold-Cryptography-v0.4-DKG-ready/CryptoCave-Threshold-Cryptography-v0.4/cryptocave_sss/pedersen.py,14441,23d113b9280f6ecdee5b35ca3e82bc1aac44e9eb0041fa23b6558f57e24795c1,superseded: reviewed v0.5 is canonical; history summarized by v0.5 audit/changelog
CryptoCave-Threshold-Cryptography-v0.4-DKG-ready/CryptoCave-Threshold-Cryptography-v0.4/cryptocave_sss/polynomial.py,5537,9530fe1635e20fac60bdd5b2572928a0edee6cb1674b1475e042699b4ce9e39b,superseded: reviewed v0.5 is canonical; history summarized by v0.5 audit/changelog
CryptoCave-Threshold-Cryptography-v0.4-DKG-ready/CryptoCave-Threshold-Cryptography-v0.4/cryptocave_sss/robust.py,4432,7d4a6dcdf1f20403fa314195057c7289d52ea61f542442de5a74cb848ee5bceb,superseded: reviewed v0.5 is canonical; history summarized by v0.5 audit/changelog
CryptoCave-Threshold-Cryptography-v0.4-DKG-ready/CryptoCave-Threshold-Cryptography-v0.4/cryptocave_sss/shamir.py,9862,facc0466a6a0c421ea23bc655a3b9e3e1a644cb83fb9469f9d1d0f12f11aa404,superseded: reviewed v0.5 is canonical; history summarized by v0.5 audit/changelog
CryptoCave-Threshold-Cryptography-v0.4-DKG-ready/CryptoCave-Threshold-Cryptography-v0.4/cryptocave_sss/vss_session.py,16823,6bd729169cf23f1c89345559d7cc347d6f3c73a8c616f8b55f6a32b8bc5a8004,superseded: reviewed v0.5 is canonical; history summarized by v0.5 audit/changelog
CryptoCave-Threshold-Cryptography-v0.4-DKG-ready/CryptoCave-Threshold-Cryptography-v0.4/cryptocave_sss/__init__.py,5105,ed8172fd144c92e884af04e9e9af638830886a7de814640f697b1bd8759b1722,superseded: reviewed v0.5 is canonical; history summarized by v0.5 audit/changelog
CryptoCave-Threshold-Cryptography-v0.4-DKG-ready/CryptoCave-Threshold-Cryptography-v0.4/docs/cryptocave/01-finite-fields-and-polynomials.md,2665,904ff7a9960d687c601b63becf51d22cd6f9b8ac5938f67addeec5144917cc1a,superseded: reviewed v0.5 is canonical; history summarized by v0.5 audit/changelog
CryptoCave-Threshold-Cryptography-v0.4-DKG-ready/CryptoCave-Threshold-Cryptography-v0.4/docs/cryptocave/02-additive-secret-sharing.md,1911,ac81b265b2cc86450fdcd9bd270fb45e08fd287e681d5e3020bacda150438b3c,superseded: reviewed v0.5 is canonical; history summarized by v0.5 audit/changelog
CryptoCave-Threshold-Cryptography-v0.4-DKG-ready/CryptoCave-Threshold-Cryptography-v0.4/docs/cryptocave/03-shamir-secret-sharing.md,2668,05cbab6e5a9aa5d22fa34e6d686d8e78987e07f38424c82bcfe8ec753b971591,superseded: reviewed v0.5 is canonical; history summarized by v0.5 audit/changelog
CryptoCave-Threshold-Cryptography-v0.4-DKG-ready/CryptoCave-Threshold-Cryptography-v0.4/docs/cryptocave/04-arithmetic-and-multiplication.md,2300,9347b75574a2adbe204f3420a67aa076988d8cffff849750f3d35cd78758e70f,superseded: reviewed v0.5 is canonical; history summarized by v0.5 audit/changelog
CryptoCave-Threshold-Cryptography-v0.4-DKG-ready/CryptoCave-Threshold-Cryptography-v0.4/docs/cryptocave/05-consistency-and-robust-reconstruction.md,2424,0abcebe7ab7924caa3990c5e05df5b18631b43b8536e2f79b953f25e278fcdc7,superseded: reviewed v0.5 is canonical; history summarized by v0.5 audit/changelog
CryptoCave-Threshold-Cryptography-v0.4-DKG-ready/CryptoCave-Threshold-Cryptography-v0.4/docs/cryptocave/06-packed-ramp-sharing-and-ntt.md,2672,f253975da05d3d0b9b22110b3961dc08c589dea40ef8c056a33dab95801adfc3,superseded: reviewed v0.5 is canonical; history summarized by v0.5 audit/changelog
CryptoCave-Threshold-Cryptography-v0.4-DKG-ready/CryptoCave-Threshold-Cryptography-v0.4/docs/cryptocave/07-security-boundaries-and-roadmap.md,5791,1211b943148c6b65c80a5dd2046d842cea7defb51bc1606e1acd4ce1d7b40b77,superseded: reviewed v0.5 is canonical; history summarized by v0.5 audit/changelog
CryptoCave-Threshold-Cryptography-v0.4-DKG-ready/CryptoCave-Threshold-Cryptography-v0.4/docs/cryptocave/08-from-shamir-to-vss.md,2724,54ade2292443d5470501f27a8d7136d3cfbcdedf46649db9296bd2cb18116662,superseded: reviewed v0.5 is canonical; history summarized by v0.5 audit/changelog
CryptoCave-Threshold-Cryptography-v0.4-DKG-ready/CryptoCave-Threshold-Cryptography-v0.4/docs/cryptocave/09-feldman-vss.md,3263,a6481fa7a9242b1a70cb928ca42dc78ee5d09c5ddaf87445e6397bf6126045d7,superseded: reviewed v0.5 is canonical; history summarized by v0.5 audit/changelog
CryptoCave-Threshold-Cryptography-v0.4-DKG-ready/CryptoCave-Threshold-Cryptography-v0.4/docs/cryptocave/10-vss-protocol-boundary.md,3915,c3d0bd89b9cd202bf8abc645eab73a7374fb12c2c5b3b6ea0fdf82c2c419d250,superseded: reviewed v0.5 is canonical; history summarized by v0.5 audit/changelog
CryptoCave-Threshold-Cryptography-v0.4-DKG-ready/CryptoCave-Threshold-Cryptography-v0.4/docs/cryptocave/11-original-vss-code-audit.md,4726,344c956e34a1d6e2a7e6b355b0afa3955e7cd7de74109c56bec5a37aaa453514,superseded: reviewed v0.5 is canonical; history summarized by v0.5 audit/changelog
CryptoCave-Threshold-Cryptography-v0.4-DKG-ready/CryptoCave-Threshold-Cryptography-v0.4/docs/cryptocave/12-pedersen-vss.md,6777,ce42557a6210ad75e8a7786ce262572dfb338195a3778294dd3131efeeceea7b,superseded: reviewed v0.5 is canonical; history summarized by v0.5 audit/changelog
CryptoCave-Threshold-Cryptography-v0.4-DKG-ready/CryptoCave-Threshold-Cryptography-v0.4/docs/cryptocave/13-feldman-vs-pedersen.md,4249,eda1b0a9554574949f3773bf44a4250a7236a9de8ac58a8baa6763c9e4eb5927,superseded: reviewed v0.5 is canonical; history summarized by v0.5 audit/changelog
CryptoCave-Threshold-Cryptography-v0.4-DKG-ready/CryptoCave-Threshold-Cryptography-v0.4/docs/cryptocave/14-vss-session-and-broadcast.md,5305,d653d3c262a0d44d39acbfe6ed162cadf2d804c650b9274a97d734db82d28a3b,superseded: reviewed v0.5 is canonical; history summarized by v0.5 audit/changelog
CryptoCave-Threshold-Cryptography-v0.4-DKG-ready/CryptoCave-Threshold-Cryptography-v0.4/docs/cryptocave/15-complaints-qualification-and-abort.md,5362,a121c8d845edbbd592e69d3e140a990b5761a028151ebb5e85e5d8261a8b902e,superseded: reviewed v0.5 is canonical; history summarized by v0.5 audit/changelog
CryptoCave-Threshold-Cryptography-v0.4-DKG-ready/CryptoCave-Threshold-Cryptography-v0.4/docs/cryptocave/16-version-03-security-boundary.md,5043,3d7b671168a7925d8a195e063a49a41c2d552ffc2fcd56edba483d858be98af2,superseded: reviewed v0.5 is canonical; history summarized by v0.5 audit/changelog
CryptoCave-Threshold-Cryptography-v0.4-DKG-ready/CryptoCave-Threshold-Cryptography-v0.4/docs/cryptocave/17-from-vss-to-dkg.md,4717,723a9c3578f6d3ae2f3ffad697514d915d06781a3f256768264875200ce09767,superseded: reviewed v0.5 is canonical; history summarized by v0.5 audit/changelog
CryptoCave-Threshold-Cryptography-v0.4-DKG-ready/CryptoCave-Threshold-Cryptography-v0.4/docs/cryptocave/18-multi-dealer-dkg.md,4779,eada32af2c8350fb53bfbf9bb1d0a48ca9c74235c295783560d02b963c8e2d96,superseded: reviewed v0.5 is canonical; history summarized by v0.5 audit/changelog
CryptoCave-Threshold-Cryptography-v0.4-DKG-ready/CryptoCave-Threshold-Cryptography-v0.4/docs/cryptocave/19-dkg-qualification-and-public-key.md,3790,f322e5258c7d4efedf4c5235785898a0e051d2fcc17310a682ba4de19d2982ae,superseded: reviewed v0.5 is canonical; history summarized by v0.5 audit/changelog
CryptoCave-Threshold-Cryptography-v0.4-DKG-ready/CryptoCave-Threshold-Cryptography-v0.4/docs/cryptocave/20-dkg-failure-cases.md,4626,6fc0b94fae6e774379c19e8b79f491c6433ce9cf11506f11384fc1047368a5ef,superseded: reviewed v0.5 is canonical; history summarized by v0.5 audit/changelog
CryptoCave-Threshold-Cryptography-v0.4-DKG-ready/CryptoCave-Threshold-Cryptography-v0.4/docs/cryptocave/21-version-04-security-boundary.md,4664,2f0c2571b6d6d7bc37f5a4b931a97fed562eb7835732c07c2e0f68a69bef275a,superseded: reviewed v0.5 is canonical; history summarized by v0.5 audit/changelog
CryptoCave-Threshold-Cryptography-v0.4-DKG-ready/CryptoCave-Threshold-Cryptography-v0.4/docs/cryptocave/README.md,3908,8b7ec68f245414553a97a4b89e6470e4ddcf7868b2bbcfded39a7962d4d42f78,superseded: reviewed v0.5 is canonical; history summarized by v0.5 audit/changelog
CryptoCave-Threshold-Cryptography-v0.4-DKG-ready/CryptoCave-Threshold-Cryptography-v0.4/docs/cryptocave/references.md,2799,2125a82958dee4115bd457a30b02a0f5c1ea7a68545d5d5c7b5e066994747280,superseded: reviewed v0.5 is canonical; history summarized by v0.5 audit/changelog
CryptoCave-Threshold-Cryptography-v0.4-DKG-ready/CryptoCave-Threshold-Cryptography-v0.4/examples/additive_demo.py,1508,58086722a705549fe2c0ac36a2beec027ba0a34b668f0018a7ee8dad10ef8656,superseded: reviewed v0.5 is canonical; history summarized by v0.5 audit/changelog
CryptoCave-Threshold-Cryptography-v0.4-DKG-ready/CryptoCave-Threshold-Cryptography-v0.4/examples/arithmetic_demo.py,1355,657f9c852bb502b894ef5946e51521981b40711b1f65ae0051917d9c5753e88b,superseded: reviewed v0.5 is canonical; history summarized by v0.5 audit/changelog
CryptoCave-Threshold-Cryptography-v0.4-DKG-ready/CryptoCave-Threshold-Cryptography-v0.4/examples/dkg_audit_demo.py,1186,755cf067c8fa9fa7b44d502d05090954312c6f93da1ed0165a58a590c33cc31b,superseded: reviewed v0.5 is canonical; history summarized by v0.5 audit/changelog
CryptoCave-Threshold-Cryptography-v0.4-DKG-ready/CryptoCave-Threshold-Cryptography-v0.4/examples/dkg_bad_dealer_demo.py,1486,be533d581ecadba9fb1a1f59fdda06b55652432394316d63dfd7dad0e8e53aeb,superseded: reviewed v0.5 is canonical; history summarized by v0.5 audit/changelog
CryptoCave-Threshold-Cryptography-v0.4-DKG-ready/CryptoCave-Threshold-Cryptography-v0.4/examples/dkg_demo.py,1172,977c1aaecd32b7fe15041824aea85328fb84b8a0475242ffafaaa539f77b3fb5,superseded: reviewed v0.5 is canonical; history summarized by v0.5 audit/changelog
CryptoCave-Threshold-Cryptography-v0.4-DKG-ready/CryptoCave-Threshold-Cryptography-v0.4/examples/dkg_extraction_abort_demo.py,1584,f090530ceffc1d335d219f0f840ffbe7459593d05cecfb41d806b6b7ebbe941e,superseded: reviewed v0.5 is canonical; history summarized by v0.5 audit/changelog
CryptoCave-Threshold-Cryptography-v0.4-DKG-ready/CryptoCave-Threshold-Cryptography-v0.4/examples/dkg_qualification_abort_demo.py,1076,f5319855dfeaaad501c117b31044f627ab89ec18abfead6a7c2ffa5e540e673d,superseded: reviewed v0.5 is canonical; history summarized by v0.5 audit/changelog
CryptoCave-Threshold-Cryptography-v0.4-DKG-ready/CryptoCave-Threshold-Cryptography-v0.4/examples/feldman_demo.py,1224,0254b3081da2b2782e1da3caceaff7b0fa3733ce282d42af58c66fee42f41e63,superseded: reviewed v0.5 is canonical; history summarized by v0.5 audit/changelog
CryptoCave-Threshold-Cryptography-v0.4-DKG-ready/CryptoCave-Threshold-Cryptography-v0.4/examples/feldman_leakage_demo.py,1176,152a6ccb5f0667a9f79fe308c7daafdead4300e40b1a2c65b5194b7e45d152df,superseded: reviewed v0.5 is canonical; history summarized by v0.5 audit/changelog
CryptoCave-Threshold-Cryptography-v0.4-DKG-ready/CryptoCave-Threshold-Cryptography-v0.4/examples/feldman_tampering_demo.py,1533,41adb8825c096697cb82291b9ced22f3812203ca04e22134330b2e74d00e17df,superseded: reviewed v0.5 is canonical; history summarized by v0.5 audit/changelog
CryptoCave-Threshold-Cryptography-v0.4-DKG-ready/CryptoCave-Threshold-Cryptography-v0.4/examples/ntt_demo.py,579,2f7c9a1e0c3f9d960c40402931f4be86c9d0cbaa3ee7d8752125069bded6afa6,superseded: reviewed v0.5 is canonical; history summarized by v0.5 audit/changelog
CryptoCave-Threshold-Cryptography-v0.4-DKG-ready/CryptoCave-Threshold-Cryptography-v0.4/examples/packed_demo.py,1067,2bd7f5cc3029a58c8f3d302c755c67decda73cdc98f77e13c920e2615701054c,superseded: reviewed v0.5 is canonical; history summarized by v0.5 audit/changelog
CryptoCave-Threshold-Cryptography-v0.4-DKG-ready/CryptoCave-Threshold-Cryptography-v0.4/examples/pedersen_demo.py,1185,d71eeabdb0c9ee1ae39eb1ba46e4ccd1cc9a6c39a4cb6594f876e0c856d70459,superseded: reviewed v0.5 is canonical; history summarized by v0.5 audit/changelog
CryptoCave-Threshold-Cryptography-v0.4-DKG-ready/CryptoCave-Threshold-Cryptography-v0.4/examples/pedersen_hiding_demo.py,1516,635e41b63d05f8e76ad63696765ce98f61ad11823bc1042065f413187262838c,superseded: reviewed v0.5 is canonical; history summarized by v0.5 audit/changelog
CryptoCave-Threshold-Cryptography-v0.4-DKG-ready/CryptoCave-Threshold-Cryptography-v0.4/examples/pedersen_toy_trapdoor_demo.py,1146,8e125605cf1925fe36e3a097eb0cff033c8600da422e60f893111134649a87cc,superseded: reviewed v0.5 is canonical; history summarized by v0.5 audit/changelog
CryptoCave-Threshold-Cryptography-v0.4-DKG-ready/CryptoCave-Threshold-Cryptography-v0.4/examples/robust_demo.py,1094,ffa5ace64a247189d70b2759ff4a4c88201935a1e0b9792d12cb84f1cf2c0f03,superseded: reviewed v0.5 is canonical; history summarized by v0.5 audit/changelog
CryptoCave-Threshold-Cryptography-v0.4-DKG-ready/CryptoCave-Threshold-Cryptography-v0.4/examples/run_all.py,960,df3814e2e6c80ab5922809d162479c926e99274e01a945e75371f52afb9cbfe5,superseded: reviewed v0.5 is canonical; history summarized by v0.5 audit/changelog
CryptoCave-Threshold-Cryptography-v0.4-DKG-ready/CryptoCave-Threshold-Cryptography-v0.4/examples/shamir_demo.py,996,2c0e2d77c35c72f5b4388208eaaa62af12f37925c6c67fd8e659939670cbbd6b,superseded: reviewed v0.5 is canonical; history summarized by v0.5 audit/changelog
CryptoCave-Threshold-Cryptography-v0.4-DKG-ready/CryptoCave-Threshold-Cryptography-v0.4/examples/vss_abort_demo.py,1050,ca0e8fa1a07ab459ef0a68898d9b9e302e8836ec9a049027f88164c92f84ba0d,superseded: reviewed v0.5 is canonical; history summarized by v0.5 audit/changelog
CryptoCave-Threshold-Cryptography-v0.4-DKG-ready/CryptoCave-Threshold-Cryptography-v0.4/examples/vss_complaint_demo.py,1322,9c89f66b6c70fc8613b975125ae4fe15f04d14a8a3278e075b636963f0c93ff9,superseded: reviewed v0.5 is canonical; history summarized by v0.5 audit/changelog
CryptoCave-Threshold-Cryptography-v0.4-DKG-ready/CryptoCave-Threshold-Cryptography-v0.4/examples/vss_session_demo.py,1034,ebcb49a6be2add33490297122074f5d7f07d1f5dba11d4290a46c06cf9d032a3,superseded: reviewed v0.5 is canonical; history summarized by v0.5 audit/changelog
CryptoCave-Threshold-Cryptography-v0.4-DKG-ready/CryptoCave-Threshold-Cryptography-v0.4/examples/__init__.py,205,f6450834a6d67de9c77ef211ba57d2f3564004aa53fb2b8cc1bfbbbffa7972af,superseded: reviewed v0.5 is canonical; history summarized by v0.5 audit/changelog
CryptoCave-Threshold-Cryptography-v0.4-DKG-ready/CryptoCave-Threshold-Cryptography-v0.4/INTEGRATION.md,1574,9f5763fb9a6e169c902d79d6813e5a91e1fdc99867cc3888bc72665783308c14,superseded: reviewed v0.5 is canonical; history summarized by v0.5 audit/changelog
CryptoCave-Threshold-Cryptography-v0.4-DKG-ready/CryptoCave-Threshold-Cryptography-v0.4/legacy/README.md,1251,b743f79b24650aa1659654ebd3612359e7b1a66e0dc2944a7b693cc9bf919a0a,superseded: reviewed v0.5 is canonical; history summarized by v0.5 audit/changelog
CryptoCave-Threshold-Cryptography-v0.4-DKG-ready/CryptoCave-Threshold-Cryptography-v0.4/legacy/vss-example-source-sanitized/exampleVSS.py,2183,d6ec9a5973e93265b8ce1125d11fc65f7d65e5c0eb77876e14a0a74e45b4493e,superseded: reviewed v0.5 is canonical; history summarized by v0.5 audit/changelog
CryptoCave-Threshold-Cryptography-v0.4-DKG-ready/CryptoCave-Threshold-Cryptography-v0.4/legacy/vss-example-source-sanitized/Feldman.py,2275,1383cf15ad15b21c102a1c3855033920ed531a1a34ec46b3a68c4c659e89e5aa,superseded: reviewed v0.5 is canonical; history summarized by v0.5 audit/changelog
CryptoCave-Threshold-Cryptography-v0.4-DKG-ready/CryptoCave-Threshold-Cryptography-v0.4/legacy/vss-example-source-sanitized/main.py,2783,7a83ba920b02ac3561688704f7e6da76925ddfc2c13c7804eedbf37f573b270e,superseded: reviewed v0.5 is canonical; history summarized by v0.5 audit/changelog
CryptoCave-Threshold-Cryptography-v0.4-DKG-ready/CryptoCave-Threshold-Cryptography-v0.4/legacy/vss-example-source-sanitized/mainKZG.py,3549,8eb87ea5a159c7630b96b228a3fcbe3bfcd3e3cedb5fbfcf423ab3e971297de9,superseded: reviewed v0.5 is canonical; history summarized by v0.5 audit/changelog
CryptoCave-Threshold-Cryptography-v0.4-DKG-ready/CryptoCave-Threshold-Cryptography-v0.4/legacy/vss-example-source-sanitized/PVSS-feldman.py,2901,df00bc42b2f4999e5d1a8c301d5e00254a9bac7a353dabf5c9d60d988b52a159,superseded: reviewed v0.5 is canonical; history summarized by v0.5 audit/changelog
CryptoCave-Threshold-Cryptography-v0.4-DKG-ready/CryptoCave-Threshold-Cryptography-v0.4/legacy/vss-example-source-sanitized/vss.py,2454,55c236d20b065439febb7f6f9b6a4ef3677b2dd5f70a0b0cb075889116eeac5a,superseded: reviewed v0.5 is canonical; history summarized by v0.5 audit/changelog
CryptoCave-Threshold-Cryptography-v0.4-DKG-ready/CryptoCave-Threshold-Cryptography-v0.4/legacy/vss-example-source-sanitized/vssKZG.py,1545,7dd977141b7246d8333b89bfb8035777ead54dfc4bebbe2e89f96c2420cbf75a,superseded: reviewed v0.5 is canonical; history summarized by v0.5 audit/changelog
CryptoCave-Threshold-Cryptography-v0.4-DKG-ready/CryptoCave-Threshold-Cryptography-v0.4/pyproject.toml,475,21a84610aab988a5df312824be29676f802c1002fd74c660012ca651fb7380d1,superseded: reviewed v0.5 is canonical; history summarized by v0.5 audit/changelog
CryptoCave-Threshold-Cryptography-v0.4-DKG-ready/CryptoCave-Threshold-Cryptography-v0.4/README.md,6963,8e69e3ef8736ca4c0be6183108d8ef2473a3237d5eb0ca3feb245d8e21a85a4d,superseded: reviewed v0.5 is canonical; history summarized by v0.5 audit/changelog
CryptoCave-Threshold-Cryptography-v0.4-DKG-ready/CryptoCave-Threshold-Cryptography-v0.4/RUNNING_EACH_FILE.md,2056,4ddb6f204926553c94a332e2e8b1b11a0337eae8cefb6e53209bad04a66a761a,superseded: reviewed v0.5 is canonical; history summarized by v0.5 audit/changelog
CryptoCave-Threshold-Cryptography-v0.4-DKG-ready/CryptoCave-Threshold-Cryptography-v0.4/SECURITY.md,4002,8e66ac0abab9f2f2a3b83469b22b206ef1a210272d0f6d1325b3b32198fb141f,superseded: reviewed v0.5 is canonical; history summarized by v0.5 audit/changelog
CryptoCave-Threshold-Cryptography-v0.4-DKG-ready/CryptoCave-Threshold-Cryptography-v0.4/tests/test_additive.py,1379,349d1755ea9cac977431ca0aca80e1ca5d72cfaf54ea89aa0161a01115a881ad,superseded: reviewed v0.5 is canonical; history summarized by v0.5 audit/changelog
CryptoCave-Threshold-Cryptography-v0.4-DKG-ready/CryptoCave-Threshold-Cryptography-v0.4/tests/test_dkg.py,15378,3fd699c2c74fe55e881ba75b4177fa0b421a7a28f83f36c9229cdb34ad61623e,superseded: reviewed v0.5 is canonical; history summarized by v0.5 audit/changelog
CryptoCave-Threshold-Cryptography-v0.4-DKG-ready/CryptoCave-Threshold-Cryptography-v0.4/tests/test_feldman.py,6625,4e44f919ca263d5837f5686b5e1e856dc636a76423442ddd2447bc269b891d6f,superseded: reviewed v0.5 is canonical; history summarized by v0.5 audit/changelog
CryptoCave-Threshold-Cryptography-v0.4-DKG-ready/CryptoCave-Threshold-Cryptography-v0.4/tests/test_field_and_polynomial.py,1416,5678a6cebc940e24fa3005ca7ff78c89b544b0da229902a13eb02660eb5604ee,superseded: reviewed v0.5 is canonical; history summarized by v0.5 audit/changelog
CryptoCave-Threshold-Cryptography-v0.4-DKG-ready/CryptoCave-Threshold-Cryptography-v0.4/tests/test_multiplication.py,1395,73747a3a2ba062e2e143d7135c2d1b0d92a53f34389eb2ceab71290239a9f2a9,superseded: reviewed v0.5 is canonical; history summarized by v0.5 audit/changelog
CryptoCave-Threshold-Cryptography-v0.4-DKG-ready/CryptoCave-Threshold-Cryptography-v0.4/tests/test_ntt.py,591,e2576e2fa531c132516bf7dcb5d25c14452f193b5f36d30b47f1bc8c11513543,superseded: reviewed v0.5 is canonical; history summarized by v0.5 audit/changelog
CryptoCave-Threshold-Cryptography-v0.4-DKG-ready/CryptoCave-Threshold-Cryptography-v0.4/tests/test_packed.py,1899,358e006f7d6f085abd390be1d97d1cf546ee41b65abb04d39e77c90841800745,superseded: reviewed v0.5 is canonical; history summarized by v0.5 audit/changelog
CryptoCave-Threshold-Cryptography-v0.4-DKG-ready/CryptoCave-Threshold-Cryptography-v0.4/tests/test_pedersen.py,8903,08028038cfbd6c5bed1ec2ae4b5f608855c2dfc27a01f490404357397e57741a,superseded: reviewed v0.5 is canonical; history summarized by v0.5 audit/changelog
CryptoCave-Threshold-Cryptography-v0.4-DKG-ready/CryptoCave-Threshold-Cryptography-v0.4/tests/test_robust.py,1807,e5c2a7ec9c8b497dc9c4d045267a670b77d91eb3a0bdcd514ca0d45e07ad5f19,superseded: reviewed v0.5 is canonical; history summarized by v0.5 audit/changelog
CryptoCave-Threshold-Cryptography-v0.4-DKG-ready/CryptoCave-Threshold-Cryptography-v0.4/tests/test_shamir.py,2507,98d6324bd53d55c37557ffcb2b6caa58fb4770454785923b2059f563977cb4e1,superseded: reviewed v0.5 is canonical; history summarized by v0.5 audit/changelog
CryptoCave-Threshold-Cryptography-v0.4-DKG-ready/CryptoCave-Threshold-Cryptography-v0.4/tests/test_vss_session.py,8914,a5ac4adcadb5779a4871116cf7d7ae92f82af4ffe12de17e6587c69f39009f14,superseded: reviewed v0.5 is canonical; history summarized by v0.5 audit/changelog
CryptoCave-Threshold-Cryptography-v0.4-DKG-ready/CryptoCave-Threshold-Cryptography-v0.4/tests/__init__.py,323,bd50de60a9d360cfe154f387ff7d5569d52f02bcffb2e39468a6d0fd382b32a5,superseded: reviewed v0.5 is canonical; history summarized by v0.5 audit/changelog
CryptoCave-Threshold-Cryptography-v0.4-DKG-ready/CryptoCave-Threshold-Cryptography-v0.4/VALIDATION.md,3028,1488a5f4f4486cd30ae0b3d63662653a8a298e279521bf561bb6203759855181,superseded: reviewed v0.5 is canonical; history summarized by v0.5 audit/changelog
CryptoCave-Threshold-Cryptography-v0.5-FROST-GitHub-ready/CryptoCave-Threshold-Cryptography-v0.5/.gitignore,70,c08a91fae6c6ae90b1070b455144acdecedaf95fc97d9f7f6659c286eb05ac70,integrated: Threshold Cryptography Engineering articles + experiments/threshold-cryptography/validated-frost-v0.5
CryptoCave-Threshold-Cryptography-v0.5-FROST-GitHub-ready/CryptoCave-Threshold-Cryptography-v0.5/ARCHIVE_AUDIT.md,2390,49314dfd1590962a879bdd4ca94b16942b2fd46eceef765c02d51d84b27461a3,integrated: Threshold Cryptography Engineering articles + experiments/threshold-cryptography/validated-frost-v0.5
CryptoCave-Threshold-Cryptography-v0.5-FROST-GitHub-ready/CryptoCave-Threshold-Cryptography-v0.5/CHANGELOG.md,7049,d99d116460adc51d5b5ce698b660f561c8d214720c8fc80bdaf25168eb34ae89,integrated: Threshold Cryptography Engineering articles + experiments/threshold-cryptography/validated-frost-v0.5
CryptoCave-Threshold-Cryptography-v0.5-FROST-GitHub-ready/CryptoCave-Threshold-Cryptography-v0.5/cryptocave_sss/additive.py,4343,84a301105fcc81185af380ca87f8ef5411e68912a6f988bbcd4904056e6b9866,integrated: Threshold Cryptography Engineering articles + experiments/threshold-cryptography/validated-frost-v0.5
CryptoCave-Threshold-Cryptography-v0.5-FROST-GitHub-ready/CryptoCave-Threshold-Cryptography-v0.5/cryptocave_sss/dkg.py,30634,e96973a84a8cd818678827dfaac3205903356e0918f73343ec06f53ae3da9ac8,integrated: Threshold Cryptography Engineering articles + experiments/threshold-cryptography/validated-frost-v0.5
CryptoCave-Threshold-Cryptography-v0.5-FROST-GitHub-ready/CryptoCave-Threshold-Cryptography-v0.5/cryptocave_sss/feldman.py,10806,abeca91071144b028d1d0d4550f6c2453c8bb3e98276b5fde40064e663d4b3a4,integrated: Threshold Cryptography Engineering articles + experiments/threshold-cryptography/validated-frost-v0.5
CryptoCave-Threshold-Cryptography-v0.5-FROST-GitHub-ready/CryptoCave-Threshold-Cryptography-v0.5/cryptocave_sss/field.py,2643,96d9be36c8a019f958aa7ec1b97f471e8773726d63c5f1a99b91a253f3c9a21c,integrated: Threshold Cryptography Engineering articles + experiments/threshold-cryptography/validated-frost-v0.5
CryptoCave-Threshold-Cryptography-v0.5-FROST-GitHub-ready/CryptoCave-Threshold-Cryptography-v0.5/cryptocave_sss/frost.py,44609,1bad14f0f74ffe003eb371f2660b36602b05d934207b7281a55e87bef12bc7e0,integrated: Threshold Cryptography Engineering articles + experiments/threshold-cryptography/validated-frost-v0.5
CryptoCave-Threshold-Cryptography-v0.5-FROST-GitHub-ready/CryptoCave-Threshold-Cryptography-v0.5/cryptocave_sss/mpc.py,2256,045aebd19400f31299d41a3c1f57b0130b72255050c270234e2e8417042122f8,integrated: Threshold Cryptography Engineering articles + experiments/threshold-cryptography/validated-frost-v0.5
CryptoCave-Threshold-Cryptography-v0.5-FROST-GitHub-ready/CryptoCave-Threshold-Cryptography-v0.5/cryptocave_sss/ntt.py,2192,5b352b24cda9674c21365b34f8e4443f54d08aae38b253a5342a0d14671fa3d3,integrated: Threshold Cryptography Engineering articles + experiments/threshold-cryptography/validated-frost-v0.5
CryptoCave-Threshold-Cryptography-v0.5-FROST-GitHub-ready/CryptoCave-Threshold-Cryptography-v0.5/cryptocave_sss/packed.py,9633,9bf2b00cf6ca9ad8fb4ad1a4fe1c03779e8b8841906f8bf7b121f494178d4035,integrated: Threshold Cryptography Engineering articles + experiments/threshold-cryptography/validated-frost-v0.5
CryptoCave-Threshold-Cryptography-v0.5-FROST-GitHub-ready/CryptoCave-Threshold-Cryptography-v0.5/cryptocave_sss/pedersen.py,14441,23d113b9280f6ecdee5b35ca3e82bc1aac44e9eb0041fa23b6558f57e24795c1,integrated: Threshold Cryptography Engineering articles + experiments/threshold-cryptography/validated-frost-v0.5
CryptoCave-Threshold-Cryptography-v0.5-FROST-GitHub-ready/CryptoCave-Threshold-Cryptography-v0.5/cryptocave_sss/polynomial.py,5537,9530fe1635e20fac60bdd5b2572928a0edee6cb1674b1475e042699b4ce9e39b,integrated: Threshold Cryptography Engineering articles + experiments/threshold-cryptography/validated-frost-v0.5
CryptoCave-Threshold-Cryptography-v0.5-FROST-GitHub-ready/CryptoCave-Threshold-Cryptography-v0.5/cryptocave_sss/robust.py,4432,7d4a6dcdf1f20403fa314195057c7289d52ea61f542442de5a74cb848ee5bceb,integrated: Threshold Cryptography Engineering articles + experiments/threshold-cryptography/validated-frost-v0.5
CryptoCave-Threshold-Cryptography-v0.5-FROST-GitHub-ready/CryptoCave-Threshold-Cryptography-v0.5/cryptocave_sss/shamir.py,9862,facc0466a6a0c421ea23bc655a3b9e3e1a644cb83fb9469f9d1d0f12f11aa404,integrated: Threshold Cryptography Engineering articles + experiments/threshold-cryptography/validated-frost-v0.5
CryptoCave-Threshold-Cryptography-v0.5-FROST-GitHub-ready/CryptoCave-Threshold-Cryptography-v0.5/cryptocave_sss/vss_session.py,16823,6bd729169cf23f1c89345559d7cc347d6f3c73a8c616f8b55f6a32b8bc5a8004,integrated: Threshold Cryptography Engineering articles + experiments/threshold-cryptography/validated-frost-v0.5
CryptoCave-Threshold-Cryptography-v0.5-FROST-GitHub-ready/CryptoCave-Threshold-Cryptography-v0.5/cryptocave_sss/__init__.py,7226,1a705f35850a10b30fe304423414a286a8e2290f32a63c22bd14061fbe7af93a,integrated: Threshold Cryptography Engineering articles + experiments/threshold-cryptography/validated-frost-v0.5
CryptoCave-Threshold-Cryptography-v0.5-FROST-GitHub-ready/CryptoCave-Threshold-Cryptography-v0.5/docs/cryptocave/01-finite-fields-and-polynomials.md,2665,904ff7a9960d687c601b63becf51d22cd6f9b8ac5938f67addeec5144917cc1a,integrated: Threshold Cryptography Engineering articles + experiments/threshold-cryptography/validated-frost-v0.5
CryptoCave-Threshold-Cryptography-v0.5-FROST-GitHub-ready/CryptoCave-Threshold-Cryptography-v0.5/docs/cryptocave/02-additive-secret-sharing.md,1911,ac81b265b2cc86450fdcd9bd270fb45e08fd287e681d5e3020bacda150438b3c,integrated: Threshold Cryptography Engineering articles + experiments/threshold-cryptography/validated-frost-v0.5
CryptoCave-Threshold-Cryptography-v0.5-FROST-GitHub-ready/CryptoCave-Threshold-Cryptography-v0.5/docs/cryptocave/03-shamir-secret-sharing.md,2668,05cbab6e5a9aa5d22fa34e6d686d8e78987e07f38424c82bcfe8ec753b971591,integrated: Threshold Cryptography Engineering articles + experiments/threshold-cryptography/validated-frost-v0.5
CryptoCave-Threshold-Cryptography-v0.5-FROST-GitHub-ready/CryptoCave-Threshold-Cryptography-v0.5/docs/cryptocave/04-arithmetic-and-multiplication.md,2300,9347b75574a2adbe204f3420a67aa076988d8cffff849750f3d35cd78758e70f,integrated: Threshold Cryptography Engineering articles + experiments/threshold-cryptography/validated-frost-v0.5
CryptoCave-Threshold-Cryptography-v0.5-FROST-GitHub-ready/CryptoCave-Threshold-Cryptography-v0.5/docs/cryptocave/05-consistency-and-robust-reconstruction.md,2424,0abcebe7ab7924caa3990c5e05df5b18631b43b8536e2f79b953f25e278fcdc7,integrated: Threshold Cryptography Engineering articles + experiments/threshold-cryptography/validated-frost-v0.5
CryptoCave-Threshold-Cryptography-v0.5-FROST-GitHub-ready/CryptoCave-Threshold-Cryptography-v0.5/docs/cryptocave/06-packed-ramp-sharing-and-ntt.md,2672,f253975da05d3d0b9b22110b3961dc08c589dea40ef8c056a33dab95801adfc3,integrated: Threshold Cryptography Engineering articles + experiments/threshold-cryptography/validated-frost-v0.5
CryptoCave-Threshold-Cryptography-v0.5-FROST-GitHub-ready/CryptoCave-Threshold-Cryptography-v0.5/docs/cryptocave/07-security-boundaries-and-roadmap.md,6435,8bccc5ce6233a8f5196c335e4382889297e97d83f6438c8cc9f27501babc265e,integrated: Threshold Cryptography Engineering articles + experiments/threshold-cryptography/validated-frost-v0.5
CryptoCave-Threshold-Cryptography-v0.5-FROST-GitHub-ready/CryptoCave-Threshold-Cryptography-v0.5/docs/cryptocave/08-from-shamir-to-vss.md,2724,54ade2292443d5470501f27a8d7136d3cfbcdedf46649db9296bd2cb18116662,integrated: Threshold Cryptography Engineering articles + experiments/threshold-cryptography/validated-frost-v0.5
CryptoCave-Threshold-Cryptography-v0.5-FROST-GitHub-ready/CryptoCave-Threshold-Cryptography-v0.5/docs/cryptocave/09-feldman-vss.md,3263,a6481fa7a9242b1a70cb928ca42dc78ee5d09c5ddaf87445e6397bf6126045d7,integrated: Threshold Cryptography Engineering articles + experiments/threshold-cryptography/validated-frost-v0.5
CryptoCave-Threshold-Cryptography-v0.5-FROST-GitHub-ready/CryptoCave-Threshold-Cryptography-v0.5/docs/cryptocave/10-vss-protocol-boundary.md,3915,c3d0bd89b9cd202bf8abc645eab73a7374fb12c2c5b3b6ea0fdf82c2c419d250,integrated: Threshold Cryptography Engineering articles + experiments/threshold-cryptography/validated-frost-v0.5
CryptoCave-Threshold-Cryptography-v0.5-FROST-GitHub-ready/CryptoCave-Threshold-Cryptography-v0.5/docs/cryptocave/11-original-vss-code-audit.md,4726,344c956e34a1d6e2a7e6b355b0afa3955e7cd7de74109c56bec5a37aaa453514,integrated: Threshold Cryptography Engineering articles + experiments/threshold-cryptography/validated-frost-v0.5
CryptoCave-Threshold-Cryptography-v0.5-FROST-GitHub-ready/CryptoCave-Threshold-Cryptography-v0.5/docs/cryptocave/12-pedersen-vss.md,6777,ce42557a6210ad75e8a7786ce262572dfb338195a3778294dd3131efeeceea7b,integrated: Threshold Cryptography Engineering articles + experiments/threshold-cryptography/validated-frost-v0.5
CryptoCave-Threshold-Cryptography-v0.5-FROST-GitHub-ready/CryptoCave-Threshold-Cryptography-v0.5/docs/cryptocave/13-feldman-vs-pedersen.md,4249,eda1b0a9554574949f3773bf44a4250a7236a9de8ac58a8baa6763c9e4eb5927,integrated: Threshold Cryptography Engineering articles + experiments/threshold-cryptography/validated-frost-v0.5
CryptoCave-Threshold-Cryptography-v0.5-FROST-GitHub-ready/CryptoCave-Threshold-Cryptography-v0.5/docs/cryptocave/14-vss-session-and-broadcast.md,5305,d653d3c262a0d44d39acbfe6ed162cadf2d804c650b9274a97d734db82d28a3b,integrated: Threshold Cryptography Engineering articles + experiments/threshold-cryptography/validated-frost-v0.5
CryptoCave-Threshold-Cryptography-v0.5-FROST-GitHub-ready/CryptoCave-Threshold-Cryptography-v0.5/docs/cryptocave/15-complaints-qualification-and-abort.md,5362,a121c8d845edbbd592e69d3e140a990b5761a028151ebb5e85e5d8261a8b902e,integrated: Threshold Cryptography Engineering articles + experiments/threshold-cryptography/validated-frost-v0.5
CryptoCave-Threshold-Cryptography-v0.5-FROST-GitHub-ready/CryptoCave-Threshold-Cryptography-v0.5/docs/cryptocave/16-version-03-security-boundary.md,5043,3d7b671168a7925d8a195e063a49a41c2d552ffc2fcd56edba483d858be98af2,integrated: Threshold Cryptography Engineering articles + experiments/threshold-cryptography/validated-frost-v0.5
CryptoCave-Threshold-Cryptography-v0.5-FROST-GitHub-ready/CryptoCave-Threshold-Cryptography-v0.5/docs/cryptocave/17-from-vss-to-dkg.md,4717,723a9c3578f6d3ae2f3ffad697514d915d06781a3f256768264875200ce09767,integrated: Threshold Cryptography Engineering articles + experiments/threshold-cryptography/validated-frost-v0.5
CryptoCave-Threshold-Cryptography-v0.5-FROST-GitHub-ready/CryptoCave-Threshold-Cryptography-v0.5/docs/cryptocave/18-multi-dealer-dkg.md,4779,eada32af2c8350fb53bfbf9bb1d0a48ca9c74235c295783560d02b963c8e2d96,integrated: Threshold Cryptography Engineering articles + experiments/threshold-cryptography/validated-frost-v0.5
CryptoCave-Threshold-Cryptography-v0.5-FROST-GitHub-ready/CryptoCave-Threshold-Cryptography-v0.5/docs/cryptocave/19-dkg-qualification-and-public-key.md,3790,f322e5258c7d4efedf4c5235785898a0e051d2fcc17310a682ba4de19d2982ae,integrated: Threshold Cryptography Engineering articles + experiments/threshold-cryptography/validated-frost-v0.5
CryptoCave-Threshold-Cryptography-v0.5-FROST-GitHub-ready/CryptoCave-Threshold-Cryptography-v0.5/docs/cryptocave/20-dkg-failure-cases.md,4626,6fc0b94fae6e774379c19e8b79f491c6433ce9cf11506f11384fc1047368a5ef,integrated: Threshold Cryptography Engineering articles + experiments/threshold-cryptography/validated-frost-v0.5
CryptoCave-Threshold-Cryptography-v0.5-FROST-GitHub-ready/CryptoCave-Threshold-Cryptography-v0.5/docs/cryptocave/21-version-04-security-boundary.md,4664,2f0c2571b6d6d7bc37f5a4b931a97fed562eb7835732c07c2e0f68a69bef275a,integrated: Threshold Cryptography Engineering articles + experiments/threshold-cryptography/validated-frost-v0.5
CryptoCave-Threshold-Cryptography-v0.5-FROST-GitHub-ready/CryptoCave-Threshold-Cryptography-v0.5/docs/cryptocave/22-from-dkg-to-threshold-signatures.md,6886,849cebb48af10c912c30373416868a1b292c63f66b619785dfb006405f1c6abb,integrated: Threshold Cryptography Engineering articles + experiments/threshold-cryptography/validated-frost-v0.5
CryptoCave-Threshold-Cryptography-v0.5-FROST-GitHub-ready/CryptoCave-Threshold-Cryptography-v0.5/docs/cryptocave/23-schnorr-and-threshold-interpolation.md,6799,7e7817311fdfe37c875abff25f46a4dd7cd02744255733ff6360655b9b41c128,integrated: Threshold Cryptography Engineering articles + experiments/threshold-cryptography/validated-frost-v0.5
CryptoCave-Threshold-Cryptography-v0.5-FROST-GitHub-ready/CryptoCave-Threshold-Cryptography-v0.5/docs/cryptocave/24-rfc9591-frost-protocol.md,8197,f9446c083533cfc56099fe45a023cf1e975f40b63f94f2387c65e5009c6cb35b,integrated: Threshold Cryptography Engineering articles + experiments/threshold-cryptography/validated-frost-v0.5
CryptoCave-Threshold-Cryptography-v0.5-FROST-GitHub-ready/CryptoCave-Threshold-Cryptography-v0.5/docs/cryptocave/25-version-05-code-walkthrough.md,9308,52495af09d9ff745135939ba6c9117303c79e1d819a3dd49d41643267cf400a6,integrated: Threshold Cryptography Engineering articles + experiments/threshold-cryptography/validated-frost-v0.5
CryptoCave-Threshold-Cryptography-v0.5-FROST-GitHub-ready/CryptoCave-Threshold-Cryptography-v0.5/docs/cryptocave/26-nonces-validation-and-failure.md,9486,cc7f6e7eb3f597084027404e9edcf1d69bd475cbbfcb05650e69fed2188be2fc,integrated: Threshold Cryptography Engineering articles + experiments/threshold-cryptography/validated-frost-v0.5
CryptoCave-Threshold-Cryptography-v0.5-FROST-GitHub-ready/CryptoCave-Threshold-Cryptography-v0.5/docs/cryptocave/27-rfc9591-conformance-map.md,7904,794e628018f7e48396460e408ca7e0dcbad2fe000412182eca1a4a5e58c050b6,integrated: Threshold Cryptography Engineering articles + experiments/threshold-cryptography/validated-frost-v0.5
CryptoCave-Threshold-Cryptography-v0.5-FROST-GitHub-ready/CryptoCave-Threshold-Cryptography-v0.5/docs/cryptocave/28-version-05-security-boundary.md,7994,f176c4f0c904910bca3be688609cc66ede9c1be9155aeb625fbe10b7ffd54319,integrated: Threshold Cryptography Engineering articles + experiments/threshold-cryptography/validated-frost-v0.5
CryptoCave-Threshold-Cryptography-v0.5-FROST-GitHub-ready/CryptoCave-Threshold-Cryptography-v0.5/docs/cryptocave/README.md,4711,205e13f316f5f1db598a5c0794e6946f1235c8b4d6ce91e8d9d0a53bfa0cf731,integrated: Threshold Cryptography Engineering articles + experiments/threshold-cryptography/validated-frost-v0.5
CryptoCave-Threshold-Cryptography-v0.5-FROST-GitHub-ready/CryptoCave-Threshold-Cryptography-v0.5/docs/cryptocave/references.md,3326,2563637d660c1017b60362cf90708f01dab852ab8a4000a80d317e496d0ba18d,integrated: Threshold Cryptography Engineering articles + experiments/threshold-cryptography/validated-frost-v0.5
CryptoCave-Threshold-Cryptography-v0.5-FROST-GitHub-ready/CryptoCave-Threshold-Cryptography-v0.5/examples/additive_demo.py,1508,58086722a705549fe2c0ac36a2beec027ba0a34b668f0018a7ee8dad10ef8656,integrated: Threshold Cryptography Engineering articles + experiments/threshold-cryptography/validated-frost-v0.5
CryptoCave-Threshold-Cryptography-v0.5-FROST-GitHub-ready/CryptoCave-Threshold-Cryptography-v0.5/examples/arithmetic_demo.py,1355,657f9c852bb502b894ef5946e51521981b40711b1f65ae0051917d9c5753e88b,integrated: Threshold Cryptography Engineering articles + experiments/threshold-cryptography/validated-frost-v0.5
CryptoCave-Threshold-Cryptography-v0.5-FROST-GitHub-ready/CryptoCave-Threshold-Cryptography-v0.5/examples/dkg_audit_demo.py,1186,755cf067c8fa9fa7b44d502d05090954312c6f93da1ed0165a58a590c33cc31b,integrated: Threshold Cryptography Engineering articles + experiments/threshold-cryptography/validated-frost-v0.5
CryptoCave-Threshold-Cryptography-v0.5-FROST-GitHub-ready/CryptoCave-Threshold-Cryptography-v0.5/examples/dkg_bad_dealer_demo.py,1486,be533d581ecadba9fb1a1f59fdda06b55652432394316d63dfd7dad0e8e53aeb,integrated: Threshold Cryptography Engineering articles + experiments/threshold-cryptography/validated-frost-v0.5
CryptoCave-Threshold-Cryptography-v0.5-FROST-GitHub-ready/CryptoCave-Threshold-Cryptography-v0.5/examples/dkg_demo.py,1172,977c1aaecd32b7fe15041824aea85328fb84b8a0475242ffafaaa539f77b3fb5,integrated: Threshold Cryptography Engineering articles + experiments/threshold-cryptography/validated-frost-v0.5
CryptoCave-Threshold-Cryptography-v0.5-FROST-GitHub-ready/CryptoCave-Threshold-Cryptography-v0.5/examples/dkg_extraction_abort_demo.py,1584,f090530ceffc1d335d219f0f840ffbe7459593d05cecfb41d806b6b7ebbe941e,integrated: Threshold Cryptography Engineering articles + experiments/threshold-cryptography/validated-frost-v0.5
CryptoCave-Threshold-Cryptography-v0.5-FROST-GitHub-ready/CryptoCave-Threshold-Cryptography-v0.5/examples/dkg_qualification_abort_demo.py,1076,f5319855dfeaaad501c117b31044f627ab89ec18abfead6a7c2ffa5e540e673d,integrated: Threshold Cryptography Engineering articles + experiments/threshold-cryptography/validated-frost-v0.5
CryptoCave-Threshold-Cryptography-v0.5-FROST-GitHub-ready/CryptoCave-Threshold-Cryptography-v0.5/examples/feldman_demo.py,1224,0254b3081da2b2782e1da3caceaff7b0fa3733ce282d42af58c66fee42f41e63,integrated: Threshold Cryptography Engineering articles + experiments/threshold-cryptography/validated-frost-v0.5
CryptoCave-Threshold-Cryptography-v0.5-FROST-GitHub-ready/CryptoCave-Threshold-Cryptography-v0.5/examples/feldman_leakage_demo.py,1176,152a6ccb5f0667a9f79fe308c7daafdead4300e40b1a2c65b5194b7e45d152df,integrated: Threshold Cryptography Engineering articles + experiments/threshold-cryptography/validated-frost-v0.5
CryptoCave-Threshold-Cryptography-v0.5-FROST-GitHub-ready/CryptoCave-Threshold-Cryptography-v0.5/examples/feldman_tampering_demo.py,1533,41adb8825c096697cb82291b9ced22f3812203ca04e22134330b2e74d00e17df,integrated: Threshold Cryptography Engineering articles + experiments/threshold-cryptography/validated-frost-v0.5
CryptoCave-Threshold-Cryptography-v0.5-FROST-GitHub-ready/CryptoCave-Threshold-Cryptography-v0.5/examples/frost_bad_share_demo.py,1815,390e66eec3c7029ed27afbf56ea75cb6dd01fb06429b57887f51ce386ec4e8de,integrated: Threshold Cryptography Engineering articles + experiments/threshold-cryptography/validated-frost-v0.5
CryptoCave-Threshold-Cryptography-v0.5-FROST-GitHub-ready/CryptoCave-Threshold-Cryptography-v0.5/examples/frost_context_binding_demo.py,1645,309f2e06ba0a7718fff6e0f6360d68a4fb764449b615f81071bf436fb2679abd,integrated: Threshold Cryptography Engineering articles + experiments/threshold-cryptography/validated-frost-v0.5
CryptoCave-Threshold-Cryptography-v0.5-FROST-GitHub-ready/CryptoCave-Threshold-Cryptography-v0.5/examples/frost_demo.py,2708,1c50fbc69d00135149114fef31d9072909a049317ac73f50f43e4fa68408320f,integrated: Threshold Cryptography Engineering articles + experiments/threshold-cryptography/validated-frost-v0.5
CryptoCave-Threshold-Cryptography-v0.5-FROST-GitHub-ready/CryptoCave-Threshold-Cryptography-v0.5/examples/frost_message_policy_demo.py,1820,8cdf81c80ebacd192c19d55e25b1c0348d82f6f9341f24a9f4e355e6de2ff373,integrated: Threshold Cryptography Engineering articles + experiments/threshold-cryptography/validated-frost-v0.5
CryptoCave-Threshold-Cryptography-v0.5-FROST-GitHub-ready/CryptoCave-Threshold-Cryptography-v0.5/examples/frost_nonce_reuse_demo.py,1499,56a601a4a6f19137aa2714390937521748fa5bb17842726744197d11193b2077,integrated: Threshold Cryptography Engineering articles + experiments/threshold-cryptography/validated-frost-v0.5
CryptoCave-Threshold-Cryptography-v0.5-FROST-GitHub-ready/CryptoCave-Threshold-Cryptography-v0.5/examples/frost_simple_api_demo.py,1336,b437734d5323bb54df8a57cee1b4bd2fc7c738d88d3f10dc7ce32b86c1db3fcd,integrated: Threshold Cryptography Engineering articles + experiments/threshold-cryptography/validated-frost-v0.5
CryptoCave-Threshold-Cryptography-v0.5-FROST-GitHub-ready/CryptoCave-Threshold-Cryptography-v0.5/examples/ntt_demo.py,579,2f7c9a1e0c3f9d960c40402931f4be86c9d0cbaa3ee7d8752125069bded6afa6,integrated: Threshold Cryptography Engineering articles + experiments/threshold-cryptography/validated-frost-v0.5
CryptoCave-Threshold-Cryptography-v0.5-FROST-GitHub-ready/CryptoCave-Threshold-Cryptography-v0.5/examples/packed_demo.py,1067,2bd7f5cc3029a58c8f3d302c755c67decda73cdc98f77e13c920e2615701054c,integrated: Threshold Cryptography Engineering articles + experiments/threshold-cryptography/validated-frost-v0.5
CryptoCave-Threshold-Cryptography-v0.5-FROST-GitHub-ready/CryptoCave-Threshold-Cryptography-v0.5/examples/pedersen_demo.py,1185,d71eeabdb0c9ee1ae39eb1ba46e4ccd1cc9a6c39a4cb6594f876e0c856d70459,integrated: Threshold Cryptography Engineering articles + experiments/threshold-cryptography/validated-frost-v0.5
CryptoCave-Threshold-Cryptography-v0.5-FROST-GitHub-ready/CryptoCave-Threshold-Cryptography-v0.5/examples/pedersen_hiding_demo.py,1516,635e41b63d05f8e76ad63696765ce98f61ad11823bc1042065f413187262838c,integrated: Threshold Cryptography Engineering articles + experiments/threshold-cryptography/validated-frost-v0.5
CryptoCave-Threshold-Cryptography-v0.5-FROST-GitHub-ready/CryptoCave-Threshold-Cryptography-v0.5/examples/pedersen_toy_trapdoor_demo.py,1146,8e125605cf1925fe36e3a097eb0cff033c8600da422e60f893111134649a87cc,integrated: Threshold Cryptography Engineering articles + experiments/threshold-cryptography/validated-frost-v0.5
CryptoCave-Threshold-Cryptography-v0.5-FROST-GitHub-ready/CryptoCave-Threshold-Cryptography-v0.5/examples/robust_demo.py,1094,ffa5ace64a247189d70b2759ff4a4c88201935a1e0b9792d12cb84f1cf2c0f03,integrated: Threshold Cryptography Engineering articles + experiments/threshold-cryptography/validated-frost-v0.5
CryptoCave-Threshold-Cryptography-v0.5-FROST-GitHub-ready/CryptoCave-Threshold-Cryptography-v0.5/examples/run_all.py,1132,49e4da69fc6c9b68a03c9ce5cf1325bda638a2ca17b4f1e9d39c57b726955ba1,integrated: Threshold Cryptography Engineering articles + experiments/threshold-cryptography/validated-frost-v0.5
CryptoCave-Threshold-Cryptography-v0.5-FROST-GitHub-ready/CryptoCave-Threshold-Cryptography-v0.5/examples/shamir_demo.py,996,2c0e2d77c35c72f5b4388208eaaa62af12f37925c6c67fd8e659939670cbbd6b,integrated: Threshold Cryptography Engineering articles + experiments/threshold-cryptography/validated-frost-v0.5
CryptoCave-Threshold-Cryptography-v0.5-FROST-GitHub-ready/CryptoCave-Threshold-Cryptography-v0.5/examples/vss_abort_demo.py,1050,ca0e8fa1a07ab459ef0a68898d9b9e302e8836ec9a049027f88164c92f84ba0d,integrated: Threshold Cryptography Engineering articles + experiments/threshold-cryptography/validated-frost-v0.5
CryptoCave-Threshold-Cryptography-v0.5-FROST-GitHub-ready/CryptoCave-Threshold-Cryptography-v0.5/examples/vss_complaint_demo.py,1322,9c89f66b6c70fc8613b975125ae4fe15f04d14a8a3278e075b636963f0c93ff9,integrated: Threshold Cryptography Engineering articles + experiments/threshold-cryptography/validated-frost-v0.5
CryptoCave-Threshold-Cryptography-v0.5-FROST-GitHub-ready/CryptoCave-Threshold-Cryptography-v0.5/examples/vss_session_demo.py,1034,ebcb49a6be2add33490297122074f5d7f07d1f5dba11d4290a46c06cf9d032a3,integrated: Threshold Cryptography Engineering articles + experiments/threshold-cryptography/validated-frost-v0.5
CryptoCave-Threshold-Cryptography-v0.5-FROST-GitHub-ready/CryptoCave-Threshold-Cryptography-v0.5/examples/__init__.py,205,f6450834a6d67de9c77ef211ba57d2f3564004aa53fb2b8cc1bfbbbffa7972af,integrated: Threshold Cryptography Engineering articles + experiments/threshold-cryptography/validated-frost-v0.5
CryptoCave-Threshold-Cryptography-v0.5-FROST-GitHub-ready/CryptoCave-Threshold-Cryptography-v0.5/INTEGRATION.md,1949,39c5c02a5399ea0f9fed42c0e15d335e1cdc038bcb739eba1c9290341b18a55c,integrated: Threshold Cryptography Engineering articles + experiments/threshold-cryptography/validated-frost-v0.5
CryptoCave-Threshold-Cryptography-v0.5-FROST-GitHub-ready/CryptoCave-Threshold-Cryptography-v0.5/legacy/README.md,1251,cb32757bc2b031fa7e7b290483c090699aee53e246ea013e2d8f32ef68cb7113,integrated: Threshold Cryptography Engineering articles + experiments/threshold-cryptography/validated-frost-v0.5
CryptoCave-Threshold-Cryptography-v0.5-FROST-GitHub-ready/CryptoCave-Threshold-Cryptography-v0.5/legacy/vss-example-source-sanitized/exampleVSS.py,2183,d6ec9a5973e93265b8ce1125d11fc65f7d65e5c0eb77876e14a0a74e45b4493e,integrated: Threshold Cryptography Engineering articles + experiments/threshold-cryptography/validated-frost-v0.5
CryptoCave-Threshold-Cryptography-v0.5-FROST-GitHub-ready/CryptoCave-Threshold-Cryptography-v0.5/legacy/vss-example-source-sanitized/Feldman.py,2275,1383cf15ad15b21c102a1c3855033920ed531a1a34ec46b3a68c4c659e89e5aa,integrated: Threshold Cryptography Engineering articles + experiments/threshold-cryptography/validated-frost-v0.5
CryptoCave-Threshold-Cryptography-v0.5-FROST-GitHub-ready/CryptoCave-Threshold-Cryptography-v0.5/legacy/vss-example-source-sanitized/main.py,2783,7a83ba920b02ac3561688704f7e6da76925ddfc2c13c7804eedbf37f573b270e,integrated: Threshold Cryptography Engineering articles + experiments/threshold-cryptography/validated-frost-v0.5
CryptoCave-Threshold-Cryptography-v0.5-FROST-GitHub-ready/CryptoCave-Threshold-Cryptography-v0.5/legacy/vss-example-source-sanitized/mainKZG.py,3549,8eb87ea5a159c7630b96b228a3fcbe3bfcd3e3cedb5fbfcf423ab3e971297de9,integrated: Threshold Cryptography Engineering articles + experiments/threshold-cryptography/validated-frost-v0.5
CryptoCave-Threshold-Cryptography-v0.5-FROST-GitHub-ready/CryptoCave-Threshold-Cryptography-v0.5/legacy/vss-example-source-sanitized/PVSS-feldman.py,2901,df00bc42b2f4999e5d1a8c301d5e00254a9bac7a353dabf5c9d60d988b52a159,integrated: Threshold Cryptography Engineering articles + experiments/threshold-cryptography/validated-frost-v0.5
CryptoCave-Threshold-Cryptography-v0.5-FROST-GitHub-ready/CryptoCave-Threshold-Cryptography-v0.5/legacy/vss-example-source-sanitized/vss.py,2454,55c236d20b065439febb7f6f9b6a4ef3677b2dd5f70a0b0cb075889116eeac5a,integrated: Threshold Cryptography Engineering articles + experiments/threshold-cryptography/validated-frost-v0.5
CryptoCave-Threshold-Cryptography-v0.5-FROST-GitHub-ready/CryptoCave-Threshold-Cryptography-v0.5/legacy/vss-example-source-sanitized/vssKZG.py,1545,7dd977141b7246d8333b89bfb8035777ead54dfc4bebbe2e89f96c2420cbf75a,integrated: Threshold Cryptography Engineering articles + experiments/threshold-cryptography/validated-frost-v0.5
CryptoCave-Threshold-Cryptography-v0.5-FROST-GitHub-ready/CryptoCave-Threshold-Cryptography-v0.5/pyproject.toml,470,cc87706fa83b6e8291a899d5166afa9821c25e14b94ab6f569371246b30f5456,integrated: Threshold Cryptography Engineering articles + experiments/threshold-cryptography/validated-frost-v0.5
CryptoCave-Threshold-Cryptography-v0.5-FROST-GitHub-ready/CryptoCave-Threshold-Cryptography-v0.5/README.md,10717,07c4174729b2ca0071ea167903561d65c3731bff2e8468f933b37283b55e52a7,integrated: Threshold Cryptography Engineering articles + experiments/threshold-cryptography/validated-frost-v0.5
CryptoCave-Threshold-Cryptography-v0.5-FROST-GitHub-ready/CryptoCave-Threshold-Cryptography-v0.5/RUNNING_EACH_FILE.md,2300,faf5041eaa1b1d32cc058ceedd544fd8a1593344ed1b8f7ebe8263dd9dc32679,integrated: Threshold Cryptography Engineering articles + experiments/threshold-cryptography/validated-frost-v0.5
CryptoCave-Threshold-Cryptography-v0.5-FROST-GitHub-ready/CryptoCave-Threshold-Cryptography-v0.5/SECURITY.md,7962,c09b3b422fed895c0c6a2763556496e345f7f7b749a9fd9a990ccd9a9faad8f3,integrated: Threshold Cryptography Engineering articles + experiments/threshold-cryptography/validated-frost-v0.5
CryptoCave-Threshold-Cryptography-v0.5-FROST-GitHub-ready/CryptoCave-Threshold-Cryptography-v0.5/tests/test_additive.py,1379,349d1755ea9cac977431ca0aca80e1ca5d72cfaf54ea89aa0161a01115a881ad,integrated: Threshold Cryptography Engineering articles + experiments/threshold-cryptography/validated-frost-v0.5
CryptoCave-Threshold-Cryptography-v0.5-FROST-GitHub-ready/CryptoCave-Threshold-Cryptography-v0.5/tests/test_dkg.py,15378,3fd699c2c74fe55e881ba75b4177fa0b421a7a28f83f36c9229cdb34ad61623e,integrated: Threshold Cryptography Engineering articles + experiments/threshold-cryptography/validated-frost-v0.5
CryptoCave-Threshold-Cryptography-v0.5-FROST-GitHub-ready/CryptoCave-Threshold-Cryptography-v0.5/tests/test_feldman.py,6625,4e44f919ca263d5837f5686b5e1e856dc636a76423442ddd2447bc269b891d6f,integrated: Threshold Cryptography Engineering articles + experiments/threshold-cryptography/validated-frost-v0.5
CryptoCave-Threshold-Cryptography-v0.5-FROST-GitHub-ready/CryptoCave-Threshold-Cryptography-v0.5/tests/test_field_and_polynomial.py,1416,5678a6cebc940e24fa3005ca7ff78c89b544b0da229902a13eb02660eb5604ee,integrated: Threshold Cryptography Engineering articles + experiments/threshold-cryptography/validated-frost-v0.5
CryptoCave-Threshold-Cryptography-v0.5-FROST-GitHub-ready/CryptoCave-Threshold-Cryptography-v0.5/tests/test_frost.py,27898,5a3aee35c9d9b3d8f4ef4728d8afdf911f00a4f6d850ebb28e8f681e38b9fbd3,integrated: Threshold Cryptography Engineering articles + experiments/threshold-cryptography/validated-frost-v0.5
CryptoCave-Threshold-Cryptography-v0.5-FROST-GitHub-ready/CryptoCave-Threshold-Cryptography-v0.5/tests/test_multiplication.py,1395,73747a3a2ba062e2e143d7135c2d1b0d92a53f34389eb2ceab71290239a9f2a9,integrated: Threshold Cryptography Engineering articles + experiments/threshold-cryptography/validated-frost-v0.5
CryptoCave-Threshold-Cryptography-v0.5-FROST-GitHub-ready/CryptoCave-Threshold-Cryptography-v0.5/tests/test_ntt.py,591,e2576e2fa531c132516bf7dcb5d25c14452f193b5f36d30b47f1bc8c11513543,integrated: Threshold Cryptography Engineering articles + experiments/threshold-cryptography/validated-frost-v0.5
CryptoCave-Threshold-Cryptography-v0.5-FROST-GitHub-ready/CryptoCave-Threshold-Cryptography-v0.5/tests/test_packed.py,1899,358e006f7d6f085abd390be1d97d1cf546ee41b65abb04d39e77c90841800745,integrated: Threshold Cryptography Engineering articles + experiments/threshold-cryptography/validated-frost-v0.5
CryptoCave-Threshold-Cryptography-v0.5-FROST-GitHub-ready/CryptoCave-Threshold-Cryptography-v0.5/tests/test_pedersen.py,8903,08028038cfbd6c5bed1ec2ae4b5f608855c2dfc27a01f490404357397e57741a,integrated: Threshold Cryptography Engineering articles + experiments/threshold-cryptography/validated-frost-v0.5
CryptoCave-Threshold-Cryptography-v0.5-FROST-GitHub-ready/CryptoCave-Threshold-Cryptography-v0.5/tests/test_robust.py,1807,e5c2a7ec9c8b497dc9c4d045267a670b77d91eb3a0bdcd514ca0d45e07ad5f19,integrated: Threshold Cryptography Engineering articles + experiments/threshold-cryptography/validated-frost-v0.5
CryptoCave-Threshold-Cryptography-v0.5-FROST-GitHub-ready/CryptoCave-Threshold-Cryptography-v0.5/tests/test_shamir.py,2507,98d6324bd53d55c37557ffcb2b6caa58fb4770454785923b2059f563977cb4e1,integrated: Threshold Cryptography Engineering articles + experiments/threshold-cryptography/validated-frost-v0.5
CryptoCave-Threshold-Cryptography-v0.5-FROST-GitHub-ready/CryptoCave-Threshold-Cryptography-v0.5/tests/test_vss_session.py,8914,a5ac4adcadb5779a4871116cf7d7ae92f82af4ffe12de17e6587c69f39009f14,integrated: Threshold Cryptography Engineering articles + experiments/threshold-cryptography/validated-frost-v0.5
CryptoCave-Threshold-Cryptography-v0.5-FROST-GitHub-ready/CryptoCave-Threshold-Cryptography-v0.5/tests/__init__.py,323,bd50de60a9d360cfe154f387ff7d5569d52f02bcffb2e39468a6d0fd382b32a5,integrated: Threshold Cryptography Engineering articles + experiments/threshold-cryptography/validated-frost-v0.5
CryptoCave-Threshold-Cryptography-v0.5-FROST-GitHub-ready/CryptoCave-Threshold-Cryptography-v0.5/VALIDATION.md,5609,36c6320881ca200263dbe29ddb709072309f1e6c74f2a72ef7b993f1ff118d76,integrated: Threshold Cryptography Engineering articles + experiments/threshold-cryptography/validated-frost-v0.5
CryptoSage-CryptoCave-reviewed/CryptoSage-organized/.editorconfig,152,86ce11648829292fae52cddea5a0ac06c731ebbd6ca683365692c17391e1d392,integrated: experiments/cryptosage + CryptoSage site overview
CryptoSage-CryptoCave-reviewed/CryptoSage-organized/.gitignore,53,0e2e1c26cd7e7a21888d842800eb3ae087f18d50b9b0622bf9f98a75d0b55c90,integrated: experiments/cryptosage + CryptoSage site overview
CryptoSage-CryptoCave-reviewed/CryptoSage-organized/.markdownlint-cli2.jsonc,94,3a2a682d80880faa3de6d92a7627b0df519cc22ac62742d332a59d680c1bdd16,integrated: experiments/cryptosage + CryptoSage site overview
CryptoSage-CryptoCave-reviewed/CryptoSage-organized/archive/incomplete/rfc5091_draft.sage.txt,16639,aa3bd23cb3aeb0dac6fbce5be5f4834cf54bf56a1b591034acae4c3760d73888,integrated: experiments/cryptosage + CryptoSage site overview
CryptoSage-CryptoCave-reviewed/CryptoSage-organized/docs/elliptic-curves/encryption.md,1164,c53f29b8771251b260631e7ff754676a58d20632dbe56ebf40c7307ac2dda37b,integrated: experiments/cryptosage + CryptoSage site overview
CryptoSage-CryptoCave-reviewed/CryptoSage-organized/docs/elliptic-curves/signatures.md,1336,343d394425ba7f5a5b8b29f9ecb5bfd9c810fead289f8b03cd21eff93655c2bc,integrated: experiments/cryptosage + CryptoSage site overview
CryptoSage-CryptoCave-reviewed/CryptoSage-organized/docs/elliptic-curves/_category_.json,63,b76791c399e1fdbfe5ddde1b2cc559a501f45efdfe52d994779bbaca48a08ac1,integrated: experiments/cryptosage + CryptoSage site overview
CryptoSage-CryptoCave-reviewed/CryptoSage-organized/docs/foundations/index.md,1670,7a41cc87c857238397fcf434c9e9978fa19219a70b84f1732b1058989f410d62,integrated: experiments/cryptosage + CryptoSage site overview
CryptoSage-CryptoCave-reviewed/CryptoSage-organized/docs/foundations/_category_.json,47,469ceaafe5ae359b73f26bbf41e4a0da2a4bf75ecb8f240f0e34fe3381188d7c,integrated: experiments/cryptosage + CryptoSage site overview
CryptoSage-CryptoCave-reviewed/CryptoSage-organized/docs/getting-started.md,1241,265e2d1ec2993d0e4a4e1c71fde3a1622a92e76ba41aaccc314a9fc9f01078f1,integrated: experiments/cryptosage + CryptoSage site overview
CryptoSage-CryptoCave-reviewed/CryptoSage-organized/docs/index.md,1683,4fdfe3d78b58d04deeeb673ab787f375fe8c8f61bc5ca6389d64459b0504637a,integrated: experiments/cryptosage + CryptoSage site overview
CryptoSage-CryptoCave-reviewed/CryptoSage-organized/docs/integer-factorization/rsa-and-paillier.md,1388,41ab6e822fe32aae395029a010211f12ef16a1c9420d7f822d58f44d209321c5,integrated: experiments/cryptosage + CryptoSage site overview
CryptoSage-CryptoCave-reviewed/CryptoSage-organized/docs/integer-factorization/_category_.json,64,8e9a03c316e81626b8a055fc90f93e4761135c9c1eff21371c675abe2fb67131,integrated: experiments/cryptosage + CryptoSage site overview
CryptoSage-CryptoCave-reviewed/CryptoSage-organized/docs/key-agreement/index.md,1241,08bb3d6286ae27c93c62417bb0b03703efcb4ae6345a740f88d4acd3143d08ae,integrated: experiments/cryptosage + CryptoSage site overview
CryptoSage-CryptoCave-reviewed/CryptoSage-organized/docs/key-agreement/_category_.json,49,084bdfc5288bf1ce3a955b5ddc163981279645d7131b30255f241ff230827545,integrated: experiments/cryptosage + CryptoSage site overview
CryptoSage-CryptoCave-reviewed/CryptoSage-organized/docs/pairings/index.md,1338,753d650b6e8f9af32fe85828ab4dd71f44bd02bb3a61b83c6ca00555f4391d73,integrated: experiments/cryptosage + CryptoSage site overview
CryptoSage-CryptoCave-reviewed/CryptoSage-organized/docs/pairings/_category_.json,76,13b82607d028ad83818649a68a170962ca7b15a38970474a004bd298ef94648e,integrated: experiments/cryptosage + CryptoSage site overview
CryptoSage-CryptoCave-reviewed/CryptoSage-organized/docs/security-status.md,1543,1251477efa3ff408bfd0264eeb2b7e44e04c7f91b8d5576540ae742b71a9edaa,integrated: experiments/cryptosage + CryptoSage site overview
CryptoSage-CryptoCave-reviewed/CryptoSage-organized/examples/curve_generation_demo.sage,598,2c913f4c9bb340cccdeee7baa7e6405edd8456d6162181082fd095d11b651834,integrated: experiments/cryptosage + CryptoSage site overview
CryptoSage-CryptoCave-reviewed/CryptoSage-organized/examples/ecdsa_demo.sage,584,34ee7874ce3a70e097dfc1cd578d0164e88af9273cf13197af77f0fe63277ba7,integrated: experiments/cryptosage + CryptoSage site overview
CryptoSage-CryptoCave-reviewed/CryptoSage-organized/examples/ecies_demo.sage,763,33b4d8ea0d9ba10b5178a0d78f4cf16ba783d4a5b1270d8b09297cb883af1c52,integrated: experiments/cryptosage + CryptoSage site overview
CryptoSage-CryptoCave-reviewed/CryptoSage-organized/examples/eckcdsa_demo.sage,617,df57759f3c699184b0cbf9b24844ee19b183933624f839371a055ed71534b199,integrated: experiments/cryptosage + CryptoSage site overview
CryptoSage-CryptoCave-reviewed/CryptoSage-organized/examples/ecmqv_demo.sage,438,8e394d517e0a335d18d59ec2839246e99c27f6ae17474481cdf1c43a0f6b1228,integrated: experiments/cryptosage + CryptoSage site overview
CryptoSage-CryptoCave-reviewed/CryptoSage-organized/examples/paillier_demo.sage,846,7b3f87d52f76740e787a48282e12ec842146acfd37fcce2c38d9c6897b787b56,integrated: experiments/cryptosage + CryptoSage site overview
CryptoSage-CryptoCave-reviewed/CryptoSage-organized/examples/pairing_demo.sage,288,18f281f60082a66edfd55066f1ef8c234b0b4d7d5fc0e03c89dd4c11f4508e1d,integrated: experiments/cryptosage + CryptoSage site overview
CryptoSage-CryptoCave-reviewed/CryptoSage-organized/examples/psec_demo.sage,756,0600fed48003277bb26382a2f0fffe2aa953475d60f33ff37ba24656d71c5bdf,integrated: experiments/cryptosage + CryptoSage site overview
CryptoSage-CryptoCave-reviewed/CryptoSage-organized/examples/rsa_keygen_demo.sage,225,0b036873979c0831b4dd3048c28370b5b7bbda95aefbf2fb98af617acaae84d5,integrated: experiments/cryptosage + CryptoSage site overview
CryptoSage-CryptoCave-reviewed/CryptoSage-organized/examples/sts_key_confirmation_demo.sage,491,4f92ce8f10a2f0256d167003cd10108e540f117ee1f82cd5600ed46d7308a355,integrated: experiments/cryptosage + CryptoSage site overview
CryptoSage-CryptoCave-reviewed/CryptoSage-organized/NOTICE.md,834,c700800fc3ba57c30195ea34f4ce198fb6accfdc1936e1216fd552fd1a57ce2b,integrated: experiments/cryptosage + CryptoSage site overview
CryptoSage-CryptoCave-reviewed/CryptoSage-organized/ORIGINAL_FILE_MAP.md,2082,14c6c7f9f8efcacab8002bd44d0549f1074fbcece153b3901f0ce6c2ab5948d4,integrated: experiments/cryptosage + CryptoSage site overview
CryptoSage-CryptoCave-reviewed/CryptoSage-organized/README.md,3056,daf1194c6b6d5e55d7bed5e24bdd5e276a41312e5c06d78a0629308128bb6e0e,integrated: experiments/cryptosage + CryptoSage site overview
CryptoSage-CryptoCave-reviewed/CryptoSage-organized/REVIEW_NOTES.md,3344,dc044f94d0f6c40203e1227ab3f329bedec35c60b94f3570635f389c79012ac1,integrated: experiments/cryptosage + CryptoSage site overview
CryptoSage-CryptoCave-reviewed/CryptoSage-organized/src/elliptic_curves/curves/prime192v1.sage,1086,c66ee061c4e712a3f981353f054b5851dc9ab68bfedf07f32445b4b8981df172,integrated: experiments/cryptosage + CryptoSage site overview
CryptoSage-CryptoCave-reviewed/CryptoSage-organized/src/elliptic_curves/curve_generation.sage,4166,ddd1100ac36700eb3f6fee70e742ce2ec5b384b9490daae032a87f451cacfa45,integrated: experiments/cryptosage + CryptoSage site overview
CryptoSage-CryptoCave-reviewed/CryptoSage-organized/src/elliptic_curves/ecdsa.sage,1840,a26f2e70a590c20cd6579f5d6e30c0c97943b31b51a60c09635735f771f3cc11,integrated: experiments/cryptosage + CryptoSage site overview
CryptoSage-CryptoCave-reviewed/CryptoSage-organized/src/elliptic_curves/ecies.sage,2802,1b368c4741f3f86ffa94ef2162ed5b3e095f0c789d97ff8af34b4c72ba654667,integrated: experiments/cryptosage + CryptoSage site overview
CryptoSage-CryptoCave-reviewed/CryptoSage-organized/src/elliptic_curves/eckcdsa.sage,2193,9c34b92fa67141182d637fe66f16ac92afa6a93db7441a52aa338968ea3753a9,integrated: experiments/cryptosage + CryptoSage site overview
CryptoSage-CryptoCave-reviewed/CryptoSage-organized/src/elliptic_curves/key_generation.sage,330,788bf6ea3535ddc0c38773e3dfa2a486568f3675a6d84a6dfa1f32f6dfdb3cb1,integrated: experiments/cryptosage + CryptoSage site overview
CryptoSage-CryptoCave-reviewed/CryptoSage-organized/src/elliptic_curves/psec.sage,4149,49c92efb415a27535a51d26c30b08b134fa6706e384426a7cf1ad21c663a4c15,integrated: experiments/cryptosage + CryptoSage site overview
CryptoSage-CryptoCave-reviewed/CryptoSage-organized/src/foundations/digest.sage,916,a416a5f825f7dc933b08937354f364a0e45412dd7a005b348fb9c5aac1f20ab5,integrated: experiments/cryptosage + CryptoSage site overview
CryptoSage-CryptoCave-reviewed/CryptoSage-organized/src/foundations/math_helpers.sage,4372,55d3b3909149580bf8f0ef2545029887d56809ea6fbbca352935f68bec48eddd,integrated: experiments/cryptosage + CryptoSage site overview
CryptoSage-CryptoCave-reviewed/CryptoSage-organized/src/integer_factorization/paillier.sage,2671,cc6e1e1988f9bcea71dd0173571316de8f7a07fc72c9928c68dc29fd626d5400,integrated: experiments/cryptosage + CryptoSage site overview
CryptoSage-CryptoCave-reviewed/CryptoSage-organized/src/integer_factorization/rsa_keygen.sage,1694,7cbf38755f728d1153a556e1d4b2b8504b142d7c9ed396b0563001e970ca9641,integrated: experiments/cryptosage + CryptoSage site overview
CryptoSage-CryptoCave-reviewed/CryptoSage-organized/src/key_agreement/ecmqv.sage,4058,b8a03812918ee736e635f06d8b0c0853062203f6057107f2073f6a2e6ac76477,integrated: experiments/cryptosage + CryptoSage site overview
CryptoSage-CryptoCave-reviewed/CryptoSage-organized/src/key_agreement/sts_key_confirmation.sage,3812,8e0b15d13697486efea3e775ace4b4b98498ef712f64a02685978a10ef84ddc1,integrated: experiments/cryptosage + CryptoSage site overview
CryptoSage-CryptoCave-reviewed/CryptoSage-organized/src/pairings/miller_pairing_demo.sage,3922,0a5d09297ff4437d91d7b1a86a245d769a943b6f59e5604ed095b5a28888bfc3,integrated: experiments/cryptosage + CryptoSage site overview
CryptoSage-CryptoCave-reviewed/CryptoSage-organized/tests/run_all.sage,3879,f68bf47d7e2a74e83c54e83c06a2c0c6687643481aaddac4ae1f17fa1e391b12,integrated: experiments/cryptosage + CryptoSage site overview
Homomorphic/BGV.ipynb,214920,95e195844e5bf6b0ad32d49fc1c7faa743a360ea1a7a90b452e7af4a3e6455e6,integrated: Homomorphic Encryption series + experiments/homomorphic
Homomorphic/BGV.md,42099,11001acf69f5fab8fb251eb545a2fc7dcdb2a26562749410195e257269a28120,integrated: Homomorphic Encryption series + experiments/homomorphic
Homomorphic/BGV.py,24603,7a570d59f0237674d37acbe905e567d7def6fc64288ee2fb6b5eb80af46ccfaf,integrated: Homomorphic Encryption series + experiments/homomorphic
Homomorphic/DGHV_fhe_over_integers.ipynb,19879,8a43866f92de2ce494061d3cd1c4f644d5e8c1a9035ce25258ce6be70d3cb7ec,integrated: Homomorphic Encryption series + experiments/homomorphic
Homomorphic/FHEovertheintegers.md,7268,4b818fcd9160af5cad2033032edfd7fdfe2a009c21c034026d65394804ca1663,integrated: Homomorphic Encryption series + experiments/homomorphic
Homomorphic/FHEovertheintegers.py,5807,145671e641c62cb54cd386b17355f5ea857ae2e62e049ade23f7facff55a4940,integrated: Homomorphic Encryption series + experiments/homomorphic
Homomorphic/homo.py,7787,530fd1458b5250223e0008504dabeea908bc5e01e1a3559b6c019c45b79f6215,integrated: Homomorphic Encryption series + experiments/homomorphic
Homomorphic/Homomorphic.md,12745,ec71b38fed8555bdf0b31ee542a68092cf5db64307a98b803519eb902ee4da75,integrated: Homomorphic Encryption series + experiments/homomorphic
Homomorphic/images/actions1.PNG,47160,71ec41d7c9b7ae5a8ae56e14a84629134db1abfdc64b97d07e4c3d0ce395f83a,integrated: Homomorphic Encryption series + experiments/homomorphic
Homomorphic/images/actions2.PNG,55609,c951c603b5163493b0e7aeacdbf49920c3342cd9154aa0f792a07336d9e57f52,integrated: Homomorphic Encryption series + experiments/homomorphic
Homomorphic/images/connection.PNG,171244,fc6eb9c6cd6000c3f8b93a197b5043b407b7002ae0f0d87fa7d58e5df0436417,integrated: Homomorphic Encryption series + experiments/homomorphic
Homomorphic/images/homo1.PNG,43721,ca5a9cf710592284ff2bd3f4d0a4b2ada6420548d2c13eb23a35b9faef00c6b8,integrated: Homomorphic Encryption series + experiments/homomorphic
Homomorphic/images/homo2.PNG,65192,4d18f4c915107a2b0101c5b9bb6d4f5358e65c62c4726db160e2cb0715465dad,integrated: Homomorphic Encryption series + experiments/homomorphic
Homomorphic/images/homo3.PNG,99152,9f10900fb49432b91fc438d83ec2c0f78325975000e2cdf1e9e8fc7db8e0553f,integrated: Homomorphic Encryption series + experiments/homomorphic
Homomorphic/images/homo4.PNG,8309,c6bc3c85bf0202fd78221d7a4ecd8ea7a5c666431a23f3dd69faad848eedd74c,integrated: Homomorphic Encryption series + experiments/homomorphic
Homomorphic/images/homo5.PNG,6919,b82ee1349ba1c950c0d1ee4390a33f31bf71372e5e168899b7b549a494a53b1a,integrated: Homomorphic Encryption series + experiments/homomorphic
Homomorphic/images/noise.PNG,51985,8a63a7a4a3ca9530a4d43443b40ca753deee0d6c39124b3b5adb7ea8c3afc1e9,integrated: Homomorphic Encryption series + experiments/homomorphic
Homomorphic/images/SHEscheme.PNG,46753,e8ebd6714e667f391afbea87a529c01a3b04b2d9e6a573fa7fb7fe4063972c2c,integrated: Homomorphic Encryption series + experiments/homomorphic
Homomorphic/new/Benaloh/Benaloh.md,3636,c55557dd2c7bffe5ea69b914c958d29018233e7ab5aa2d5897e292fc743bebe6,integrated: Homomorphic Encryption series + experiments/homomorphic
Homomorphic/new/Benaloh/benaloh.py,2492,538db3bde36d28c85e51f925288defd93082e21c9a5c8d079e223aa668b460c2,integrated: Homomorphic Encryption series + experiments/homomorphic
Homomorphic/new/Damgard-Jurik/Damgard-Jurik.md,5338,d50c89d7985ad0bbc9dc889a3d810331d0760366468b0a4bd57caefae59c5d4f,integrated: Homomorphic Encryption series + experiments/homomorphic
Homomorphic/new/Damgard-Jurik/Damgard-Jurik.py,1717,b5e4f72ac0475391617963dd2c0d4d5bfc0842a1a2f64e61e49a4fcf6731dc76,integrated: Homomorphic Encryption series + experiments/homomorphic
Homomorphic/new/Goldwasser-Micali/GM.py,2971,79a5cdeba5a6e8bfcfa4725ccc685b3ce507f97072c3c842cabf710689a0c70c,integrated: Homomorphic Encryption series + experiments/homomorphic
Homomorphic/new/Goldwasser-Micali/Goldwasser-Micali.md,4892,fa868f5f94755435f43d87aa7f37bed9f533755a25d4dafbb7731a4c59b3740c,integrated: Homomorphic Encryption series + experiments/homomorphic
Homomorphic/new/Nacchache-Stern/Naccache–Stern.py,3024,18608e3b1b478c824f70713d325f6aca6bd09243259bca380d0ce706267d0512,integrated: Homomorphic Encryption series + experiments/homomorphic
Homomorphic/new/Nacchache-Stern/Nacchache-Stern.md,2446,65eb9aa75cc79303c67220f7d316620b85298ae642decd18b0dee7326a783ea4,integrated: Homomorphic Encryption series + experiments/homomorphic
Homomorphic/new/Okamoto-Uchiyama/Okamoto-Uchiyama.md,4355,05da20e72cc13fdbc1756b3fbaafce4a69e81a11595eed661921537b9f61d1a3,integrated: Homomorphic Encryption series + experiments/homomorphic
Homomorphic/new/Okamoto-Uchiyama/Okamoto–Uchiyama.py,2165,d732d3f15881236e0ba07d1f6d6f37af4ac7c725d2a9b794af1878024c52f20b,integrated: Homomorphic Encryption series + experiments/homomorphic
Homomorphic/Paillier Encryption Scheme.ipynb,6899,9024b2b95a811a68086fe586e60f29923d6bed99a35a29a1b0ee5539a2996082,integrated: Homomorphic Encryption series + experiments/homomorphic
Homomorphic/pre_fhe.ipynb,11831,5a54c39702f63fe676ed6c3535ee9d2086fd3a426107ee2f0ede50a0047409b9,integrated: Homomorphic Encryption series + experiments/homomorphic
Homomorphic/rlwe_he_scheme_updated.py,13592,fa6ff6230ae8dd8cbbd9872f22baf240102df964dd5092e862adeedeb31804be,integrated: Homomorphic Encryption series + experiments/homomorphic
Homomorphic/SHE.md,3571,866467e8cfa0192a7900a8c0eff31169e3e9e8f5c984859188966295c13bb2cb,integrated: Homomorphic Encryption series + experiments/homomorphic
Homomorphic/SHE.py,16619,b1677fc2738113a8a3c70c0f367705a76d888fa84d57ef995a9cecc04cb0d084,integrated: Homomorphic Encryption series + experiments/homomorphic
Homomorphic/Theory/1. Homomorphic Encryption.pdf,488298,a41d347bf83fea619943da414fc4c1ba11e02935e31317b3274801e6a185f71d,retained locally: .local-reference-library/homomorphic-research (deduplicated; see catalog)
Homomorphic/Theory/2017-956.pdf,655125,8123d5e1ae1d67f054f6f55d4026bb6d3248356cde1a261c66137fd46bcc45b5,retained locally: .local-reference-library/homomorphic-research (deduplicated; see catalog)
Homomorphic/Theory/2018-1043.pdf,409944,ac61f01b3571d0b5f5b6b07db89e4044c986a899e9a240a77b807a9e4506c12c,retained locally: .local-reference-library/homomorphic-research (deduplicated; see catalog)
Homomorphic/Theory/2019-961.pdf,1132480,00520fb0beec46e84bbc7739c333b8f13984444e3f6d5d1a8312fed269e5ae19,retained locally: .local-reference-library/homomorphic-research (deduplicated; see catalog)
Homomorphic/Theory/2020-1481.pdf,526847,50cde9fd82718dd34dc2daa34c13573e3262da7fb70497b7d9ccc6c873b060d1,retained locally: .local-reference-library/homomorphic-research (deduplicated; see catalog)
Homomorphic/Theory/2021-490.pdf,533783,4f71f5acf49b51a981349f28b30b01a0984881a9d3daf8e079ebe36cfe4c1b9c,retained locally: .local-reference-library/homomorphic-research (deduplicated; see catalog)
Homomorphic/Theory/2021-572.pdf,425599,a6bd0b016b36ea2fa5e698885ae3adb7c785f3e9ff6ed69f5e8a8b7d3dd3de47,retained locally: .local-reference-library/homomorphic-research (deduplicated; see catalog)
Homomorphic/Theory/2021-634.pdf,474573,182b3df4e530023f4af3ace62d9eb35bc3425d6d49df6d4071266992818469ad,retained locally: .local-reference-library/homomorphic-research (deduplicated; see catalog)
Homomorphic/Theory/2021-659.pdf,3374655,db6abaa217e52358ee16536af6cd3f5759b4afdaaac494585e9ec6e3b223f9f8,retained locally: .local-reference-library/homomorphic-research (deduplicated; see catalog)
Homomorphic/Theory/2021-691.pdf,467077,e30094dd2c7ed231163d16ac3c5099319f87e9c7bd727a2ed45ae0c77453d545,retained locally: .local-reference-library/homomorphic-research (deduplicated; see catalog)
Homomorphic/Theory/2021-722.pdf,467471,5866d133014a1a44b55d350200003810302bd79204d848bc9fc52e8ce80e410a,retained locally: .local-reference-library/homomorphic-research (deduplicated; see catalog)
Homomorphic/Theory/2021-729.pdf,829945,96d2b32894045375dd2f2dea5a01578b0163e39c19e88151cdec321ec1050dcd,retained locally: .local-reference-library/homomorphic-research (deduplicated; see catalog)
Homomorphic/Theory/2021-731.pdf,819837,46bd27b892901ae04f8b8ed70d969797fc422fdbb04c12547309d8c1ef1acb21,retained locally: .local-reference-library/homomorphic-research (deduplicated; see catalog)
Homomorphic/Theory/2021-803.pdf,540396,cbd99e8e553b7cfba37a6d166aa4be27550b55f28cb9a8d4d4f46f527e8cf60f,retained locally: .local-reference-library/homomorphic-research (deduplicated; see catalog)
Homomorphic/Theory/2021-811.pdf,213219,c6a2a517ef87d875f798b84b6fbb35a164622282008f6213e660f1b7e8261885,retained locally: .local-reference-library/homomorphic-research (deduplicated; see catalog)
Homomorphic/Theory/3561800.pdf,638395,b63e9519c355c123c92e3ee774b8d77fb5512de614912b15a057700149ad78fd,retained locally: .local-reference-library/homomorphic-research (deduplicated; see catalog)
Homomorphic/Theory/62230156.pdf,245702,66f9d9ff3cfb86fd4c1c36ba879ce186235fe478bbbe007c60ce454a27664b02,retained locally: .local-reference-library/homomorphic-research (deduplicated; see catalog)
Homomorphic/Theory/Accelerator for Computing on Encrypted Data.pdf,1238971,9ff6a7182e5a89d23b6fc264b187803c0023bf193d04d6f894afac99a587628c,retained locally: .local-reference-library/homomorphic-research (deduplicated; see catalog)
Homomorphic/Theory/BGV scheme/inferati-fhe-bfv.pdf,198979,293a98bc6ef5fbe3b80e97c3614718f35ca112742fccfe935521e0c4c664669c,retained locally: .local-reference-library/homomorphic-research (deduplicated; see catalog)
Homomorphic/Theory/BGV scheme/inferati-fhe-bgv.pdf,954748,234a097c5d35f74aa349dd99832aa3aa9db1409d2235d6c212657f6916f0bcdf,retained locally: .local-reference-library/homomorphic-research (deduplicated; see catalog)
Homomorphic/Theory/BGV scheme/inferati-fhe-ckks.pdf,1130898,ea06045d61354b5da79fbf80ac6d44df90a75ffca5ad4bd9b97b0147eb1ec34f,retained locally: .local-reference-library/homomorphic-research (deduplicated; see catalog)
Homomorphic/Theory/Can Round-Optimal Lattice-Based Blind Signatures be Practical.pdf,718192,2369fcd7fc71c8ce9a55966024f9897dd006733591f4e4663cc1b9d1002decaa,retained locally: .local-reference-library/homomorphic-research (deduplicated; see catalog)
Homomorphic/Theory/craig-thesis.pdf,952183,9e7f32f1b8543416fc6c2fcbfedd5d2d69150226b9bbd2cccac57840a5db7b66,retained locally: .local-reference-library/homomorphic-research (deduplicated; see catalog)
Homomorphic/Theory/Differential Privacy Papers/NIPS-2010-multiparty-differential-privacy-via-aggregation-of-locally-trained-classifiers-Paper.pdf,271821,d96180627c95bc585dcdf2d69d9ce959f9fefbceb4da1b4b9694a2eea616e211,retained locally: .local-reference-library/homomorphic-research (deduplicated; see catalog)
Homomorphic/Theory/FHE/3538969.3544438.pdf,565921,b30d326caf8003f7bced8c08dd14d9630b51607ef1838a56fe395be88556ad62,retained locally: .local-reference-library/homomorphic-research (deduplicated; see catalog)
Homomorphic/Theory/FHE/FHE Questions-Answers.odt,32345,ed204da16edc203a315e7d2c9b7d9e7de37280d752cb98e45946ef8199c45a95,retained locally: .local-reference-library/homomorphic-research (deduplicated; see catalog)
Homomorphic/Theory/FHE/HomSigClass.pptx,1175686,6234ac4f2edf5f49e33e52100e725299a4d51fba8555447285f04d2495333016,retained locally: .local-reference-library/homomorphic-research (deduplicated; see catalog)
Homomorphic/Theory/FHE/Lattices/2009-616.pdf,366989,7fb2e597a7b3f9a4bb5d11007329bb6879833a2272ae1aa36f9324ef98576163,retained locally: .local-reference-library/homomorphic-research (deduplicated; see catalog)
Homomorphic/Theory/FHE/Lattices/2011-566.pdf,530509,a74a947706a45a2d919e41dc20bdcce748185a7d80688b6e5717c8eb68cff1dd,retained locally: .local-reference-library/homomorphic-research (deduplicated; see catalog)
Homomorphic/Theory/FHE/Lattices/2013-250.pdf,300904,79c31a0297f73778536370c31158311e8027a3ffa241cbbdd317c5dc146d9529,retained locally: .local-reference-library/homomorphic-research (deduplicated; see catalog)
Homomorphic/Theory/FHE/Lattices/2015-1092.pdf,403335,266c65f5814ecfc9cd4c2dc65edc8768c29ee6462e2b773d95674a8cddbd6934,retained locally: .local-reference-library/homomorphic-research (deduplicated; see catalog)
Homomorphic/Theory/FHE/Lattices/2015-939.pdf,703532,1a9802b66031a2b863fd498a5de4a71cdb1bd46ac1d47dc1f4a67ae341357488,retained locally: .local-reference-library/homomorphic-research (deduplicated; see catalog)
Homomorphic/Theory/FHE/Lattices/2016-659.pdf,712628,fc09b10ab451aa9bb2fabd9a41dd28e11aeccc290fe4653edc21314f14b9a994,retained locally: .local-reference-library/homomorphic-research (deduplicated; see catalog)
Homomorphic/Theory/FHE/Lattices/2016-837.pdf,421081,dc2fc4293a0d730670c972c20741f3acae388dd1f7e3948680fd7f777e12b7ad,retained locally: .local-reference-library/homomorphic-research (deduplicated; see catalog)
Homomorphic/Theory/FHE/Lattices/2018-153.pdf,452698,c916601102b9356c884ef33c20d10791f2a36cae9c095708933d300e0ffbfc18,retained locally: .local-reference-library/homomorphic-research (deduplicated; see catalog)
Homomorphic/Theory/FHE/Lattices/2018-244.pdf,397508,eb1175dbdd733bb3c6776b5f1424c9ba61c40ce0c9bcc712389391e3efd29ae0,retained locally: .local-reference-library/homomorphic-research (deduplicated; see catalog)
Homomorphic/Theory/FHE/Lattices/2018-421.pdf,950943,23fa887ff217f14a47763d6711d8c9304a392954751bee11799a223499d393cd,retained locally: .local-reference-library/homomorphic-research (deduplicated; see catalog)
Homomorphic/Theory/FHE/Lattices/2021-691.pdf,467077,e30094dd2c7ed231163d16ac3c5099319f87e9c7bd727a2ed45ae0c77453d545,retained locally: .local-reference-library/homomorphic-research (deduplicated; see catalog)
Homomorphic/Theory/FHE/Lattices/2022-704.pdf,1221616,d266950337ca8de10de94208975b42a7568c8dd526719335aeea64df965054b5,retained locally: .local-reference-library/homomorphic-research (deduplicated; see catalog)
Homomorphic/Theory/FHE/Lattices/276698.276705.pdf,1322288,0ee6f4aa035b10009a54459d6d2df4bd9d491edeec2940ffeb00e5883ab1d5f2,retained locally: .local-reference-library/homomorphic-research (deduplicated; see catalog)
Homomorphic/Theory/FHE/Lattices/he-chapter.pdf,537448,cbc0b6933b391225145ea3e7a6c3f5c59a448079354d6890be99499b8020c7cd,retained locally: .local-reference-library/homomorphic-research (deduplicated; see catalog)
Homomorphic/Theory/FHE/Lattices/qcrypto.pdf,644195,15cfcb652725246f647a07bf9e993e723daa9207270fb688d342afbf51a0a656,retained locally: .local-reference-library/homomorphic-research (deduplicated; see catalog)
Homomorphic/Theory/FHE/Lattices/The approximate common divisor problem _ COSIC.pdf,214622,56819e399ba27989ce4fc5be5f06d1cc3ecf4dec7f7477488e7c036d8544e904,retained locally: .local-reference-library/homomorphic-research (deduplicated; see catalog)
Homomorphic/Theory/FHE/Lattices/The LLL Algorithm_ Survey and Applications [Nguyen & Valée 2009-12-02].pdf,7202196,caf603ebb52a35aaa27d3b9cc1098b70520ad110ba0f34212d81641f1546d95e,retained locally: .local-reference-library/homomorphic-research (deduplicated; see catalog)
Homomorphic/Theory/FHE/Lattices/whitepaper.pdf,301500,6b5c1abee7b26b77573c361b03b3283a887babfc0e3cf9efb27c1ae70300455a,retained locally: .local-reference-library/homomorphic-research (deduplicated; see catalog)
Homomorphic/Theory/FHE/When Homomorphism Becomes a Liability.pdf,125875,1d6fb01ef8c9e13b256c2d13c6a9e4b6963104064f57d2d0340bf4606d96f6ad,retained locally: .local-reference-library/homomorphic-research (deduplicated; see catalog)
Homomorphic/Theory/FHE-MPC notes/Lecture1.pdf,94387,da5d4bd8c81f16a657e898257ebf1aa68d19e190c1e0c937bb01f2cf0850e202,retained locally: .local-reference-library/homomorphic-research (deduplicated; see catalog)
Homomorphic/Theory/FHE-MPC notes/Lecture2.pdf,96121,44792a3399147e456f1880d024c7720b6017421961596b4faf302f61a69c9499,retained locally: .local-reference-library/homomorphic-research (deduplicated; see catalog)
Homomorphic/Theory/FHE-MPC notes/Lecture3.pdf,78466,75949fa777ff1e1e95433fc0d0f9d8826aa607db49b4a4a86a273bf4b316f53e,retained locally: .local-reference-library/homomorphic-research (deduplicated; see catalog)
Homomorphic/Theory/FHE-MPC notes/Lecture4.pdf,103645,2dfbd2d8b0eb884bbeffffad2563d3153d99261f37015f868b36bb96ed3931d2,retained locally: .local-reference-library/homomorphic-research (deduplicated; see catalog)
Homomorphic/Theory/FHE-MPC notes/Lecture5.pdf,77153,07ce3b0b22800cc870211651e42f00e524627517290c9e6a2b523857e9b0fb02,retained locally: .local-reference-library/homomorphic-research (deduplicated; see catalog)
Homomorphic/Theory/FHE-MPC notes/Lecture6.pdf,79630,5e50cd3890349bee50714500a66b95c8c8371394dd273c23bbce5cb2abb31c15,retained locally: .local-reference-library/homomorphic-research (deduplicated; see catalog)
Homomorphic/Theory/FHE-MPC notes/Lecture7.pdf,100425,8784be7c8d13d3217edad822fc503945eb4e3f65e794000851bc39837b4ad86e,retained locally: .local-reference-library/homomorphic-research (deduplicated; see catalog)
Homomorphic/Theory/FHE-MPC notes/Lecture8.pdf,68874,975dd7a2d7f7b9e7f67ccde840346be5c399f975e2e7464cbd5e88d159a4218a,retained locally: .local-reference-library/homomorphic-research (deduplicated; see catalog)
Homomorphic/Theory/FHE-MPC notes/Lecture9.pdf,93196,556a64a3b3ef3e5285fecd0ee1f27f7105d424dbfd4f03c7c56dcc976af3c5da,retained locally: .local-reference-library/homomorphic-research (deduplicated; see catalog)
Homomorphic/Theory/he-chapter.pdf,537448,cbc0b6933b391225145ea3e7a6c3f5c59a448079354d6890be99499b8020c7cd,retained locally: .local-reference-library/homomorphic-research (deduplicated; see catalog)
Homomorphic/Theory/Homo+ML/1-s2.0-S0167404821002261-main.pdf,2841925,6434e10633dafc8e11065d4370c6f698e6060fc1bdb8f67ccf9379c3d70b3c3d,retained locally: .local-reference-library/homomorphic-research (deduplicated; see catalog)
Homomorphic/Theory/Homo+ML/107442_MADI_2022_archivage.pdf,2587840,a0a0a19fd684457eff2de3e2f41b07113ce36ffd698ac238be4fa0172dbfc251,retained locally: .local-reference-library/homomorphic-research (deduplicated; see catalog)
Homomorphic/Theory/Homo+ML/2022.findings-acl.277.pdf,1230252,ddb41479c203bc5c4506795f6c504e1bc4904f41194be0374048db9944e2e28f,retained locally: .local-reference-library/homomorphic-research (deduplicated; see catalog)
Homomorphic/Theory/Homo+ML/2112.12855v2.pdf,298693,aeefcaaff34c6232f16d2b3eb12f229c099256e4a4b816608cf47c93abc4e14a,retained locally: .local-reference-library/homomorphic-research (deduplicated; see catalog)
Homomorphic/Theory/Homo+ML/3133956.3133982.pdf,1760410,b9d7ae729165b4aeb7bf4999ce820c537125bc1a74b1d800ba4d055061d0e0b8,retained locally: .local-reference-library/homomorphic-research (deduplicated; see catalog)
Homomorphic/Theory/Homo+ML/A_study_on_Privacy_Preserving_Federated_Learning_and_enhancement_through_Transfer_Learning.pdf,1469331,faa16989c6a40fb6e12442de66ed05e9df38f015959bf03412b6af8a8e2fa1e9,retained locally: .local-reference-library/homomorphic-research (deduplicated; see catalog)
Homomorphic/Theory/Homo+ML/entropy-24-01545-v2.pdf,407196,c8bb5d13b7ce828f95e8218109c7398259b4198051604b77dc3dab3a42f5185f,retained locally: .local-reference-library/homomorphic-research (deduplicated; see catalog)
Homomorphic/Theory/Homo+ML/futureinternet-13-00094.pdf,866303,b2f8f8b50e119d770e11b10e696820848524ab888051fbca3a604a2bc7174545,retained locally: .local-reference-library/homomorphic-research (deduplicated; see catalog)
Homomorphic/Theory/Homo+ML/phong2018.pdf,2410948,9944498f3234d15fc6068a4f5c7b3dd73b6af4ba72820a969ee047471c94e756,retained locally: .local-reference-library/homomorphic-research (deduplicated; see catalog)
Homomorphic/Theory/KSS09SPEED.pdf,1005399,4ff4052105016c9c035291056c6fd72b19d2596f37bfa76725c51879194c64ef,retained locally: .local-reference-library/homomorphic-research (deduplicated; see catalog)
Homomorphic/Theory/LHE-main.zip,26021,d3a030894b9c9e8adc09a0ccf2a918fdc49042e50313aebbfa6d5562cb18bdc6,extracted: experiments/homomorphic/lhe-reference
Homomorphic/Theory/MFHE/2023-642.pdf,654866,44c5e13a97709ef3e02a0389217cd42c95ec54ce347ed68dc64c5b5d807f4b7a,retained locally: .local-reference-library/homomorphic-research (deduplicated; see catalog)
Homomorphic/Theory/MPC + HE/popets-2021-0071.pdf,762214,651b8ac54826dea706d8b294e866eea4a63716c6127a805713a12a7161c9db72,retained locally: .local-reference-library/homomorphic-research (deduplicated; see catalog)
Homomorphic/Theory/pictures from homomorphic meeting/1.PNG,662464,6a26c13055c74ad09d63b25823a72c3efc7e9728c1e9d021d4fb48c1458774fe,retained locally: .local-reference-library/homomorphic-research (deduplicated; see catalog)
Homomorphic/Theory/pictures from homomorphic meeting/Capture.PNG,658604,589c40da0abaf936c7c16d4f623d1dd3731617d9ec6f802dc9523e64ad7e9684,retained locally: .local-reference-library/homomorphic-research (deduplicated; see catalog)
Homomorphic/Theory/pictures from homomorphic meeting/Capture2.PNG,453568,f0c3f557103759dc4ba8fecb8f53f2898cb353ceb970d376f8aec00e841e769d,retained locally: .local-reference-library/homomorphic-research (deduplicated; see catalog)
Homomorphic/Theory/pictures from homomorphic meeting/Capture3.PNG,154716,43828074ed87624f4eac2bdd87cfc4d6aae120e53047102b56314551ed30c3e7,retained locally: .local-reference-library/homomorphic-research (deduplicated; see catalog)
Homomorphic/Theory/pictures from homomorphic meeting/Capture4.PNG,640480,cf16f66ce334416058fbac94479494c1599e527fcd9b2d484e0111daeb567dcc,retained locally: .local-reference-library/homomorphic-research (deduplicated; see catalog)
Homomorphic/Theory/pictures from homomorphic meeting/Capture5.PNG,1097903,55370c01b397466aaf24cac8dc60b582d68a744b7ea887b06975174488094b55,retained locally: .local-reference-library/homomorphic-research (deduplicated; see catalog)
Homomorphic/Theory/Presentations/2020-11 - Intro to FHE - Pascal Paillier.pdf,10707664,7f7bd29ab314c3657371fa72f53fc1de6b7d90629ad3b418045d0289ba156bdc,retained locally: .local-reference-library/homomorphic-research (deduplicated; see catalog)
Homomorphic/Theory/Presentations/PETS21_-_MHE_from_RLWE.pdf,1361033,be743298ecd029dd8bb6eea4e5e2431c63b69acfec65e1fc7424cce8346a4e85,retained locally: .local-reference-library/homomorphic-research (deduplicated; see catalog)
Homomorphic/Theory/Presentations/raluca.pdf,1930970,76be4dfbcf81f98b5ebe636d3f912032b046d61e4b5f56de611547f06b9ea1de,retained locally: .local-reference-library/homomorphic-research (deduplicated; see catalog)
Homomorphic/Theory/QFHE SCHEMES/10.1.1.736.2716.pdf,748775,342f62f87d6e63222a78d729fca7c957fac349afa0fba76de65b902a19d39dc6,retained locally: .local-reference-library/homomorphic-research (deduplicated; see catalog)
Homomorphic/Theory/QFHE SCHEMES/1204.3370.pdf,504764,e88a7afb1a2d08c2155b6a539f8d58d91755ded4bf8d1a7b644bf25a498065d1,retained locally: .local-reference-library/homomorphic-research (deduplicated; see catalog)
Homomorphic/Theory/QFHE SCHEMES/1411.5254.pdf,618001,fe633efdefc59e7e551b6958cd2276c06dae6a25bdcb80b5252d70911a848e51,retained locally: .local-reference-library/homomorphic-research (deduplicated; see catalog)
Homomorphic/Theory/QFHE SCHEMES/1603.09717.pdf,722219,d9b4c68a962fe7dbd76e8a60c2bec6f16d5fcca08a40e23a010d9fdffffc5645,retained locally: .local-reference-library/homomorphic-research (deduplicated; see catalog)
Homomorphic/Theory/QFHE SCHEMES/1708.02130.pdf,351824,98d791440517d477ba881b7191a92d83e73cca9f3dafba5e58d58b4226c66568,retained locally: .local-reference-library/homomorphic-research (deduplicated; see catalog)
Homomorphic/Theory/QFHE SCHEMES/1708.09156.pdf,674804,4824d33a55d7f05787cd19936c3f8c83267851911ff01240609207b65e96ae55,retained locally: .local-reference-library/homomorphic-research (deduplicated; see catalog)
Homomorphic/Theory/QFHE SCHEMES/1803.10246.pdf,1246201,f38e612c351634899c5bf1b73f3a7e593470092e60e54a5b9f2f23bce0ea6d64,retained locally: .local-reference-library/homomorphic-research (deduplicated; see catalog)
Homomorphic/Theory/QFHE SCHEMES/Schaffner_QFHE_QuICS2017.pptx,2860718,e1952fe3e57f01fa0a1e20abd54486921723c0ebee2e0ee8be8fe475aec6bdc4,retained locally: .local-reference-library/homomorphic-research (deduplicated; see catalog)
Homomorphic/Theory/Quantum Homomorphic Encryption/A quantum approach to homomorphic encryption.pdf,397667,7fae9f91241369bd97dd91da902defb95d992e0d1323d0bd699cd42eeaef96f1,retained locally: .local-reference-library/homomorphic-research (deduplicated; see catalog)
Homomorphic/Theory/Quantum Homomorphic Encryption/A quantum homomorphic encryption scheme for polynomial-sized circuits.pdf,504117,6bd28dc0591de36f2374c254669106e63e42af3a5a1ee142015e5c9433945bf5,retained locally: .local-reference-library/homomorphic-research (deduplicated; see catalog)
Homomorphic/Theory/Quantum Homomorphic Encryption/Classical Homomorphic Encryption for Quantum.pdf,161772,9bc971112aa0a363abb620028ecef7c067148e5840b76be8e8b3b2e34781f10a,retained locally: .local-reference-library/homomorphic-research (deduplicated; see catalog)
Homomorphic/Theory/Quantum Homomorphic Encryption/Experimental Demonstration of Quantum Fully Homomorphic Encryption.pdf,4052439,1869406dcbceb21d9a1578750da1f4dfb24ff4da89e214b4d447f8056f04e35a,retained locally: .local-reference-library/homomorphic-research (deduplicated; see catalog)
Homomorphic/Theory/Quantum Homomorphic Encryption/Experimental quantum homomorphic encryption.pdf,2190475,079f910198533a958dde3ed21c6c06e38fa8a406f5bb8018ed87ed89df387593,retained locally: .local-reference-library/homomorphic-research (deduplicated; see catalog)
Homomorphic/Theory/Quantum Homomorphic Encryption/Grover algorithm-based quantum homomorphic.pdf,1008216,73813dd60ea6205d7b68b1c4d3f75724b75a5634eda543c3265c17460f6ba463,retained locally: .local-reference-library/homomorphic-research (deduplicated; see catalog)
Homomorphic/Theory/Quantum Homomorphic Encryption/Homomorphic Encryption From Scratch To.pdf,257521,0b2f11659f379cde46e4f249dea5169274405bbe6ed603b99f3787a0708cf8dc,retained locally: .local-reference-library/homomorphic-research (deduplicated; see catalog)
Homomorphic/Theory/Quantum Homomorphic Encryption/HOMOMORPHIC ENCRYPTION OF.pdf,4816641,3520807f084be7e93bc1c4990413bcce17ea71cefe534bb63aba765033491641,retained locally: .local-reference-library/homomorphic-research (deduplicated; see catalog)
"Homomorphic/Theory/Quantum Homomorphic Encryption/Lattices, Post-Quantum Security,.pdf",653515,e8ebd1e89bbf4c6360ec44280160ee6cc535189857bd70af6c28bac9f6d59d3f,retained locally: .local-reference-library/homomorphic-research (deduplicated; see catalog)
Homomorphic/Theory/Quantum Homomorphic Encryption/LimitationsOnHomomorphicEncryption.pdf,290038,c55d50f07c13bb6aa88fc668671af5bfed83623acd150d54be8e97fa633340eb,retained locally: .local-reference-library/homomorphic-research (deduplicated; see catalog)
Homomorphic/Theory/Quantum Homomorphic Encryption/memoria.pdf,545101,c124614dc38a1b6dcff08cc0176dda74e40ba29780848c632c3803bdce07e085,retained locally: .local-reference-library/homomorphic-research (deduplicated; see catalog)
Homomorphic/Theory/Quantum Homomorphic Encryption/Privacy-preserving computation in the post-quantum era.pdf,113807,004cc2343e9e8b668d6699bceb5573aebf51eaff0d61a2e155c15b1fd6e25606,retained locally: .local-reference-library/homomorphic-research (deduplicated; see catalog)
Homomorphic/Theory/Quantum Homomorphic Encryption/Quantum Homomorphic Encryption a Survey.pdf,153957,ba8c2918cca92e700aa6911055d9f0b661c5b0ebd7b0af3681d7e3b2108ff84e,retained locally: .local-reference-library/homomorphic-research (deduplicated; see catalog)
Homomorphic/Theory/Quantum Homomorphic Encryption/Quantum Homomorphic Encryption Based on.pdf,182760,d8fced8ea03b787ae6883a16650f009e4c791f4738a221341d65e07844e8a1a2,retained locally: .local-reference-library/homomorphic-research (deduplicated; see catalog)
Homomorphic/Theory/Quantum Homomorphic Encryption/Quantum homomorphic encryption for polynomial-sized circuits (extended abstract).pdf,180433,966c9387f4314066a038534fe15e388403775bb3db23a7f503250d1c8b53202c,retained locally: .local-reference-library/homomorphic-research (deduplicated; see catalog)
Homomorphic/Theory/Quantum Homomorphic Encryption/Quantum homomorphic encryption for.pdf,722219,d9b4c68a962fe7dbd76e8a60c2bec6f16d5fcca08a40e23a010d9fdffffc5645,retained locally: .local-reference-library/homomorphic-research (deduplicated; see catalog)
Homomorphic/Theory/Quantum Homomorphic Encryption/Quantum homomorphic encryption from quantum codes.pdf,614089,6c13396b3b601819d007ede13aa3b3632a4a656e722debd9a6be49116ced0872,retained locally: .local-reference-library/homomorphic-research (deduplicated; see catalog)
"Homomorphic/Theory/Quantum Homomorphic Encryption/Quantum homomorphic encryption scheme with flexible number of evaluator based on ( k, n )-threshold quantum state sharing.pdf",621594,59dbfa1d7363474510e12beb775e5b43b2e660a93b4dfa40f2f323e1f18e526f,retained locally: .local-reference-library/homomorphic-research (deduplicated; see catalog)
Homomorphic/Theory/Quantum Homomorphic Encryption/Quantum Homomorphic Encryption.7z,18572619,80dac81a467607979d49d3ebe110e9f37eee5b741be671923b76b887ac0d84d0,retained locally: .local-reference-library/homomorphic-research (deduplicated; see catalog)
Homomorphic/Theory/Quantum Homomorphic Encryption/QUANTUM HOMOMORPHIC ENCRYPTION.pdf,1615673,4c0d88cac5f9d7c0f05ce3cdb3d51e7bdd2791243c4819487c1c0652b186164d,retained locally: .local-reference-library/homomorphic-research (deduplicated; see catalog)
Homomorphic/Theory/Quantum Homomorphic Encryption/Quantum Search on Encrypted.pdf,1512242,66daa4c87dacb9db476cb91019080190b64413bcf62a04af8e7e4dd8d563fafd,retained locally: .local-reference-library/homomorphic-research (deduplicated; see catalog)
Homomorphic/Theory/Quantum Homomorphic Encryption/Randomly Choose an Angle from Immense.pdf,770492,c63e7a7eebb3691c59e543edf5fcd3796ee9106d9577473ed0df269f4ae8ce25,retained locally: .local-reference-library/homomorphic-research (deduplicated; see catalog)
Homomorphic/Theory/Quantum Homomorphic Encryption/Rate-1 Quantum Fully Homomorphic Encryption.pdf,357090,75abdb4e0d4d7d181c30f6ae1e028ba73d6c77c556510045637a9fc6f4b6886e,retained locally: .local-reference-library/homomorphic-research (deduplicated; see catalog)
Homomorphic/Theory/Quantum Homomorphic Encryption/SECURE ASSISTED QUANTUM COMPUTATION.pdf,196569,a03df4c2220af6bed77d02ffa1258998906266c6606df5840341294a96c9e6de,retained locally: .local-reference-library/homomorphic-research (deduplicated; see catalog)
Homomorphic/Theory/Quantum Homomorphic Encryption/T-FG-QIT4N-2021-D1.1-PDF-E.pdf,318181,8f7ca5fcb407489d461ad9ab9b8d5b8ae5a5981857e6a17a5c233fa9146d06ab,retained locally: .local-reference-library/homomorphic-research (deduplicated; see catalog)
Homomorphic/Theory/Randoms/abadi2016.pdf,714624,d07223cf35ef62f99366ec998b15a8abf1180fe1f0a3d565495d29ebcb19a590,retained locally: .local-reference-library/homomorphic-research (deduplicated; see catalog)
Homomorphic/Theory/Randoms/an-efficient-approach-based-on-privacy-preserving-deep-learning-for-satellite-image.pdf,6580952,6a2773095dcd92d05fdc5ed3efb338fbc39667eb296c730cc7ab77e4d6e93f33,retained locally: .local-reference-library/homomorphic-research (deduplicated; see catalog)
Homomorphic/Theory/Randoms/A_Secure_and_High_Visual-Quality_Framework_for_Medical_Images_by_Contrast-Enhancement_Reversible_Data_Hiding_and_Homomorphic_Encryption.pdf,23187139,55dac7ffe64377a4d524aaa0dafcff93e822496e6136b8df70640e6b8ee155f1,retained locally: .local-reference-library/homomorphic-research (deduplicated; see catalog)
Homomorphic/Theory/Randoms/computers-08-00003.pdf,8641316,4aab39d467300215ba6dc6ebb8f74c0e0c7caf5fab4c616ab8cd58ab189f362b,retained locally: .local-reference-library/homomorphic-research (deduplicated; see catalog)
Homomorphic/Theory/Randoms/document.pdf,491430,33d1ba5bc98c3b044dc81303cead89403deb13ccf362ee7558802b895b4432ea,retained locally: .local-reference-library/homomorphic-research (deduplicated; see catalog)
Homomorphic/Theory/Randoms/Encrypted federated learning for secure decentralized.pdf,1665822,20134080e4663f6c3905fe2b7c141d3fdb4682d6fa8b1e8dcbedbdb736349347,retained locally: .local-reference-library/homomorphic-research (deduplicated; see catalog)
Homomorphic/Theory/Randoms/Homomorphic_Encryption-based_Privacy-preserving_Federated_Learning_in_IoT-enabled_Healthcare_System.pdf,1892592,b9159167cb265f73cbf0e63ef275eac7d1e73dbbe8beccbde1b79888769651bd,retained locally: .local-reference-library/homomorphic-research (deduplicated; see catalog)
Homomorphic/Theory/Randoms/Homomorphic_Encryption_Based_Privacy-Preservation_.pdf,2109817,9d1486a6051ff27d98312a732bfb3716753a83effc4b4376078fe1b224950c1f,retained locally: .local-reference-library/homomorphic-research (deduplicated; see catalog)
Homomorphic/Theory/Randoms/lin2020.pdf,1809580,ecd8de122e991d5505ec3f2d2fef40068bf6b07211f27781fce5fc8622a91a61,retained locally: .local-reference-library/homomorphic-research (deduplicated; see catalog)
Homomorphic/Theory/Randoms/mcmahan17a.pdf,763853,a7a8e2e3e437855c1efb53fe8f35f645eae7735fe9b6ac1f656a62004dbf5146,retained locally: .local-reference-library/homomorphic-research (deduplicated; see catalog)
Homomorphic/Theory/Randoms/Privacy Preservation of Data-Driven Models in Smart.pdf,1756175,79b3302aad36dca9ea862e21d15e2799be6dad980fc8c47bf98434152ac102e4,retained locally: .local-reference-library/homomorphic-research (deduplicated; see catalog)
Homomorphic/Theory/Randoms/remotesensing-14-04631-v2.pdf,3049048,11b9ff8c9b7523281e70098901b0ab2e945e7a0241700821e461b20061acc876,retained locally: .local-reference-library/homomorphic-research (deduplicated; see catalog)
Homomorphic/Theory/Randoms/s12910-022-00852-2.pdf,1193077,090409cf2328a22ed4da7bf13aaa666649c62076ce5c85ffc30606e4fde0c0ba,retained locally: .local-reference-library/homomorphic-research (deduplicated; see catalog)
Homomorphic/Theory/Randoms/s13389-022-00299-6.pdf,973207,9e080501db394878fff70df8706752d055d5ef4b461a3c6bbcda7c7765ce8afe,retained locally: .local-reference-library/homomorphic-research (deduplicated; see catalog)
Homomorphic/Theory/Randoms/s42256-020-0186-1.pdf,1163893,f18cc62557eca51c674fb680dc4f0a9a452aba3e0f21d6e5471cbe7278055a83,retained locally: .local-reference-library/homomorphic-research (deduplicated; see catalog)
Homomorphic/Theory/Randoms/s42256-021-00337-8.pdf,3286711,c90b00145233b06cf4749ee40db95f646b92e6e195fb068f5b37bedc239436dc,retained locally: .local-reference-library/homomorphic-research (deduplicated; see catalog)
Homomorphic/Theory/ScienceDirect_articles_22Dec2022_11-13-10.885.zip,18686950,aa6a3205679cb121354c97b44bf1f5c3ee95d23396134612458fce395fdf8465,retained locally: .local-reference-library/homomorphic-research (deduplicated; see catalog)
Homomorphic/Theory/Tex Homo + ML/NOHOMO.aux,1220,f750b9a514350a573df8d4df3946b4f58bb0e6b025b86a4321899d1ae4d5a809,discarded: generated LaTeX build artifact
Homomorphic/Theory/Tex Homo + ML/NOHOMO.log,55643,b8c5e05c3078db80130e6e294b3fcab05b8cf851cb376e8009e8d7781622aa39,discarded: generated LaTeX build artifact
Homomorphic/Theory/Tex Homo + ML/NOHOMO.out,730,1cb1b0c67635bdab611aa8f32ef83d58d97058499468004683e8cb8dab84705a,discarded: generated LaTeX build artifact
Homomorphic/Theory/Tex Homo + ML/NOHOMO.pdf,280535,d5bf6ff5accc2e70cbbf17c6aa016394dfef4e8af160affc1bd9891b8b33a91e,retained locally: .local-reference-library/homomorphic-research (deduplicated; see catalog)
Homomorphic/Theory/Tex Homo + ML/NOHOMO.synctex.gz,108539,2dcabe0f5cbfc770a19609c85ebf1b20798343f21cf4f808a2adeb5dbfff2f7a,discarded: generated LaTeX build artifact
Homomorphic/Theory/Tex Homo + ML/NOHOMO.tex,6895,8d9efde00d27fa0628f368095b1115ab4edc29aa5568b2f8bf7dfcd0dd45e399,retained locally: .local-reference-library/homomorphic-research (deduplicated; see catalog)
Homomorphic/Theory/Tex Homo + ML/sections/01-Introduction.tex,34427,0cff9016c937c7b975f379f7bdc53301b52372a7aea63e0f8cb50773763f2522,retained locally: .local-reference-library/homomorphic-research (deduplicated; see catalog)
Homomorphic/Theory/Περασμένα σε LaTeX/1909.09731.pdf,1465250,21ebc44a766cd6cef548c92a70a0158ab9b6a0d9aa8ba42dee61d702fe4ea235,retained locally: .local-reference-library/homomorphic-research (deduplicated; see catalog)
Homomorphic/Theory/Περασμένα σε LaTeX/Co6GC_ Finding short vectors in lattices _ COSIC.pdf,319943,893cb7d9d584ee5e6dc7cada80b6cb527fac15bb6d388f827673faa0a9f5433f,retained locally: .local-reference-library/homomorphic-research (deduplicated; see catalog)
Homomorphic/Theory/Περασμένα σε LaTeX/CO6GC_ Homomorphic encryption (part 1)_ computing with secrets _ COSIC.pdf,399255,3ba07b36b63b67f9912f5704da7544a719a363a2402f43cae13ba8f236318400,retained locally: .local-reference-library/homomorphic-research (deduplicated; see catalog)
Homomorphic/Theory/Περασμένα σε LaTeX/Co6GC_ Introduction to Lattice-based Cryptography (Part 1) _ COSIC.pdf,417027,49d617aae817f42de2275eb6064996643e75b00c091cd97c454c2ea897c1d568,retained locally: .local-reference-library/homomorphic-research (deduplicated; see catalog)
Homomorphic/Theory/Περασμένα σε LaTeX/Co6GC_ Introduction to Lattice-based Cryptography (Part 2)_ LWE encryption _ COSIC.pdf,190751,f73391b099a3f36e933638271f90265c26bb785d95a87a041d7435020c99ec08,retained locally: .local-reference-library/homomorphic-research (deduplicated; see catalog)
Homomorphic/Theory/Περασμένα σε LaTeX/Cryptonets.pdf,262702,51bd6547a28d546b395b707ecd8ecf8d64e7cfbc6cae820600fdb2cf8080c307,retained locally: .local-reference-library/homomorphic-research (deduplicated; see catalog)
Homomorphic/Theory/Περασμένα σε LaTeX/easy-fhe.pdf,201016,0006d958c6c7f6772c27346d1535fe6c870660646038310eb1a00d7fe9cb7569,retained locally: .local-reference-library/homomorphic-research (deduplicated; see catalog)
Homomorphic/Theory/Περασμένα σε LaTeX/homo theses/107442_MADI_2022_archivage.pdf,2980753,3518d7aaeeedad180e646273d2e86edf85d9063b09a273c2c610a20758408216,retained locally: .local-reference-library/homomorphic-research (deduplicated; see catalog)
Homomorphic/Theory/Περασμένα σε LaTeX/homo theses/2018IMTA0073_Bonnoron-Guillaume.pdf,2288665,ac883e16aca14574a36530f8767cacc992a817e9c533d9cd90ba18f2fecb97dc,retained locally: .local-reference-library/homomorphic-research (deduplicated; see catalog)
Homomorphic/Theory/Περασμένα σε LaTeX/homo theses/2018SORUS080.pdf,3214731,16b61a869d2b3b027c50e84c36de68c21a0cfb5309626812b9da08667ee8472a,retained locally: .local-reference-library/homomorphic-research (deduplicated; see catalog)
Homomorphic/Theory/Περασμένα σε LaTeX/homo theses/77922_CATHEBRAS_2018_archivage.pdf,2227682,7cee2bc6767a0047e0ad15f9855d688d8e7618fee37051eaf2af6664a83f12c0,retained locally: .local-reference-library/homomorphic-research (deduplicated; see catalog)
Homomorphic/Theory/Περασμένα σε LaTeX/homo theses/97634_ZUBER_2020_archivage.pdf,1867094,2aa1871ede34f9476735953db174d732583bcbed8479f1536fede6ca059de0fd,retained locally: .local-reference-library/homomorphic-research (deduplicated; see catalog)
Homomorphic/Theory/Περασμένα σε LaTeX/homo theses/Crawford_JLH_PhD_final_140420.pdf,960840,faaa8e791dc74aba03592764e7c62585e18ca32004f31223aba6dd71eb80a0ac,retained locally: .local-reference-library/homomorphic-research (deduplicated; see catalog)
Homomorphic/Theory/Περασμένα σε LaTeX/homo theses/diss.pdf,2347312,57323f319d0fb67adba57a9cd547fff2b7787f787c2a2bcbce6bb4003ced3093,retained locally: .local-reference-library/homomorphic-research (deduplicated; see catalog)
Homomorphic/Theory/Περασμένα σε LaTeX/homo theses/EPFL_TH8263.pdf,14524846,f6948c5759775b0d2a04ba405fb22ac689ca75acb64b7d8fab364ae9fbee1dd8,retained locally: .local-reference-library/homomorphic-research (deduplicated; see catalog)
Homomorphic/Theory/Περασμένα σε LaTeX/homo theses/Full_Dissertation_TwanKeijzer.pdf,5401545,7f2382581bc3a50111083ebcd95b8fe4415b7282f129875aba14d3140208ddb5,retained locally: .local-reference-library/homomorphic-research (deduplicated; see catalog)
Homomorphic/Theory/Περασμένα σε LaTeX/homo theses/Key-Recovery Attacks Against Somewhat Homomorphic Encryption Schemes.pdf,1628693,68d6af1e933b50f6582cf22d34d29d3817cf3b656560a9ed28b58425dd6a3d0c,retained locally: .local-reference-library/homomorphic-research (deduplicated; see catalog)
Homomorphic/Theory/Περασμένα σε LaTeX/homo theses/Minelli-2018-These.pdf,3562641,17d776aaaa68f981ba15ef2cefb1eb03624e4385b29b54681b8fe49b674783c9,retained locally: .local-reference-library/homomorphic-research (deduplicated; see catalog)
Homomorphic/Theory/Περασμένα σε LaTeX/homo theses/qt7db3z57n.pdf,881969,9995d161702df8122ba0959e6b69af277d14bad1abed961a6b6378b2dbca0797,retained locally: .local-reference-library/homomorphic-research (deduplicated; see catalog)
Homomorphic/Theory/Περασμένα σε LaTeX/homo theses/thesis_hilder_vitor_lima_pereira.pdf,1158775,f85b43d2fda495a9cdfb95631941bb54e25ba5a64efec4edb469a794df4c20c4,retained locally: .local-reference-library/homomorphic-research (deduplicated; see catalog)
Homomorphic/Theory/Περασμένα σε LaTeX/Homomorphic Encryption/2015-1092.pdf,403335,266c65f5814ecfc9cd4c2dc65edc8768c29ee6462e2b773d95674a8cddbd6934,retained locally: .local-reference-library/homomorphic-research (deduplicated; see catalog)
Homomorphic/Theory/Περασμένα σε LaTeX/Homomorphic Encryption/2019-1234.pdf,795008,b3bde39d7ad6edcb80bd3c311a0dbe5ac3c87ed8f6b4aef797925d7e645ab222,retained locally: .local-reference-library/homomorphic-research (deduplicated; see catalog)
Homomorphic/Theory/Περασμένα σε LaTeX/Homomorphic Encryption/2020-636.pdf,422828,c33de6c3c5ec5d85826d03feecf81643d3cca4e73b11d6da46041fe191f67761,retained locally: .local-reference-library/homomorphic-research (deduplicated; see catalog)
Homomorphic/Theory/Περασμένα σε LaTeX/Homomorphic Encryption/978-3-642-29011-4_29.pdf,334689,fa3309f37ef782b62a344d9a053d4acd6c313b216a0a0eb107ee7f830fc205d8,retained locally: .local-reference-library/homomorphic-research (deduplicated; see catalog)
Homomorphic/Theory/Περασμένα σε LaTeX/Homomorphic Encryption/applsci-11-08757-v2.pdf,2109817,9d1486a6051ff27d98312a732bfb3716753a83effc4b4376078fe1b224950c1f,retained locally: .local-reference-library/homomorphic-research (deduplicated; see catalog)
Homomorphic/Theory/Περασμένα σε LaTeX/Homomorphic Encryption/TR16-205.pdf,857693,3538ee5890e00d9bdc0004221108f6c87aa651eea9c0fd1a12738852f1bc9de4,retained locally: .local-reference-library/homomorphic-research (deduplicated; see catalog)
Homomorphic/Theory/Περασμένα σε LaTeX/homomorphic schemes/2017-700.pdf,411184,9b10b3c8fcb0d53eead1d68fbcf968379de3a6faa04b8c4b0eb6ea75df16713b,retained locally: .local-reference-library/homomorphic-research (deduplicated; see catalog)
Homomorphic/Theory/Περασμένα σε LaTeX/homomorphic schemes/2202.02960.pdf,1208235,51184f4c5de27b6a46e17a02d97c16ce8e3405c251ba306c62ca4363c3d28b1f,retained locally: .local-reference-library/homomorphic-research (deduplicated; see catalog)
Homomorphic/Theory/Περασμένα σε LaTeX/homomorphic schemes/craig-thesis.pdf,952183,9e7f32f1b8543416fc6c2fcbfedd5d2d69150226b9bbd2cccac57840a5db7b66,retained locally: .local-reference-library/homomorphic-research (deduplicated; see catalog)
Homomorphic/Theory/Περασμένα σε LaTeX/homomorphic schemes/post quantum/1411.5254.pdf,618001,fe633efdefc59e7e551b6958cd2276c06dae6a25bdcb80b5252d70911a848e51,retained locally: .local-reference-library/homomorphic-research (deduplicated; see catalog)
Homomorphic/Theory/Περασμένα σε LaTeX/homomorphic schemes/post quantum/1508.00938.pdf,614089,6c13396b3b601819d007ede13aa3b3632a4a656e722debd9a6be49116ced0872,retained locally: .local-reference-library/homomorphic-research (deduplicated; see catalog)
Homomorphic/Theory/Περασμένα σε LaTeX/homomorphic schemes/post quantum/1810.01166.pdf,504117,6bd28dc0591de36f2374c254669106e63e42af3a5a1ee142015e5c9433945bf5,retained locally: .local-reference-library/homomorphic-research (deduplicated; see catalog)
Homomorphic/Theory/Περασμένα σε LaTeX/homomorphic schemes/post quantum/1902.10972.pdf,592564,60226a5e3e2d0d70436f329a1c08a30c766911452aba92fe79377eccdafeeabe,retained locally: .local-reference-library/homomorphic-research (deduplicated; see catalog)
Homomorphic/Theory/Περασμένα σε LaTeX/homomorphic schemes/post quantum/2011-277.pdf,434539,3a09cfaa3a9199f14c8e5fa6d13736f217312ed05e8d42cb590e0bcd07b04f96,retained locally: .local-reference-library/homomorphic-research (deduplicated; see catalog)
Homomorphic/Theory/Περασμένα σε LaTeX/homomorphic schemes/post quantum/2014-039.pdf,362225,4151eb3773b18f55aaa8db7e227672e23949a206b9ddd42e754ca1c91ef537e1,retained locally: .local-reference-library/homomorphic-research (deduplicated; see catalog)
Homomorphic/Theory/Περασμένα σε LaTeX/homomorphic schemes/post quantum/fhe-karp.pdf,653515,e8ebd1e89bbf4c6360ec44280160ee6cc535189857bd70af6c28bac9f6d59d3f,retained locally: .local-reference-library/homomorphic-research (deduplicated; see catalog)
Homomorphic/Theory/Περασμένα σε LaTeX/homomorphic schemes/post quantum/nwab115.pdf,113809,80ad3d53b3c25f1d8f8e8e03b8b78ad24f8b081b85f1827a3c6ad42c947b5fff,retained locally: .local-reference-library/homomorphic-research (deduplicated; see catalog)
Homomorphic/Theory/Περασμένα σε LaTeX/homomorphic schemes/post quantum/s41534-020-00340-8.pdf,2190475,079f910198533a958dde3ed21c6c06e38fa8a406f5bb8018ed87ed89df387593,retained locally: .local-reference-library/homomorphic-research (deduplicated; see catalog)
Homomorphic/Theory/Περασμένα σε LaTeX/homomorphic schemes/YHu.pdf,708352,61c6fd368145516d0c7d341d1a71816f96ac034415f5b9388d49ba987d78f32d,retained locally: .local-reference-library/homomorphic-research (deduplicated; see catalog)
Homomorphic/Theory/Περασμένα σε LaTeX/Private AI.pdf,903694,bcfbbfe531195a454f331962a096a4b489bbd118bd16d7d2e63c090e1759d51b,retained locally: .local-reference-library/homomorphic-research (deduplicated; see catalog)
Homomorphic/Theory/Περασμένα σε LaTeX/raluca-cryptdb.pdf,359092,624662a996f77ec702a1ddbd6349861eb2a80e1d8c0c54de36979f020af02783,retained locally: .local-reference-library/homomorphic-research (deduplicated; see catalog)
Homomorphic/Theory/Περασμένα σε LaTeX/rothblum.pdf,1841856,40a02e254452b737c0cf0cce5bff367470ad92c1dc7e02fcb655c5c6b744aac9,retained locally: .local-reference-library/homomorphic-research (deduplicated; see catalog)
Homomorphic/Theory/Περασμένα σε LaTeX/Surveys/10.1007@978-981-13-7082-334.pdf,255814,0185590a78cacf953935d937db098bc3eb285b4c13d8c3a3edbb735c9e8e271b,retained locally: .local-reference-library/homomorphic-research (deduplicated; see catalog)
Homomorphic/Theory/Περασμένα σε LaTeX/Surveys/1305.5886.pdf,333658,ca842c9835cc34c5ec92096624a650c8afde825e1003a68a547f05e81cedd1b4,retained locally: .local-reference-library/homomorphic-research (deduplicated; see catalog)
Homomorphic/Theory/Περασμένα σε LaTeX/Surveys/44ba9ec9-d8bc-41e8-b6be-de4b05055dc5.pdf,1262983,735cf075df174fa8a88e1959d2f1ecb53b4f59c4357b996b310906d804c5d0de,retained locally: .local-reference-library/homomorphic-research (deduplicated; see catalog)
Homomorphic/Theory/Περασμένα σε LaTeX/Surveys/CAnsu bozkurt thesis.pdf,1057731,b273a3ccba5c6f58638d4eef8ee1dac56ce6fb075a109a1052a31d13c72648b7,retained locally: .local-reference-library/homomorphic-research (deduplicated; see catalog)
Homomorphic/Theory/Περασμένα σε LaTeX/Surveys/d6a2a53f0d001610.pdf,1019380,709d986f7303f882d67b11b12d479f0ce92256752d60b83e59495ff0b079cd17,retained locally: .local-reference-library/homomorphic-research (deduplicated; see catalog)
Homomorphic/Theory/Περασμένα σε LaTeX/Surveys/Fawaz_2021_J._Phys. _Conf._Ser._2128_012021.pdf,1333743,df387697d05e883b12142afd1271f748e2f7fdc2863f3a8d28e8e1571303b1ae,retained locally: .local-reference-library/homomorphic-research (deduplicated; see catalog)
Homomorphic/Theory/Περασμένα σε LaTeX/Surveys/FHEBenchmarking.pdf,1284760,5a244960f4f1f6412298a6bc053ba4bda7725a6db9871171340a084baaf60f5a,retained locally: .local-reference-library/homomorphic-research (deduplicated; see catalog)
Homomorphic/Theory/Περασμένα σε LaTeX/Surveys/Fully_Homomorphic_Encryption_State_of_Ar.pdf,1146586,6c02e98ffcb2be43c6e57413761ae31d768eba588362907160d134ebf7665782,retained locally: .local-reference-library/homomorphic-research (deduplicated; see catalog)
Homomorphic/Theory/Περασμένα σε LaTeX/Surveys/main.pdf,808055,0f2ed3fae91e61107a1d8872b00a8dc7e473cf7f9d810f3769ae70b5312b1723,retained locally: .local-reference-library/homomorphic-research (deduplicated; see catalog)
Homomorphic/Theory/Περασμένα σε LaTeX/Surveys/Minelli-2018-These.pdf,3562656,bbb46075a0d914be999a74746ec280d268d2fe1c372aff79586426707c353248,retained locally: .local-reference-library/homomorphic-research (deduplicated; see catalog)
Homomorphic/Theory/Περασμένα σε LaTeX/Surveys/s12083-021-01076-8.pdf,1167166,2219e7710528de815165b9977b07559842d52315f2b8e5153eedeab77e0cc82f,retained locally: .local-reference-library/homomorphic-research (deduplicated; see catalog)
Homomorphic/Theory/Περασμένα σε LaTeX/Surveys/Survey_v16_r_comments.pdf,880647,199b58ec05a48275d64006415c44b2fa166879aa84aaa65abd371addd50020fd,retained locally: .local-reference-library/homomorphic-research (deduplicated; see catalog)
Homomorphic/Theory/Περασμένα σε LaTeX/Surveys/Towards Fair and Privacy-Preserving Federated.pdf,6162294,f39249b2dddf83d9c5ec23f4c95446cd527b594f9e27f1fec0a667341219c944,retained locally: .local-reference-library/homomorphic-research (deduplicated; see catalog)
Homomorphic/Theory/Περασμένα σε LaTeX/Surveys/TRUSTEE_HomomorphicEncryptionOperations.docx,119142,da2a97c9ca15cd4ea65db4e3495650cf9c459fccbe185637cefae7a79b71236a,retained locally: .local-reference-library/homomorphic-research (deduplicated; see catalog)
Homomorphic/Theory/Περασμένα σε LaTeX/TCHES2022_4_24.pdf,915206,b06f03f8e5e12dbcb85f570cf8bf5960ad7de74e92d67c28e3383d9447d98ffc,retained locally: .local-reference-library/homomorphic-research (deduplicated; see catalog)
Homomorphic/Theory/Περασμένα σε LaTeX/The (r)Evolution of FHE.pdf,897348,eb8765927d575e4323fb7bee2d6edfae08bd0ce36d827ec1398daf1eca908d4c,retained locally: .local-reference-library/homomorphic-research (deduplicated; see catalog)
Homomorphic/__pycache__/rlwe_he_scheme_updated.cpython-39.pyc,11819,dbd37e490ac4c5279ccde24041ffa1a809bdee56ced69044c36b157ec921e425,discarded: generated cache artifact
Matsui-reviewed/Matsui/images/addkey.PNG,22103,995e7dad8022fc6d68bd209cecc8d678bfdd7b4798fd7a5eb7a50655d3aba720,integrated: Matsui site chapter + experiments/cryptanalysis/matsui-linear
Matsui-reviewed/Matsui/images/lat2.PNG,19530,6d2ee8554188a9c1279e3df2d66c4a8bd370896ae3dcb361eb45ad86f8933a54,integrated: Matsui site chapter + experiments/cryptanalysis/matsui-linear
Matsui-reviewed/Matsui/images/linearapprox.PNG,25848,2bdf9a40777156aaed943757be46021d384020d8262bf15d896fb5a4bec141b4,integrated: Matsui site chapter + experiments/cryptanalysis/matsui-linear
Matsui-reviewed/Matsui/images/matsui1example.PNG,20291,d7b61ac0dfa034defb496a3c821c3f25a373b7a3f34c84a336d553e1264a5ce7,integrated: Matsui site chapter + experiments/cryptanalysis/matsui-linear
Matsui-reviewed/Matsui/images/matsui2.PNG,9293,e954fd2c6551bbb7ac60c98a6d32a839e0d794e917242df38b2d6ff7c3b246be,integrated: Matsui site chapter + experiments/cryptanalysis/matsui-linear
Matsui-reviewed/Matsui/images/matsui2example.PNG,23092,71a93e76c9d2d22c58cce8fc317fbf0382e245cc35b44c5ba20d6655749cc5bc,integrated: Matsui site chapter + experiments/cryptanalysis/matsui-linear
Matsui-reviewed/Matsui/images/moresbox.PNG,34641,bec2ec35c4e0a718565236e42a372566036be845cdf0e6430de9c80c41e26060,integrated: Matsui site chapter + experiments/cryptanalysis/matsui-linear
Matsui-reviewed/Matsui/Linear Cryptanalysis.ipynb,7166,97469964632ef2c76099bf3226b463138923ffc13227fed8b2692285c8383eb1,integrated: Matsui site chapter + experiments/cryptanalysis/matsui-linear
Matsui-reviewed/Matsui/Linear Cryptanalysis.md,28860,f4f41fb45581cb2334bbc0136f63694fc779c5b7608af3bc663e4339f2e92c51,integrated: Matsui site chapter + experiments/cryptanalysis/matsui-linear
Matsui-reviewed/Matsui/matsui1.py,21144,34440a214eb49f5499ff38eecb3119813f2e9a5a7a4b1936fa34050bd78207f5,integrated: Matsui site chapter + experiments/cryptanalysis/matsui-linear
Matsui-reviewed/Matsui/README.md,2502,0bec8a7a77d0535019fbfed87f961191efd99d641b6cb3703bf77fffe6758f1b,integrated: Matsui site chapter + experiments/cryptanalysis/matsui-linear
Matsui-reviewed/Matsui/references.bib,2842,2000c95964a91c5edb69536cd10084cba25142f933eb8d29613592ba331e700a,integrated: Matsui site chapter + experiments/cryptanalysis/matsui-linear
Matsui-reviewed/Matsui/requirements.txt,79,6808111046332df172cb0f924797a0dbd2033589d404b738185b0fe3eadb6291,integrated: Matsui site chapter + experiments/cryptanalysis/matsui-linear
Matsui-reviewed/Matsui/REVIEW_NOTES.md,3225,7e0298aff4143237adc996329c607ac553b6556c7478dd42b67e2e76955a41f8,integrated: Matsui site chapter + experiments/cryptanalysis/matsui-linear
Matsui-reviewed/Matsui/test.py,6001,f5054ab6ab2641e742210a650d45e6e8493c8d970e7894519cfe5626e834b72c,integrated: Matsui site chapter + experiments/cryptanalysis/matsui-linear
Matsui-reviewed/Matsui/__pycache__/matsui1.cpython-39.pyc,21447,6ea912cc284a37228d16124524cee803bcf90ab0f6971ddfcf7e12f69e309ef2,discarded: generated cache artifact
Matsui-reviewed/Matsui/__pycache__/test.cpython-39.pyc,7348,0da606831f3575e79c1d9d8d3051ad7819621cc13f2017fafa94e9d884f07fd6,discarded: generated cache artifact
RSA-ready-for-review/RSA-ready-for-review/docs/public-key-cryptography/rsa/attacks/common-modulus.md,1842,40068d38510e28b7bf467d7743ab2ef130b471ba8ca324e1d2295a0db2ed558e,superseded narrative: RSA Deep Dives are canonical; reviewed compact examples retained in experiments/rsa/reference-basics
RSA-ready-for-review/RSA-ready-for-review/docs/public-key-cryptography/rsa/attacks/coppersmith.md,3808,2bf9f8507df641452f783687025f8d930bc8d19d0c6a291c5d66771d5fb1dc02,superseded narrative: RSA Deep Dives are canonical; reviewed compact examples retained in experiments/rsa/reference-basics
RSA-ready-for-review/RSA-ready-for-review/docs/public-key-cryptography/rsa/attacks/key-generation-and-implementation.md,5110,2cb33628ccc0d93f91787715dccd44eb25f4c1fd503de8211260866ed3f57a06,superseded narrative: RSA Deep Dives are canonical; reviewed compact examples retained in experiments/rsa/reference-basics
RSA-ready-for-review/RSA-ready-for-review/docs/public-key-cryptography/rsa/attacks/low-public-exponent.md,2782,68fc2f1f2775d12e6f6cb9ac0b4474bd776d350a250a7450464d9801fe89003f,superseded narrative: RSA Deep Dives are canonical; reviewed compact examples retained in experiments/rsa/reference-basics
RSA-ready-for-review/RSA-ready-for-review/docs/public-key-cryptography/rsa/attacks/README.md,3468,18c27a238290347e7f73fb6e75cfced4a423cbaeb6408b7f51174105a0afffe1,superseded narrative: RSA Deep Dives are canonical; reviewed compact examples retained in experiments/rsa/reference-basics
RSA-ready-for-review/RSA-ready-for-review/docs/public-key-cryptography/rsa/encoding-and-key-formats.md,4842,aa7a908a83669ad5c9cfb336bf5074e291e97659df12ac39370c79c4bc9169a6,superseded narrative: RSA Deep Dives are canonical; reviewed compact examples retained in experiments/rsa/reference-basics
RSA-ready-for-review/RSA-ready-for-review/docs/public-key-cryptography/rsa/fundamentals.md,4086,656900951fd1688e0a5341d5ff5fb1b856e613073aea0191e5b03273b83d422e,superseded narrative: RSA Deep Dives are canonical; reviewed compact examples retained in experiments/rsa/reference-basics
RSA-ready-for-review/RSA-ready-for-review/docs/public-key-cryptography/rsa/README.md,3197,73dcdfbae32b2bb5f3acca7682d5eb84ec6e74e9385d6b61f4836ed14a1aae0e,superseded narrative: RSA Deep Dives are canonical; reviewed compact examples retained in experiments/rsa/reference-basics
RSA-ready-for-review/RSA-ready-for-review/docs/public-key-cryptography/rsa/src/common_modulus_attack.py,2688,004f22ce40521b2f1c48e5a49dd7b6e7acfc55498897e61c92922d6c74c85fe1,superseded narrative: RSA Deep Dives are canonical; reviewed compact examples retained in experiments/rsa/reference-basics
RSA-ready-for-review/RSA-ready-for-review/docs/public-key-cryptography/rsa/src/low_exponent_attacks.py,3264,c5a23202476e91e156815ffd34478aa8e5cc6b63d3fa5ad549a0a06cfcb5459f,superseded narrative: RSA Deep Dives are canonical; reviewed compact examples retained in experiments/rsa/reference-basics
RSA-ready-for-review/RSA-ready-for-review/docs/public-key-cryptography/rsa/src/shared_prime_attack.py,975,33a815b0bda96b4290cbd0e110dfb38fefa9b3fe72b3d3b10b6eda339e5e4c1b,superseded narrative: RSA Deep Dives are canonical; reviewed compact examples retained in experiments/rsa/reference-basics
RSA-ready-for-review/RSA-ready-for-review/docs/public-key-cryptography/rsa/src/textbook_rsa.py,3385,ab633285fb4ed9aa2020d281c2a3103cfce38e8e88b6cc44ace754fafe80e890,superseded narrative: RSA Deep Dives are canonical; reviewed compact examples retained in experiments/rsa/reference-basics
RSA-ready-for-review/RSA-ready-for-review/docs/public-key-cryptography/rsa/tests/test_rsa_examples.py,3632,f63aca493ee69c688dfb94739769526d69bf890e2ab39f749591fa1fafec3571,superseded narrative: RSA Deep Dives are canonical; reviewed compact examples retained in experiments/rsa/reference-basics
RSA-ready-for-review/RSA-ready-for-review/REVIEW.md,6588,fbcae8c75b09a7bf8aa5dae2579971cdcef1257741d511470da5e5bb367f83bc,superseded narrative: RSA Deep Dives are canonical; reviewed compact examples retained in experiments/rsa/reference-basics
ΕΤΟΙΜΑ ΓΙΑ CRYPTOCAVE/Kasiski-Test-reviewed/Kasiski Test/input-1-50.txt,3299,6589bcfd6f5514a604a2414f09e75db17f1f970485c19e460b69ae0f8265c299,integrated: Kasiski site chapter + experiments/cryptanalysis/kasiski
ΕΤΟΙΜΑ ΓΙΑ CRYPTOCAVE/Kasiski-Test-reviewed/Kasiski Test/Kasiski Test.md,31805,6227e6d39701894ac8cc5cd1194fd77c1a736bb2b4b2dfb7dbba60b6b162e3aa,integrated: Kasiski site chapter + experiments/cryptanalysis/kasiski
ΕΤΟΙΜΑ ΓΙΑ CRYPTOCAVE/Kasiski-Test-reviewed/Kasiski Test/kasiski.ipynb,7170,b3b26183f5ad90f4ed0baa241909df7e1c34539007f98508c40f89583da35638,integrated: Kasiski site chapter + experiments/cryptanalysis/kasiski
ΕΤΟΙΜΑ ΓΙΑ CRYPTOCAVE/Kasiski-Test-reviewed/Kasiski Test/kasiski.py,22175,a142ed289ab22973839d3deac0de4d7e6db39e964d58896fbc24bc8a11fb1099,integrated: Kasiski site chapter + experiments/cryptanalysis/kasiski
ΕΤΟΙΜΑ ΓΙΑ CRYPTOCAVE/Kasiski-Test-reviewed/Kasiski Test/README.md,1658,cad260361d41ff734a37231f0f3772a6ea3b1d0b1a9d78c198325c2230263e08,integrated: Kasiski site chapter + experiments/cryptanalysis/kasiski
ΕΤΟΙΜΑ ΓΙΑ CRYPTOCAVE/Kasiski-Test-reviewed/Kasiski Test/references.bib,2079,3c744d43dbd8d3800184a5a3ad031fae9cd97f1c2e3487a36b6abfb8480bcf3c,integrated: Kasiski site chapter + experiments/cryptanalysis/kasiski
ΕΤΟΙΜΑ ΓΙΑ CRYPTOCAVE/Kasiski-Test-reviewed/Kasiski Test/requirements.txt,79,6808111046332df172cb0f924797a0dbd2033589d404b738185b0fe3eadb6291,integrated: Kasiski site chapter + experiments/cryptanalysis/kasiski
ΕΤΟΙΜΑ ΓΙΑ CRYPTOCAVE/Kasiski-Test-reviewed/Kasiski Test/REVIEW_NOTES.md,2563,1197c33e6257aa99d7c43e782fa1e653d673a30ba90266e5d5c64a1d4ce3df40,integrated: Kasiski site chapter + experiments/cryptanalysis/kasiski
ΕΤΟΙΜΑ ΓΙΑ CRYPTOCAVE/Kasiski-Test-reviewed/Kasiski Test/test_kasiski.py,5226,3c69897c059982b1ce89b710e79fc6e2215ca83c09dbfcacd2909e8d23ef8a2d,integrated: Kasiski site chapter + experiments/cryptanalysis/kasiski
ΕΤΟΙΜΑ ΓΙΑ CRYPTOCAVE/Kasiski-Test-reviewed/Kasiski Test/__pycache__/kasiski.cpython-312.pyc,29748,7b70790723612141cf4d0f458d34dd2edf2dd06ec94aabf299af4e6954ea11dc,discarded: generated cache artifact
