source_path,size_bytes,sha256,extension,disposition,canonical_target,archive_status,notes
Part1/ABE/ABE-master.zip,15598,885d59aa7edd4142e8504a7cbc3303877afbfb2a05e1de4394087a995a874f8c,.zip,archived_third_party_reference,.local-reference-library/source-batches/Part1.zip,retained inside .local-reference-library/source-batches/Part1.zip (FULL master only),Legacy Charm/Python ABE repository retained only for provenance; concepts rewritten into canonical ABE reference.
Part1/Aristomenis Labs/Labs/cheatsheet.py,6371,5bfeb92b15870b8fee4a3943ab29992c40320f339181db565c9fabd7e907b601,.py,superseded_by_canonical,src/content/blog/python-sagemath-cheat-sheet.md,retained inside .local-reference-library/source-batches/Part1.zip (FULL master only),Reference material already covered by the canonical Python/SageMath guide.
Part1/Aristomenis Labs/Labs/Lab 1 - Encodings & Classical Ciphers/#1_Basics_ClassicalCiphers.pdf,436947,f8e417e7a0125be78203579ad23852a463c5e8962ffd5b676569fb1f08b32af1,.pdf,integrated_rewritten,src/content/blog/classical-ciphers-frequency-analysis.md; experiments/classical-cryptanalysis,retained inside .local-reference-library/source-batches/Part1.zip (FULL master only),Classical-cipher/frequency-analysis concepts consolidated into the canonical classical path.
Part1/Aristomenis Labs/Labs/Lab 1 - Encodings & Classical Ciphers/#1_Basics_ClassicalCiphers.pptx,278891,ad0f10e0dc81e4a9af13eecb5ac06a076841a07939192a2357ba822e6d7e1b85,.pptx,integrated_rewritten,src/content/blog/classical-ciphers-frequency-analysis.md; experiments/classical-cryptanalysis,retained inside .local-reference-library/source-batches/Part1.zip (FULL master only),Classical-cipher/frequency-analysis concepts consolidated into the canonical classical path.
Part1/Aristomenis Labs/Labs/Lab 1 - Encodings & Classical Ciphers/ascii.png,30034,6f94fbe58c280fff30599df8bbaf799fb47479e8504b1a11a9171eca35c44916,.png,integrated_rewritten,src/content/blog/classical-ciphers-frequency-analysis.md; experiments/classical-cryptanalysis,retained inside .local-reference-library/source-batches/Part1.zip (FULL master only),Classical-cipher/frequency-analysis concepts consolidated into the canonical classical path.
Part1/Aristomenis Labs/Labs/Lab 1 - Encodings & Classical Ciphers/Frequency Analysis - Live Example/Example/ciphertext.txt,418,631004f0207ec28f7e2a75d1006d926fbf73965cb346af7b755567aa8221b081,.txt,integrated_rewritten,src/content/blog/classical-ciphers-frequency-analysis.md; experiments/classical-cryptanalysis,retained inside .local-reference-library/source-batches/Part1.zip (FULL master only),Classical-cipher/frequency-analysis concepts consolidated into the canonical classical path.
Part1/Aristomenis Labs/Labs/Lab 1 - Encodings & Classical Ciphers/Frequency Analysis - Live Example/Solution/count-letter-frequency.py,206,eb187eb4bea1f0e443947b968e0b1b26af290876804589c4c51814900acbd740,.py,integrated_rewritten,src/content/blog/classical-ciphers-frequency-analysis.md; experiments/classical-cryptanalysis,retained inside .local-reference-library/source-batches/Part1.zip (FULL master only),Classical-cipher/frequency-analysis concepts consolidated into the canonical classical path.
Part1/Aristomenis Labs/Labs/Lab 1 - Encodings & Classical Ciphers/Frequency Analysis - Live Example/Solution/encrypt.py,392,6a5417f71a8dfec852449bfa062fcc1f66893d2cf9b064fe0e2e138fc15b4d63,.py,integrated_rewritten,src/content/blog/classical-ciphers-frequency-analysis.md; experiments/classical-cryptanalysis,retained inside .local-reference-library/source-batches/Part1.zip (FULL master only),Classical-cipher/frequency-analysis concepts consolidated into the canonical classical path.
Part1/Aristomenis Labs/Labs/Lab 1 - Encodings & Classical Ciphers/Frequency Analysis - Live Example/Solution/plaintext.txt,418,259dacaa545d38f5c518b4ddfced9adfba895f72b7aac6f021399b2860b60efc,.txt,integrated_rewritten,src/content/blog/classical-ciphers-frequency-analysis.md; experiments/classical-cryptanalysis,retained inside .local-reference-library/source-batches/Part1.zip (FULL master only),Classical-cipher/frequency-analysis concepts consolidated into the canonical classical path.
Part1/Aristomenis Labs/Labs/Lab 1 - Encodings & Classical Ciphers/Homework/assignment.txt,884,d0747c876a8cb1e123296c23f195777cda1be770cc23e20f5b8873171350c625,.txt,integrated_rewritten,src/content/blog/classical-ciphers-frequency-analysis.md; experiments/classical-cryptanalysis,retained inside .local-reference-library/source-batches/Part1.zip (FULL master only),Classical-cipher/frequency-analysis concepts consolidated into the canonical classical path.
Part1/Aristomenis Labs/Labs/Lab 1 - Encodings & Classical Ciphers/In Class Coding Assignments/lab1_caesar.py,418,9e7711c42adcad5bb7626eaf6fab44e93a2b84af6be19f3e199ebd4f16f8fc6c,.py,integrated_rewritten,src/content/blog/classical-ciphers-frequency-analysis.md; experiments/classical-cryptanalysis,retained inside .local-reference-library/source-batches/Part1.zip (FULL master only),Classical-cipher/frequency-analysis concepts consolidated into the canonical classical path.
Part1/Aristomenis Labs/Labs/Lab 1 - Encodings & Classical Ciphers/In Class Coding Assignments/lab1_letter_frequency.py,888,9c7f7840e879793966791b3d71ec18524f3c6b9a693dd7029c69a580b7e296d8,.py,integrated_rewritten,src/content/blog/classical-ciphers-frequency-analysis.md; experiments/classical-cryptanalysis,retained inside .local-reference-library/source-batches/Part1.zip (FULL master only),Classical-cipher/frequency-analysis concepts consolidated into the canonical classical path.
Part1/Aristomenis Labs/Labs/Lab 1 - Encodings & Classical Ciphers/In Class Coding Assignments/lab1_vigenere.py,482,c6d71538dce125e3e2a1d63721ba5e8b7c151e2e7dfd97ad1e897f84db4f9f74,.py,integrated_rewritten,src/content/blog/classical-ciphers-frequency-analysis.md; experiments/classical-cryptanalysis,retained inside .local-reference-library/source-batches/Part1.zip (FULL master only),Classical-cipher/frequency-analysis concepts consolidated into the canonical classical path.
Part1/Aristomenis Labs/Labs/Lab 1 - Encodings & Classical Ciphers/sample.jpg,19811,6f6ecdf1fbc3067b9a1f5cefa9bf299171560b3b2f6c68a97273d6723d2c5fab,.jpg,integrated_rewritten,src/content/blog/classical-ciphers-frequency-analysis.md; experiments/classical-cryptanalysis,retained inside .local-reference-library/source-batches/Part1.zip (FULL master only),Classical-cipher/frequency-analysis concepts consolidated into the canonical classical path.
Part1/Aristomenis Labs/Labs/Lab 2 - Symmetric Encryption (Block Ciphers)/#2_BlockCiphers.pdf,548127,44358593ab520e39ef2d70074940b72be5d8ef83ac003b0217c029a4f1dddd41,.pdf,superseded_by_canonical,src/content/blog/padding-and-encryption-modes.md; src/content/blog/authenticated-encryption-aead.md,retained inside .local-reference-library/source-batches/Part1.zip (FULL master only),Block-mode material is already covered by the canonical symmetric path.
Part1/Aristomenis Labs/Labs/Lab 2 - Symmetric Encryption (Block Ciphers)/#2_BlockCiphers.pptx,349600,c8fe3498fc97969a8a1509269d973df1f067a23713aec95ad589d2e71a43089e,.pptx,superseded_by_canonical,src/content/blog/padding-and-encryption-modes.md; src/content/blog/authenticated-encryption-aead.md,retained inside .local-reference-library/source-batches/Part1.zip (FULL master only),Block-mode material is already covered by the canonical symmetric path.
Part1/Aristomenis Labs/Labs/Lab 2 - Symmetric Encryption (Block Ciphers)/Homework/Assignments/ctr_with_ecb.py,651,c80c6ec87d6cbf87857479b2e1d86d913abed5177d73ba2fcff61af3d2c728ae,.py,superseded_by_canonical,src/content/blog/padding-and-encryption-modes.md; src/content/blog/authenticated-encryption-aead.md,retained inside .local-reference-library/source-batches/Part1.zip (FULL master only),Block-mode material is already covered by the canonical symmetric path.
Part1/Aristomenis Labs/Labs/Lab 2 - Symmetric Encryption (Block Ciphers)/Homework/Assignments/output.txt,235,544d04d3b1aa313925dc8f14f0aa76f38ed69a666a326ccfa01254434fbc6fd0,.txt,superseded_by_canonical,src/content/blog/padding-and-encryption-modes.md; src/content/blog/authenticated-encryption-aead.md,retained inside .local-reference-library/source-batches/Part1.zip (FULL master only),Block-mode material is already covered by the canonical symmetric path.
Part1/Aristomenis Labs/Labs/Lab 2 - Symmetric Encryption (Block Ciphers)/In Class Coding Assignments/cbc-with-ecb/cbc_with_ecb.py,728,f16cac25b4ae330245526fe67aac835be05ab74d4a6a7ca6d8820a5b6ec784cd,.py,superseded_by_canonical,src/content/blog/padding-and-encryption-modes.md; src/content/blog/authenticated-encryption-aead.md,retained inside .local-reference-library/source-batches/Part1.zip (FULL master only),Block-mode material is already covered by the canonical symmetric path.
Part1/Aristomenis Labs/Labs/Lab 2 - Symmetric Encryption (Block Ciphers)/In Class Coding Assignments/ctr-nonce-reuse/example.py,789,11934fe66b3f1504f2dcb402135542e0922eee5047358fc246e8a63e16ce5de6,.py,superseded_by_canonical,src/content/blog/padding-and-encryption-modes.md; src/content/blog/authenticated-encryption-aead.md,retained inside .local-reference-library/source-batches/Part1.zip (FULL master only),Block-mode material is already covered by the canonical symmetric path.
Part1/Aristomenis Labs/Labs/Lab 2 - Symmetric Encryption (Block Ciphers)/In Class Coding Assignments/ctr-nonce-reuse/solve.py,598,57f742a26ad85caba6bf1995d0e7a78568456148438c1cb58f7891ef91daf898,.py,superseded_by_canonical,src/content/blog/padding-and-encryption-modes.md; src/content/blog/authenticated-encryption-aead.md,retained inside .local-reference-library/source-batches/Part1.zip (FULL master only),Block-mode material is already covered by the canonical symmetric path.
Part1/Aristomenis Labs/Labs/Lab 3 - Stream Ciphers & OTPs & PRNGs/#2_StreamCiphers_OTP.pptx,182422,49fe02508edc9446bfff793e2fda902135434e18eb33ddcaf05afd6a97f03df0,.pptx,integrated_rewritten,src/content/blog/otp-stream-cipher-key-reuse.md; experiments/classical-cryptanalysis,retained inside .local-reference-library/source-batches/Part1.zip (FULL master only),OTP/stream reuse and crib-dragging material consolidated into the canonical attack article.
Part1/Aristomenis Labs/Labs/Lab 3 - Stream Ciphers & OTPs & PRNGs/#3_StreamCiphers_OTP.pdf,358941,dcbbb013a297a5a3f2fe560dc312da0103bac57a5b8e012aedbd59bde4e9d2db,.pdf,integrated_rewritten,src/content/blog/otp-stream-cipher-key-reuse.md; experiments/classical-cryptanalysis,retained inside .local-reference-library/source-batches/Part1.zip (FULL master only),OTP/stream reuse and crib-dragging material consolidated into the canonical attack article.
Part1/Aristomenis Labs/Labs/Lab 3 - Stream Ciphers & OTPs & PRNGs/Crib Dragging - Live Example/Example/example.txt,390,54bbb633e2146352f0f7a4d389051373111f22d2e0bb6c5a53bba7d8828447df,.txt,integrated_rewritten,src/content/blog/otp-stream-cipher-key-reuse.md; experiments/classical-cryptanalysis,retained inside .local-reference-library/source-batches/Part1.zip (FULL master only),OTP/stream reuse and crib-dragging material consolidated into the canonical attack article.
Part1/Aristomenis Labs/Labs/Lab 3 - Stream Ciphers & OTPs & PRNGs/Crib Dragging - Live Example/Solution/solution.py,936,4243bfa7ea2ed2892257918e59f95a191c175de93ceabf776593110d76b3dfe0,.py,integrated_rewritten,src/content/blog/otp-stream-cipher-key-reuse.md; experiments/classical-cryptanalysis,retained inside .local-reference-library/source-batches/Part1.zip (FULL master only),OTP/stream reuse and crib-dragging material consolidated into the canonical attack article.
Part1/Aristomenis Labs/Labs/Lab 3 - Stream Ciphers & OTPs & PRNGs/In Class Coding Assignments/lab2_kpa.py,453,b1a2f799c3cba98a1a9e60029bd41d3294d01ca81bc8230be718d9c78c9eccca,.py,integrated_rewritten,src/content/blog/otp-stream-cipher-key-reuse.md; experiments/classical-cryptanalysis,retained inside .local-reference-library/source-batches/Part1.zip (FULL master only),OTP/stream reuse and crib-dragging material consolidated into the canonical attack article.
Part1/Aristomenis Labs/Labs/Lab 3 - Stream Ciphers & OTPs & PRNGs/In Class Coding Assignments/lab2_xor.py,168,a967547d45ee927bcf0605830ac0021ac7101d24a6e0c8aba28ce2a754e52257,.py,integrated_rewritten,src/content/blog/otp-stream-cipher-key-reuse.md; experiments/classical-cryptanalysis,retained inside .local-reference-library/source-batches/Part1.zip (FULL master only),OTP/stream reuse and crib-dragging material consolidated into the canonical attack article.
Part1/Aristomenis Labs/Labs/Lab 3 - Stream Ciphers & OTPs & PRNGs/mt-python.png,47736,2729114bdd37f5b5c288e30a30c6b43a6a988f0f5ea38b03b1ad9d9c9d002592,.png,integrated_rewritten,src/content/blog/otp-stream-cipher-key-reuse.md; experiments/classical-cryptanalysis,retained inside .local-reference-library/source-batches/Part1.zip (FULL master only),OTP/stream reuse and crib-dragging material consolidated into the canonical attack article.
Part1/Aristomenis Labs/Labs/Lab 3 - Stream Ciphers & OTPs & PRNGs/stream-ciphers-task.png,78262,ef8f0e13e950badfbdd4d06749a607ae00ab189f6c35d3aa5a068ac7df2b100d,.png,integrated_rewritten,src/content/blog/otp-stream-cipher-key-reuse.md; experiments/classical-cryptanalysis,retained inside .local-reference-library/source-batches/Part1.zip (FULL master only),OTP/stream reuse and crib-dragging material consolidated into the canonical attack article.
Part1/Aristomenis Labs/Labs/Lab 4 - Hash Functions & (H)MACs/#4_HashFunctions_MACs.pdf,590279,95c2ae761675de349dd249a19c16af5a4bc48589c3187d77545877380c55953c,.pdf,superseded_by_canonical,src/content/blog/hash-functions-primer.md; src/content/blog/message-authentication-codes.md,retained inside .local-reference-library/source-batches/Part1.zip (FULL master only),Hash/MAC material is superseded by the reviewed Hash Functions & MACs series.
Part1/Aristomenis Labs/Labs/Lab 4 - Hash Functions & (H)MACs/#4_HashFunctions_MACs.pptx,884272,cd0c5ca17253e2c0b2d7cf934b8cbac981f4ae188e2728b7b7cab3e893bc17b3,.pptx,superseded_by_canonical,src/content/blog/hash-functions-primer.md; src/content/blog/message-authentication-codes.md,retained inside .local-reference-library/source-batches/Part1.zip (FULL master only),Hash/MAC material is superseded by the reviewed Hash Functions & MACs series.
Part1/Aristomenis Labs/Labs/Lab 4 - Hash Functions & (H)MACs/Homework/Assignments/Blake Collision/blake_collision.py,339,026ba3a6e2f894e164dbf4c764ad782e651f8a8abc4eac090215b1608b0d12c7,.py,superseded_by_canonical,src/content/blog/hash-functions-primer.md; src/content/blog/message-authentication-codes.md,retained inside .local-reference-library/source-batches/Part1.zip (FULL master only),Hash/MAC material is superseded by the reviewed Hash Functions & MACs series.
Part1/Aristomenis Labs/Labs/Lab 4 - Hash Functions & (H)MACs/Homework/Assignments/Find the Password/find_the_pwd.py,730,e0558b2acfd5b8bbdaa5b8107bec2036bbeaaadae8ef7fa5b4db817a262c3154,.py,superseded_by_canonical,src/content/blog/hash-functions-primer.md; src/content/blog/message-authentication-codes.md,retained inside .local-reference-library/source-batches/Part1.zip (FULL master only),Hash/MAC material is superseded by the reviewed Hash Functions & MACs series.
Part1/Aristomenis Labs/Labs/Lab 4 - Hash Functions & (H)MACs/Homework/Solutions/Blake Collision/solution.py,397,93961d01c42181054088746df19f1fe2e4ae579be1738c5d3d10232361a332f8,.py,superseded_by_canonical,src/content/blog/hash-functions-primer.md; src/content/blog/message-authentication-codes.md,retained inside .local-reference-library/source-batches/Part1.zip (FULL master only),Hash/MAC material is superseded by the reviewed Hash Functions & MACs series.
Part1/Aristomenis Labs/Labs/Lab 4 - Hash Functions & (H)MACs/Homework/Solutions/Find the Password/solution.py,544,95a8bc3b40f7629198524c44c66d009b3ca958ff3f702e6a650f069a2e0ec318,.py,superseded_by_canonical,src/content/blog/hash-functions-primer.md; src/content/blog/message-authentication-codes.md,retained inside .local-reference-library/source-batches/Part1.zip (FULL master only),Hash/MAC material is superseded by the reviewed Hash Functions & MACs series.
Part1/Aristomenis Labs/Labs/Lab 4 - Hash Functions & (H)MACs/In Class Coding Assignments/caesar_hash_preimage.py,154,54aecbcfa122fee9a0fef6dde1c5d5e0643287e5e7361a732d1adbefcfe7ea48,.py,superseded_by_canonical,src/content/blog/hash-functions-primer.md; src/content/blog/message-authentication-codes.md,retained inside .local-reference-library/source-batches/Part1.zip (FULL master only),Hash/MAC material is superseded by the reviewed Hash Functions & MACs series.
Part1/Aristomenis Labs/Labs/Lab 4 - Hash Functions & (H)MACs/In Class Coding Assignments/caesar_hash_preimage_solution.py,309,b7336c25209aef894a312cd7a592a9bbfde4e3a9940d44ce0573115ad9cdc61c,.py,superseded_by_canonical,src/content/blog/hash-functions-primer.md; src/content/blog/message-authentication-codes.md,retained inside .local-reference-library/source-batches/Part1.zip (FULL master only),Hash/MAC material is superseded by the reviewed Hash Functions & MACs series.
Part1/Aristomenis Labs/Labs/Lab 4 - Hash Functions & (H)MACs/In Class Coding Assignments/custom_mac_example.py,181,4a4a7b783d2d815cf513f24c18d612832d051a8cab652b892373fd6242e57364,.py,superseded_by_canonical,src/content/blog/hash-functions-primer.md; src/content/blog/message-authentication-codes.md,retained inside .local-reference-library/source-batches/Part1.zip (FULL master only),Hash/MAC material is superseded by the reviewed Hash Functions & MACs series.
Part1/Aristomenis Labs/Labs/Lab 4 - Hash Functions & (H)MACs/In Class Coding Assignments/digit_sum_second_preimage.py,274,a1e6f2d6be54d59b900fcf4bed09fe7f7f676135213d4b1dac1246480e50e6ec,.py,superseded_by_canonical,src/content/blog/hash-functions-primer.md; src/content/blog/message-authentication-codes.md,retained inside .local-reference-library/source-batches/Part1.zip (FULL master only),Hash/MAC material is superseded by the reviewed Hash Functions & MACs series.
Part1/Aristomenis Labs/Labs/Lab 4 - Hash Functions & (H)MACs/In Class Coding Assignments/linear_preimage_attack.py,205,64249ab1689dfd5ae54242af919f66f400dd4fdbdcdacdd6842a5dfe751d91a7,.py,superseded_by_canonical,src/content/blog/hash-functions-primer.md; src/content/blog/message-authentication-codes.md,retained inside .local-reference-library/source-batches/Part1.zip (FULL master only),Hash/MAC material is superseded by the reviewed Hash Functions & MACs series.
Part1/Aristomenis Labs/Labs/Lab 4 - Hash Functions & (H)MACs/In Class Coding Assignments/logical_and_second_preimage.py,142,eacf11fb0ff136e65e4390804b5ce216b8856ecf5247495a018a6f0743eeddd4,.py,superseded_by_canonical,src/content/blog/hash-functions-primer.md; src/content/blog/message-authentication-codes.md,retained inside .local-reference-library/source-batches/Part1.zip (FULL master only),Hash/MAC material is superseded by the reviewed Hash Functions & MACs series.
Part1/Aristomenis Labs/Labs/Lab 4 - Hash Functions & (H)MACs/In Class Coding Assignments/logical_and_second_preimage_solution.py,385,891eee629cda460c3d9b09ceda78b66fb564670f9abd4e0093e742003ed04409,.py,superseded_by_canonical,src/content/blog/hash-functions-primer.md; src/content/blog/message-authentication-codes.md,retained inside .local-reference-library/source-batches/Part1.zip (FULL master only),Hash/MAC material is superseded by the reviewed Hash Functions & MACs series.
Part1/Aristomenis Labs/Labs/Lab 4 - Hash Functions & (H)MACs/In Class Coding Assignments/plane_ship_md5_collision.py,270,62b04f706f2e825fd974f59378f06f1f9bd98b5d10ca11a5e74e8fe48b12817b,.py,superseded_by_canonical,src/content/blog/hash-functions-primer.md; src/content/blog/message-authentication-codes.md,retained inside .local-reference-library/source-batches/Part1.zip (FULL master only),Hash/MAC material is superseded by the reviewed Hash Functions & MACs series.
Part1/Aristomenis Labs/Labs/Lab 4 - Hash Functions & (H)MACs/plane.jpg,335104,91e34644af1e6c36166e1a69d915d8ed5dbb43ffd62435e70059bc76a742daa6,.jpg,superseded_exact_duplicate,public/images/ready/hash-functions-primer/plane.jpg,retained inside .local-reference-library/source-batches/Part1.zip (FULL master only),Byte-identical copy already exists in the canonical tree.
Part1/Aristomenis Labs/Labs/Lab 4 - Hash Functions & (H)MACs/ship.jpg,335104,caf110e4aebe1fe7acef6da946a2bac9d51edcd47a987e311599c7c1c92e3abd,.jpg,superseded_exact_duplicate,public/images/ready/hash-functions-primer/ship.jpg,retained inside .local-reference-library/source-batches/Part1.zip (FULL master only),Byte-identical copy already exists in the canonical tree.
Part1/Aristomenis Labs/Labs/Lab 5 - Mathematricks/#5_Mathematics.pdf,370881,04d4ded280669ea9bd1345b0bdb223655821b77ae784119e4f33b2c6c858fb7b,.pdf,superseded_by_canonical,src/content/blog/01-integers-division-and-gcd.md,retained inside .local-reference-library/source-batches/Part1.zip (FULL master only),Mathematics teaching material already covered by the canonical foundations.
Part1/Aristomenis Labs/Labs/Lab 5 - Mathematricks/In Class Coding Assignments/GCD.py,336,b120d387d50e29cc5a063ace639034dda9e617811d85146c35830a42e35de5eb,.py,superseded_by_canonical,src/content/blog/01-integers-division-and-gcd.md,retained inside .local-reference-library/source-batches/Part1.zip (FULL master only),Mathematics teaching material already covered by the canonical foundations.
Part1/Aristomenis Labs/Labs/Lab 6 - DLP & DHKE/#6_DLP_DHKE.pdf,382772,1d56daf1818777887b3af7f933e3960db31304f0d51d651aba23fc29b438c729,.pdf,superseded_by_canonical,src/content/blog/discrete-logarithm-introduction.md; src/content/blog/diffie-hellman-key-exchange.md,retained inside .local-reference-library/source-batches/Part1.zip (FULL master only),DLP/DH material already covered by stronger canonical articles.
Part1/Aristomenis Labs/Labs/Lab 6 - DLP & DHKE/Homework/output.txt,371,7590dea698443ef78a57aae3fc21600fe397a7f462b5b25bd2ab0316cbcaad12,.txt,superseded_by_canonical,src/content/blog/discrete-logarithm-introduction.md; src/content/blog/diffie-hellman-key-exchange.md,retained inside .local-reference-library/source-batches/Part1.zip (FULL master only),DLP/DH material already covered by stronger canonical articles.
Part1/Aristomenis Labs/Labs/Lab 6 - DLP & DHKE/Homework/source.py,1134,7a2f84a3cae42e7820a59526483ad24d8e14c82b1ac64f9a64dc5ab17c8f326b,.py,superseded_by_canonical,src/content/blog/discrete-logarithm-introduction.md; src/content/blog/diffie-hellman-key-exchange.md,retained inside .local-reference-library/source-batches/Part1.zip (FULL master only),DLP/DH material already covered by stronger canonical articles.
Part1/Aristomenis Labs/Labs/Lab 7 - ElGamal & RSA/#7_ElGamal_RSA.pdf,326979,9b7bc3c59e390c303f9e4b6087b56838c2d551e5e75f4ca8bdc76d4f6bfcc8c1,.pdf,superseded_by_canonical,src/content/blog/elgamal-cryptosystem.md; src/content/blog/rsa-cryptosystem-extended-reference.md,retained inside .local-reference-library/source-batches/Part1.zip (FULL master only),ElGamal/RSA basics already covered by canonical references.
Part1/Aristomenis Labs/Labs/Lab 7 - ElGamal & RSA/Assignments/1/output.txt,817,593d1e129ffb31f67156dcfe16c1d882f86d4c364a176d667c07988affe64552,.txt,superseded_by_canonical,src/content/blog/elgamal-cryptosystem.md; src/content/blog/rsa-cryptosystem-extended-reference.md,retained inside .local-reference-library/source-batches/Part1.zip (FULL master only),ElGamal/RSA basics already covered by canonical references.
Part1/Aristomenis Labs/Labs/Lab 7 - ElGamal & RSA/Assignments/1/rsa.py,918,ca103ed8b4af954815d322c79c850521427556cadd7f4240efb44dbff2eae1ea,.py,superseded_by_canonical,src/content/blog/elgamal-cryptosystem.md; src/content/blog/rsa-cryptosystem-extended-reference.md,retained inside .local-reference-library/source-batches/Part1.zip (FULL master only),ElGamal/RSA basics already covered by canonical references.
Part1/Aristomenis Labs/Labs/Lab 7 - ElGamal & RSA/Assignments/2/output.txt,538,8be29f9f2bb18b506e4291640fe5a35c522e93cf6c2917153dee8c10dfc37c3c,.txt,superseded_by_canonical,src/content/blog/elgamal-cryptosystem.md; src/content/blog/rsa-cryptosystem-extended-reference.md,retained inside .local-reference-library/source-batches/Part1.zip (FULL master only),ElGamal/RSA basics already covered by canonical references.
Part1/Aristomenis Labs/Labs/Lab 7 - ElGamal & RSA/Assignments/2/source.py,600,0380d54afa122035422aaafb3e917fa48ef042397e424508f70acb266587df56,.py,superseded_by_canonical,src/content/blog/elgamal-cryptosystem.md; src/content/blog/rsa-cryptosystem-extended-reference.md,retained inside .local-reference-library/source-batches/Part1.zip (FULL master only),ElGamal/RSA basics already covered by canonical references.
Part1/Aristomenis Labs/Labs/Lab 8 - RSA Attacks/#8_RSA_Attacks.pdf,422908,76461a8ecc9136cbf0844fff527d28b69601f4f5238188917aa65d4c93478d69,.pdf,superseded_by_canonical,src/content/blog/25-rsa-synthesis-attack-map.md,retained inside .local-reference-library/source-batches/Part1.zip (FULL master only),RSA attack teaching material is superseded by the detailed RSA Deep Dives.
Part1/Aristomenis Labs/Labs/Lab 8 - RSA Attacks/openssl-key.zip,1637,e8654a218d0b678b7983f818cbe07a11197b5864312acc53c591eb22e27515fe,.zip,superseded_by_canonical,src/content/blog/25-rsa-synthesis-attack-map.md,retained inside .local-reference-library/source-batches/Part1.zip (FULL master only),RSA attack teaching material is superseded by the detailed RSA Deep Dives.
Part1/Aristomenis Labs/Labs/Lab 9 - Digital Signatures/#9_DigitalSignatures.pdf,303064,cbe0d6b99bd1786ea8af3ea3e53bb80ff0e4094f287c79a4b440a1b58eba1c14,.pdf,integrated_rewritten,src/content/blog/digital-signatures-foundations.md,retained inside .local-reference-library/source-batches/Part1.zip (FULL master only),Signature teaching material informed the canonical signature path.
Part1/Aristomenis Labs/Labs/python-cheatsheet.pdf,390176,4e86cba4cb05051219ac6c21392e641c00b7bdac92b5dea4d56447f9a8f7e80e,.pdf,superseded_by_canonical,src/content/blog/python-sagemath-cheat-sheet.md,retained inside .local-reference-library/source-batches/Part1.zip (FULL master only),Reference material already covered by the canonical Python/SageMath guide.
Part1/Aristomenis Labs/Labs/python-cheatsheet.zip,372575,b59ff00e1901ad105ef608596f8b626b27f0beed7b1d0214268efe45ccd62432,.zip,superseded_by_canonical,src/content/blog/python-sagemath-cheat-sheet.md,retained inside .local-reference-library/source-batches/Part1.zip (FULL master only),Reference material already covered by the canonical Python/SageMath guide.
Part1/Aristomenis Labs/Labs/SageMath_Guide.pdf,209938,f18f48636034224ad1e8b08ef35e73d604f21c12a458e26adece62d1742c37e7,.pdf,superseded_by_canonical,src/content/blog/python-sagemath-cheat-sheet.md,retained inside .local-reference-library/source-batches/Part1.zip (FULL master only),Reference material already covered by the canonical Python/SageMath guide.
Part1/Aristomenis Labs/Labs/XMAS CTF 2024/xmas-ctf-2024/challenge-1/output.txt,5141,4b4b10026d385dc36ba9ef87c185330b06faaf3a2f3034f7a663c901fb071e9c,.txt,archived_teaching_artifact,.local-reference-library/source-batches/Part1.zip,retained inside .local-reference-library/source-batches/Part1.zip (FULL master only),CTF exercise retained only as source/provenance; not mixed into the scientific article library.
Part1/Aristomenis Labs/Labs/XMAS CTF 2024/xmas-ctf-2024/challenge-1/source.py,1169,6d60448ca402b76d5d33eb751d7af36235842c87cdf0e71e10377f5b30ee5895,.py,archived_teaching_artifact,.local-reference-library/source-batches/Part1.zip,retained inside .local-reference-library/source-batches/Part1.zip (FULL master only),CTF exercise retained only as source/provenance; not mixed into the scientific article library.
Part1/Aristomenis Labs/Labs/XMAS CTF 2024/xmas-ctf-2024/challenge-2/output.txt,3145,c801ae6aa76c4671ee7d23d8a8be172f8be8ebdea6e360e3a7ad9427ce7448a9,.txt,archived_teaching_artifact,.local-reference-library/source-batches/Part1.zip,retained inside .local-reference-library/source-batches/Part1.zip (FULL master only),CTF exercise retained only as source/provenance; not mixed into the scientific article library.
Part1/Aristomenis Labs/Labs/XMAS CTF 2024/xmas-ctf-2024/challenge-2/source.py,641,3c51b7384585cd2211a77b95dc44d4425a9ce4e05277c50f39e4fef6b4bbb538,.py,archived_teaching_artifact,.local-reference-library/source-batches/Part1.zip,retained inside .local-reference-library/source-batches/Part1.zip (FULL master only),CTF exercise retained only as source/provenance; not mixed into the scientific article library.
Part1/Aristomenis Labs/Labs/XMAS CTF 2024/xmas-ctf-2024/challenge-3/output.txt,141,4aaf739abe8447aee9a17cf8829e434c4412b27bd1d7045d04310578b2fb451c,.txt,archived_teaching_artifact,.local-reference-library/source-batches/Part1.zip,retained inside .local-reference-library/source-batches/Part1.zip (FULL master only),CTF exercise retained only as source/provenance; not mixed into the scientific article library.
Part1/Aristomenis Labs/Labs/XMAS CTF 2024/xmas-ctf-2024/challenge-3/source.py,831,c2becf89268f87f99791be8e2fc5d4066de4f6bd71e369e24ae220adcfd67b63,.py,archived_teaching_artifact,.local-reference-library/source-batches/Part1.zip,retained inside .local-reference-library/source-batches/Part1.zip (FULL master only),CTF exercise retained only as source/provenance; not mixed into the scientific article library.
Part1/Aristomenis Labs/Labs/XMAS CTF 2024/xmas-ctf-2024/challenge-4/encrypt.py,632,a9989b5bee0a43eb5e8e2ec48412449e988c33c5cb614b2da04a1202903065e6,.py,archived_teaching_artifact,.local-reference-library/source-batches/Part1.zip,retained inside .local-reference-library/source-batches/Part1.zip (FULL master only),CTF exercise retained only as source/provenance; not mixed into the scientific article library.
Part1/Aristomenis Labs/Labs/XMAS CTF 2024/xmas-ctf-2024/challenge-4/output.txt,620,02fe5515619ab22dbc0cab0994d361c0ab54c463ca046b98f3628e18d380abb0,.txt,archived_teaching_artifact,.local-reference-library/source-batches/Part1.zip,retained inside .local-reference-library/source-batches/Part1.zip (FULL master only),CTF exercise retained only as source/provenance; not mixed into the scientific article library.
Part1/Aristomenis Labs/Labs/XMAS CTF 2024/xmas-ctf-2024/challenge-4/private.txt,1678,7e9b2215fc16739118f650bec66d19e643309916587b36f3000cc9fb4bee748a,.txt,archived_teaching_artifact,.local-reference-library/source-batches/Part1.zip,retained inside .local-reference-library/source-batches/Part1.zip (FULL master only),CTF exercise retained only as source/provenance; not mixed into the scientific article library.
Part1/Aristomenis Labs/Labs/XMAS CTF 2024/xmas-ctf-2024/challenge-5/output.txt,662,20b6921c9b4d25682517d66574dfdb966713080acf2a62f5fafafcb6e5e94bb4,.txt,archived_teaching_artifact,.local-reference-library/source-batches/Part1.zip,retained inside .local-reference-library/source-batches/Part1.zip (FULL master only),CTF exercise retained only as source/provenance; not mixed into the scientific article library.
Part1/Aristomenis Labs/Labs/XMAS CTF 2024/xmas-ctf-2024/challenge-5/source.py,2233,eb7d7a37f8dfcd01bbde206d26444bad8bc79987b3a1de53ed0c4200371e2ac5,.py,archived_teaching_artifact,.local-reference-library/source-batches/Part1.zip,retained inside .local-reference-library/source-batches/Part1.zip (FULL master only),CTF exercise retained only as source/provenance; not mixed into the scientific article library.
Part1/Aristomenis Labs/Labs/XMAS CTF 2024/xmas-ctf-2024/challenge-6/output.txt,632,f951be0b233290e9b0ace0fabae7ebc2c676e987aec43b4fa6d6c3b368b8096f,.txt,archived_teaching_artifact,.local-reference-library/source-batches/Part1.zip,retained inside .local-reference-library/source-batches/Part1.zip (FULL master only),CTF exercise retained only as source/provenance; not mixed into the scientific article library.
Part1/Aristomenis Labs/Labs/XMAS CTF 2024/xmas-ctf-2024/challenge-6/source.py,427,10d62c850aa950ae14fade4681e4b3eff4ac4a14f9d5f6295a699d3458f7d49a,.py,archived_teaching_artifact,.local-reference-library/source-batches/Part1.zip,retained inside .local-reference-library/source-batches/Part1.zip (FULL master only),CTF exercise retained only as source/provenance; not mixed into the scientific article library.
Part1/Asymmetric/Digital Signatures/1. Digital Signatures.pdf,121567,63815711adf1c2b643cd45a2894986dfe991da25297674c6e4c10e5a80ae247b,.pdf,integrated_rewritten,src/content/blog/digital-signatures-foundations.md,retained inside .local-reference-library/source-batches/Part1.zip (FULL master only),"Useful signature material was consolidated, corrected, and reorganized into the seven-part Digital Signatures series; original file remains only in the local source bundle."
Part1/Asymmetric/Digital Signatures/2. Hash-Based Signatures.pdf,84320,084ec232ccc5a2238ef095e3e26012039283027a79a6c7cb1b44f5e4e7dd648b,.pdf,integrated_rewritten,src/content/blog/digital-signatures-foundations.md,retained inside .local-reference-library/source-batches/Part1.zip (FULL master only),"Useful signature material was consolidated, corrected, and reorganized into the seven-part Digital Signatures series; original file remains only in the local source bundle."
Part1/Asymmetric/Digital Signatures/cr.yp.to_ 2014.03.23_ How to design an elliptic-curve signature system.pdf,365388,78faf0b00f4fe4ac840eae75d471ace64fca5764874a8212a2e6d9e649f7f36c,.pdf,integrated_rewritten,src/content/blog/digital-signatures-foundations.md,retained inside .local-reference-library/source-batches/Part1.zip (FULL master only),"Useful signature material was consolidated, corrected, and reorganized into the seven-part Digital Signatures series; original file remains only in the local source bundle."
Part1/Asymmetric/Digital Signatures/DigitalSignatures.md,20206,6400816e8f2f471026f1e04705efeb6817194f77e81fbf1893acb9af68256b24,.md,integrated_rewritten,src/content/blog/digital-signatures-foundations.md,retained inside .local-reference-library/source-batches/Part1.zip (FULL master only),"Useful signature material was consolidated, corrected, and reorganized into the seven-part Digital Signatures series; original file remains only in the local source bundle."
Part1/Asymmetric/Digital Signatures/DSA/DSA-ECDSA-EdDSA.md,11533,2eaa2d6c15aee2a7fd3a933fb012e11b4252211b1131243e3849ad0602142447,.md,integrated_rewritten,src/content/blog/elgamal-dsa-signatures.md; src/content/blog/ecdsa-from-equations-to-secp256k1.md; src/content/blog/ecdsa-nonce-failures.md; src/content/blog/eddsa-ed25519-ed448.md,retained inside .local-reference-library/source-batches/Part1.zip (FULL master only),"Useful signature material was consolidated, corrected, and reorganized into the seven-part Digital Signatures series; original file remains only in the local source bundle."
Part1/Asymmetric/Digital Signatures/DSA/DSA.py,2518,e55d4b00505fec219919e48bebfd74ef5987606f766295ee793dfa58d0078684,.py,integrated_rewritten,src/content/blog/elgamal-dsa-signatures.md; src/content/blog/ecdsa-from-equations-to-secp256k1.md; src/content/blog/ecdsa-nonce-failures.md; src/content/blog/eddsa-ed25519-ed448.md,retained inside .local-reference-library/source-batches/Part1.zip (FULL master only),"Useful signature material was consolidated, corrected, and reorganized into the seven-part Digital Signatures series; original file remains only in the local source bundle."
Part1/Asymmetric/Digital Signatures/DSA/ECDSA.py,3702,ee26eadcab47697af8d4a04615b66c43fecfc77b8a8b6a47887952011412fae8,.py,integrated_rewritten,src/content/blog/elgamal-dsa-signatures.md; src/content/blog/ecdsa-from-equations-to-secp256k1.md; src/content/blog/ecdsa-nonce-failures.md; src/content/blog/eddsa-ed25519-ed448.md,retained inside .local-reference-library/source-batches/Part1.zip (FULL master only),"Useful signature material was consolidated, corrected, and reorganized into the seven-part Digital Signatures series; original file remains only in the local source bundle."
Part1/Asymmetric/Digital Signatures/DSA/EdDSA.py,2218,80af1c520d614cb27e728d4be2b55e1e9e1b76d4ff6034a6be22f6b2f6a2a4c5,.py,integrated_rewritten,src/content/blog/elgamal-dsa-signatures.md; src/content/blog/ecdsa-from-equations-to-secp256k1.md; src/content/blog/ecdsa-nonce-failures.md; src/content/blog/eddsa-ed25519-ed448.md,retained inside .local-reference-library/source-batches/Part1.zip (FULL master only),"Useful signature material was consolidated, corrected, and reorganized into the seven-part Digital Signatures series; original file remains only in the local source bundle."
Part1/Asymmetric/Digital Signatures/ECDSA/ECDSA.ipynb,241423,7938670ff98b4ab0197cb17c226f2dc61d3ae4a2aa5fd103b88f3a5e3ce13d4c,.ipynb,integrated_rewritten,src/content/blog/ecdsa-from-equations-to-secp256k1.md; src/content/blog/ecdsa-nonce-failures.md; experiments/digital-signatures,retained inside .local-reference-library/source-batches/Part1.zip (FULL master only),"Useful signature material was consolidated, corrected, and reorganized into the seven-part Digital Signatures series; original file remains only in the local source bundle."
Part1/Asymmetric/Digital Signatures/ECDSA/Vulnerabilities/Biased_k.ipynb,12296,a14cb56a9fea278c8eae1f5784b907fc21389a4b7ee9ad0c11f0dbcd9dc17c9f,.ipynb,integrated_rewritten,src/content/blog/ecdsa-from-equations-to-secp256k1.md; src/content/blog/ecdsa-nonce-failures.md; experiments/digital-signatures,retained inside .local-reference-library/source-batches/Part1.zip (FULL master only),"Useful signature material was consolidated, corrected, and reorganized into the seven-part Digital Signatures series; original file remains only in the local source bundle."
Part1/Asymmetric/Digital Signatures/ECDSA/Vulnerabilities/Curveball.ipynb,395420,3889455cc7563a4731e53791349c1767d8e2d23f7c1f6b35af50485b04e46383,.ipynb,integrated_rewritten,src/content/blog/ecdsa-from-equations-to-secp256k1.md; src/content/blog/ecdsa-nonce-failures.md; experiments/digital-signatures,retained inside .local-reference-library/source-batches/Part1.zip (FULL master only),"Useful signature material was consolidated, corrected, and reorganized into the seven-part Digital Signatures series; original file remains only in the local source bundle."
Part1/Asymmetric/Digital Signatures/ECDSA/Vulnerabilities/README.md,751,35c28d9ef4e5374c0ef6e1e2feafbd17d58b185acd299e9dbeb226f12a5c764b,.md,integrated_rewritten,src/content/blog/ecdsa-from-equations-to-secp256k1.md; src/content/blog/ecdsa-nonce-failures.md; experiments/digital-signatures,retained inside .local-reference-library/source-batches/Part1.zip (FULL master only),"Useful signature material was consolidated, corrected, and reorganized into the seven-part Digital Signatures series; original file remains only in the local source bundle."
Part1/Asymmetric/Digital Signatures/ECDSA/Vulnerabilities/Reset_attack_nonce_reused.ipynb,5022,93e49ca0217d4235d3a1e7f602c77d9d0572a1c886af78f027c8208af8ecf789,.ipynb,integrated_rewritten,src/content/blog/ecdsa-from-equations-to-secp256k1.md; src/content/blog/ecdsa-nonce-failures.md; experiments/digital-signatures,retained inside .local-reference-library/source-batches/Part1.zip (FULL master only),"Useful signature material was consolidated, corrected, and reorganized into the seven-part Digital Signatures series; original file remains only in the local source bundle."
Part1/Asymmetric/Digital Signatures/ECDSA example with secp256k1/ECDSA example with secp256k1.md,5691,d11eb3eca6c122779d54be32a445c12bc70e97225886856257dba2bc79b9ca4c,.md,integrated_rewritten,src/content/blog/ecdsa-from-equations-to-secp256k1.md; src/content/blog/ecdsa-nonce-failures.md; experiments/digital-signatures,retained inside .local-reference-library/source-batches/Part1.zip (FULL master only),"Useful signature material was consolidated, corrected, and reorganized into the seven-part Digital Signatures series; original file remains only in the local source bundle."
Part1/Asymmetric/Digital Signatures/ECDSA example with secp256k1/ecdsa.py,5815,e4705075df073d4f63f97f7ab22625d10a5a44d09c7c5ea14b1c074feb3651be,.py,integrated_rewritten,src/content/blog/ecdsa-from-equations-to-secp256k1.md; src/content/blog/ecdsa-nonce-failures.md; experiments/digital-signatures,retained inside .local-reference-library/source-batches/Part1.zip (FULL master only),"Useful signature material was consolidated, corrected, and reorganized into the seven-part Digital Signatures series; original file remains only in the local source bundle."
Part1/Asymmetric/Digital Signatures/image.png,11201,46d136c5d46e379affe1603fbac2868cec9184c8e2f86a654962a72cc4f45348,.png,integrated_rewritten,src/content/blog/digital-signatures-foundations.md,retained inside .local-reference-library/source-batches/Part1.zip (FULL master only),"Useful signature material was consolidated, corrected, and reorganized into the seven-part Digital Signatures series; original file remains only in the local source bundle."
Part1/Asymmetric/Digital Signatures/README.md,1051,6426530a3aa5096d0b1ffb3b06abdbedba70346de834cd4afd12a0e97ac2cfc7,.md,integrated_rewritten,src/content/blog/digital-signatures-foundations.md,retained inside .local-reference-library/source-batches/Part1.zip (FULL master only),"Useful signature material was consolidated, corrected, and reorganized into the seven-part Digital Signatures series; original file remains only in the local source bundle."
Part1/Asymmetric/Digital Signatures/RSA/Signatures and RSA.md,4322,c6babfae7d8aff11ea5780c2f256bb3f6693b4a5683177829e82ef15fc0f77e5,.md,integrated_rewritten,src/content/blog/rsa-signatures-pss.md,retained inside .local-reference-library/source-batches/Part1.zip (FULL master only),"Useful signature material was consolidated, corrected, and reorganized into the seven-part Digital Signatures series; original file remains only in the local source bundle."
Part1/Asymmetric/Digital Signatures/RSA-sign/RSA_signatures.ipynb,282389,5da591d9070acdb3c357d92781ef29dc0a6aeb6f9ec5258396f8606908a08515,.ipynb,integrated_rewritten,src/content/blog/rsa-signatures-pss.md,retained inside .local-reference-library/source-batches/Part1.zip (FULL master only),"Useful signature material was consolidated, corrected, and reorganized into the seven-part Digital Signatures series; original file remains only in the local source bundle."
Part1/Asymmetric/Digital Signatures/RSA-sign/Vulnerabilities/Blinding_attack.ipynb,211077,ef4f20169bfd0354b0765eb9e64370d8cd8a1f8ce58480b76ed71af1e0b18329,.ipynb,integrated_rewritten,src/content/blog/rsa-signatures-pss.md,retained inside .local-reference-library/source-batches/Part1.zip (FULL master only),"Useful signature material was consolidated, corrected, and reorganized into the seven-part Digital Signatures series; original file remains only in the local source bundle."
Part1/Asymmetric/Digital Signatures/RSA-sign/Vulnerabilities/Duplicate signature key selection.ipynb,4272,0bbdbd3aae9aad1630f71387fdd73339a524e41fa889e61031b80d86db283a1d,.ipynb,integrated_rewritten,src/content/blog/rsa-signatures-pss.md,retained inside .local-reference-library/source-batches/Part1.zip (FULL master only),"Useful signature material was consolidated, corrected, and reorganized into the seven-part Digital Signatures series; original file remains only in the local source bundle."
Part1/Asymmetric/Digital Signatures/RSA-sign/Vulnerabilities/No_hashing.ipynb,3710,06421013473be5f010149d6a64cc21d30116252390a65b8d03f497d94186f961,.ipynb,integrated_rewritten,src/content/blog/rsa-signatures-pss.md,retained inside .local-reference-library/source-batches/Part1.zip (FULL master only),"Useful signature material was consolidated, corrected, and reorganized into the seven-part Digital Signatures series; original file remains only in the local source bundle."
Part1/Asymmetric/Digital Signatures/Schnorr/gen_test_vectors.py,19711,bc1a4d9e6701f1644293fdf06d063ffe0f4c6c63d8df5ef068da9c7329c333ec,.py,integrated_rewritten,src/content/blog/schnorr-signatures.md; experiments/digital-signatures,retained inside .local-reference-library/source-batches/Part1.zip (FULL master only),"Useful signature material was consolidated, corrected, and reorganized into the seven-part Digital Signatures series; original file remains only in the local source bundle."
Part1/Asymmetric/Digital Signatures/Schnorr/reference.py,17632,6e3408a5506feb84fa21ce9fd5ccd3bf382e847dde152688069bf2c76373e608,.py,integrated_rewritten,src/content/blog/schnorr-signatures.md; experiments/digital-signatures,retained inside .local-reference-library/source-batches/Part1.zip (FULL master only),"Useful signature material was consolidated, corrected, and reorganized into the seven-part Digital Signatures series; original file remains only in the local source bundle."
Part1/Asymmetric/Digital Signatures/Schnorr/schnorr.md,4096,720ba4864b73fbda429cbf5a81c118e24342b9d9966244050add3b87ba91423b,.md,integrated_rewritten,src/content/blog/schnorr-signatures.md; experiments/digital-signatures,retained inside .local-reference-library/source-batches/Part1.zip (FULL master only),"Useful signature material was consolidated, corrected, and reorganized into the seven-part Digital Signatures series; original file remains only in the local source bundle."
Part1/Asymmetric/Digital Signatures/Schnorr/schnorr.py,5043,9fb244a522bb35b0057421d8e2bc400b2260e77dfabede13970f1406fc3d1b9e,.py,integrated_rewritten,src/content/blog/schnorr-signatures.md; experiments/digital-signatures,retained inside .local-reference-library/source-batches/Part1.zip (FULL master only),"Useful signature material was consolidated, corrected, and reorganized into the seven-part Digital Signatures series; original file remains only in the local source bundle."
Part1/Asymmetric/Digital Signatures/Schnorr/test-vector.py,8872,04895b9d03afad1275ff3d9a0ffea7761fa852d358140e5d2e6bdcfa33b55d8b,.py,integrated_rewritten,src/content/blog/schnorr-signatures.md; experiments/digital-signatures,retained inside .local-reference-library/source-batches/Part1.zip (FULL master only),"Useful signature material was consolidated, corrected, and reorganized into the seven-part Digital Signatures series; original file remains only in the local source bundle."
Part1/Asymmetric/Digital Signatures/Schnorr/test_vectors.csv,3996,60b05c8e1d1c3862fd7079ab28709662ae10dbafec2d287646530e1dfda2fbb8,.csv,integrated_rewritten,src/content/blog/schnorr-signatures.md; experiments/digital-signatures,retained inside .local-reference-library/source-batches/Part1.zip (FULL master only),"Useful signature material was consolidated, corrected, and reorganized into the seven-part Digital Signatures series; original file remains only in the local source bundle."
Part1/Asymmetric/Digital Signatures/Schnorr/vectors/adapt_vectors.csv,2734,78c7a849a884739f1a67c9365a1799142eb83c7af258dc98e3d41bd8035648a9,.csv,integrated_rewritten,src/content/blog/schnorr-signatures.md; experiments/digital-signatures,retained inside .local-reference-library/source-batches/Part1.zip (FULL master only),"Useful signature material was consolidated, corrected, and reorganized into the seven-part Digital Signatures series; original file remains only in the local source bundle."
Part1/Asymmetric/Digital Signatures/Schnorr/vectors/presig_vectors.csv,6021,5aeb79ba45b38e9287b84ec575636aeb5ee2c2077adc9125900ad2a145fd34d0,.csv,integrated_rewritten,src/content/blog/schnorr-signatures.md; experiments/digital-signatures,retained inside .local-reference-library/source-batches/Part1.zip (FULL master only),"Useful signature material was consolidated, corrected, and reorganized into the seven-part Digital Signatures series; original file remains only in the local source bundle."
Part1/Asymmetric/Digital Signatures/Schnorr/vectors/secadaptor_vectors.csv,1824,86c9b843eaea7d91a2133d6e8e3e6e097e444a89155460a45a5231a914c53f27,.csv,integrated_rewritten,src/content/blog/schnorr-signatures.md; experiments/digital-signatures,retained inside .local-reference-library/source-batches/Part1.zip (FULL master only),"Useful signature material was consolidated, corrected, and reorganized into the seven-part Digital Signatures series; original file remains only in the local source bundle."
Part1/Asymmetric/Digital Signatures/Schnorr/__pycache__/reference.cpython-39.pyc,13131,40282f05c5fd1ec57570b4f2df0d262630674fe546a79c42f3d3acb2680e9c42,.pyc,discarded_generated_artifact,,retained inside .local-reference-library/source-batches/Part1.zip (FULL master only),Generated Python cache; not canonical source.
Part1/Asymmetric/El-Gamal/EGsignature.sage,1338,cb36491c7f839e87ee4b3e8b3bfcb88e13d841ff032d48e6e70ccd6521f70b45,.sage,integrated_rewritten,src/content/blog/elgamal-dsa-signatures.md,retained inside .local-reference-library/source-batches/Part1.zip (FULL master only),ElGamal-signature material merged into the DSA lineage/signature article.
Part1/Asymmetric/El-Gamal/ElGamal.ipynb,6720,18e13226da656e396f9c2d4ce35bd0c3bfcadb9ceccabeeec768be52d3fc9642,.ipynb,superseded_by_canonical,src/content/blog/elgamal-cryptosystem.md,retained inside .local-reference-library/source-batches/Part1.zip (FULL master only),General ElGamal material already covered by the canonical ElGamal article.
Part1/Asymmetric/El-Gamal/ElGamal2.py,1988,a8d023aa936406b8647d3392784f90fa565415d3cb156f810058430ced6870de,.py,superseded_by_canonical,src/content/blog/elgamal-cryptosystem.md,retained inside .local-reference-library/source-batches/Part1.zip (FULL master only),General ElGamal material already covered by the canonical ElGamal article.
Part1/Asymmetric/El-Gamal/ElGamalSignature.md,3037,45254e41246a0c93f9d18583f4cb26867789450277acdf5467e146eb204af135,.md,integrated_rewritten,src/content/blog/elgamal-dsa-signatures.md,retained inside .local-reference-library/source-batches/Part1.zip (FULL master only),ElGamal-signature material merged into the DSA lineage/signature article.
Part1/Asymmetric/El-Gamal/elgamalvote.py,15132,8a841c1badc8f9a959582047e26b881d9537c7a2f0fb5e87aaf425ddd46a0d7c,.py,integrated_rewritten,src/content/blog/elgamal-homomorphic-voting-research-note.md; experiments/elgamal-voting,retained inside .local-reference-library/source-batches/Part1.zip (FULL master only),Voting prototype reframed as a research note and safe toy tally; original security claims were not retained.
Part1/Asymmetric/El-Gamal/ElGamalvoting.md,5159,5c1843957ae394590cd6ef23589d95fde6164eb6f3f5ebf67035838adf94dd7a,.md,integrated_rewritten,src/content/blog/elgamal-homomorphic-voting-research-note.md; experiments/elgamal-voting,retained inside .local-reference-library/source-batches/Part1.zip (FULL master only),Voting prototype reframed as a research note and safe toy tally; original security claims were not retained.
Part1/Asymmetric/RSA/Commonmodulus.md,2360,c3709a69794deb0a57b33a8dff7a73994b072ad86b85957d47eb94b733f228e7,.md,superseded_by_canonical,src/content/blog/14-rsa-common-modulus-attack.md,retained inside .local-reference-library/source-batches/Part1.zip (FULL master only),A stronger canonical RSA deep-dive/reference already covers this material.
Part1/Asymmetric/RSA/CoppersmithStereotyped.md,3640,70c1b23061577bd1954002a974e2785a991d2fecd36eea85c61f33d22f73873f,.md,superseded_by_canonical,src/content/blog/17-rsa-coppersmith-from-zero.md,retained inside .local-reference-library/source-batches/Part1.zip (FULL master only),A stronger canonical RSA deep-dive/reference already covers this material.
Part1/Asymmetric/RSA/CubeRootAttack.md,2839,4c34b1aff59341e5f25b71e2d48b60d57cf7e15e3cb17689f6cd9954e2cfdd63,.md,superseded_by_canonical,src/content/blog/15-rsa-hastad-broadcast-attack.md,retained inside .local-reference-library/source-batches/Part1.zip (FULL master only),A stronger canonical RSA deep-dive/reference already covers this material.
Part1/Asymmetric/RSA/EulersTheorem.md,8205,b3860b4b15b809c94d9bf5cb847a5488429b998aebe9d3c2ab98b57953ed23c5,.md,integrated_rewritten,src/content/blog/rsa-cryptosystem-extended-reference.md; src/content/blog/euler-totient-reference.md,retained inside .local-reference-library/source-batches/Part1.zip (FULL master only),Relevant unique points were merged/corrected into the mapped canonical article; the scattered source is not kept active.
Part1/Asymmetric/RSA/Hastad.md,2640,22f66108ae22566b4b174571eee3afcb645280859748e0d22c01c7ec57651374,.md,superseded_by_canonical,src/content/blog/15-rsa-hastad-broadcast-attack.md,retained inside .local-reference-library/source-batches/Part1.zip (FULL master only),A stronger canonical RSA deep-dive/reference already covers this material.
Part1/Asymmetric/RSA/index_calculus_attack/attack.py,3327,6cb2a6f5201f05a0d7b34314198b5c300fc5aa9bfd6fbb92e972f3fc293c681b,.py,superseded_by_canonical,src/content/blog/rsa-cryptosystem-extended-reference.md,retained inside .local-reference-library/source-batches/Part1.zip (FULL master only),A stronger canonical RSA deep-dive/reference already covers this material.
Part1/Asymmetric/RSA/index_calculus_attack/attack.sage.py,4840,f94f9beca359b3999534489946c80c602637c0d8c2831710cd5f2e827a9a23ee,.py,superseded_by_canonical,src/content/blog/rsa-cryptosystem-extended-reference.md,retained inside .local-reference-library/source-batches/Part1.zip (FULL master only),A stronger canonical RSA deep-dive/reference already covers this material.
Part1/Asymmetric/RSA/index_calculus_attack/rsa.py,1686,e95655f0d3a4daf19dfa989df5564cd59651c95226e5b0fd103b49c216ef1ea6,.py,superseded_by_canonical,src/content/blog/rsa-cryptosystem-extended-reference.md,retained inside .local-reference-library/source-batches/Part1.zip (FULL master only),A stronger canonical RSA deep-dive/reference already covers this material.
Part1/Asymmetric/RSA/Infineon Numbers/infineon.md,5498,15d7d5554e1d0e7a0fc709efa79a473763a9f51dce8802804d4644e28b89229b,.md,superseded_by_canonical,src/content/blog/24-rsa-roca.md,retained inside .local-reference-library/source-batches/Part1.zip (FULL master only),A stronger canonical RSA deep-dive/reference already covers this material.
Part1/Asymmetric/RSA/Infineon Numbers/infineon.sage,1558,c29e60d25750ae436cef851d75c2711af0709bd9d8eed182d9c47844692974e3,.sage,superseded_by_canonical,src/content/blog/24-rsa-roca.md,retained inside .local-reference-library/source-batches/Part1.zip (FULL master only),A stronger canonical RSA deep-dive/reference already covers this material.
Part1/Asymmetric/RSA/PEMattack.md,3073,c07a21b8c75c052094ad6fe121abc462560d9f8ca21c6b49e0758985b2eccf3b,.md,integrated_rewritten,src/content/blog/rsa-cryptosystem-extended-reference.md,retained inside .local-reference-library/source-batches/Part1.zip (FULL master only),Relevant unique points were merged/corrected into the mapped canonical article; the scattered source is not kept active.
Part1/Asymmetric/RSA/RSA Explained (With Examples) - Kendrick.pdf,388843,eced710656db005b96c454bfb7d192f1972e3adf5dc3db634006a444d88145ae,.pdf,superseded_by_canonical,src/content/blog/rsa-cryptosystem-extended-reference.md,retained inside .local-reference-library/source-batches/Part1.zip (FULL master only),A stronger canonical RSA deep-dive/reference already covers this material.
Part1/Asymmetric/RSA/RSA-Attacks-main/Blind Signature Attack/attack.py,812,720e09a31d8e508ee01df819aed17ae5ace7cd475bf1c83e11cb1f80a765b56f,.py,superseded_by_canonical,src/content/blog/rsa-signatures-pss.md,retained inside .local-reference-library/source-batches/Part1.zip (FULL master only),A stronger canonical RSA deep-dive/reference already covers this material.
Part1/Asymmetric/RSA/RSA-Attacks-main/Blind Signature Attack/server.py,1076,bff991cfffbebfd942357523f5259172f4f77ef21a966a1a7659d570ebcb56e1,.py,superseded_by_canonical,src/content/blog/rsa-signatures-pss.md,retained inside .local-reference-library/source-batches/Part1.zip (FULL master only),A stronger canonical RSA deep-dive/reference already covers this material.
Part1/Asymmetric/RSA/RSA-Attacks-main/Boneh-Duffee Attack/attack.sage,1720,95e6bd81d1770bb1de46036aed2a8b18ede31536a537a7b71401b62c34a27521,.sage,superseded_by_canonical,src/content/blog/18-rsa-boneh-durfee.md,retained inside .local-reference-library/source-batches/Part1.zip (FULL master only),A stronger canonical RSA deep-dive/reference already covers this material.
Part1/Asymmetric/RSA/RSA-Attacks-main/Boneh-Duffee Attack/generate.py,465,7ddb6b874392a22f9933c29f433e35dbfeff70b1d05b2e7932acc7e4744ff4c9,.py,superseded_by_canonical,src/content/blog/18-rsa-boneh-durfee.md,retained inside .local-reference-library/source-batches/Part1.zip (FULL master only),A stronger canonical RSA deep-dive/reference already covers this material.
Part1/Asymmetric/RSA/RSA-Attacks-main/Boneh-Duffee Attack/output.txt,930,e4f586c2388fb153df62418e65b5037419c82932d8f5b11b3c9be263e12d98ab,.txt,superseded_by_canonical,src/content/blog/18-rsa-boneh-durfee.md,retained inside .local-reference-library/source-batches/Part1.zip (FULL master only),A stronger canonical RSA deep-dive/reference already covers this material.
Part1/Asymmetric/RSA/RSA-Attacks-main/Common Modulus Attack/attack.py,444,c4745cc1ca9e563cdfe2bfb2ddf6e0cdbf2470b297da396cb0188aa10df81409,.py,superseded_by_canonical,src/content/blog/14-rsa-common-modulus-attack.md,retained inside .local-reference-library/source-batches/Part1.zip (FULL master only),A stronger canonical RSA deep-dive/reference already covers this material.
Part1/Asymmetric/RSA/RSA-Attacks-main/Coppersmith's Short Pad Attack/attack.sage,1072,38de5741c7f60eecda9ffdec8e40e21c5c029a8f67c2b88cc1b0e3437193896a,.sage,superseded_by_canonical,src/content/blog/17-rsa-coppersmith-from-zero.md,retained inside .local-reference-library/source-batches/Part1.zip (FULL master only),A stronger canonical RSA deep-dive/reference already covers this material.
Part1/Asymmetric/RSA/RSA-Attacks-main/Coppersmith's Short Pad Attack/generate.py,461,2057d8e17577772db2b6f82218280aae4679ef8c795a6e52ffcaba24fd3d746e,.py,superseded_by_canonical,src/content/blog/17-rsa-coppersmith-from-zero.md,retained inside .local-reference-library/source-batches/Part1.zip (FULL master only),A stronger canonical RSA deep-dive/reference already covers this material.
Part1/Asymmetric/RSA/RSA-Attacks-main/Coppersmith's Short Pad Attack/output.txt,1878,8055025bc80f17e2a66c59cff249b289ff22c8616d03bdda40faea7dec19be41,.txt,superseded_by_canonical,src/content/blog/17-rsa-coppersmith-from-zero.md,retained inside .local-reference-library/source-batches/Part1.zip (FULL master only),A stronger canonical RSA deep-dive/reference already covers this material.
Part1/Asymmetric/RSA/RSA-Attacks-main/Elliptic Curve Factorization Method/attack.py,1038,f9498a4dfb90a26c9e66e25798445a80bb0da67b63a6acc309fb728cafc16f63,.py,superseded_by_canonical,src/content/blog/26-rsa-factorization-structured-primes.md; experiments/rsa/factorization-methods,retained inside .local-reference-library/source-batches/Part1.zip (FULL master only),A stronger canonical RSA deep-dive/reference already covers this material.
Part1/Asymmetric/RSA/RSA-Attacks-main/Factoring with Cyclotomic Polynomials/attack.sage,4513,50802c5e810407262384a206b33c5b2d7884638e29d3135dc8e9f6e25d6c5593,.sage,superseded_by_canonical,src/content/blog/26-rsa-factorization-structured-primes.md; experiments/rsa/factorization-methods,retained inside .local-reference-library/source-batches/Part1.zip (FULL master only),A stronger canonical RSA deep-dive/reference already covers this material.
Part1/Asymmetric/RSA/RSA-Attacks-main/Factoring with Cyclotomic Polynomials/generate.py,454,7b8870eba33d26083193106ced9cd93f7c94d12fe9bad6648e372a3ee36530ef,.py,superseded_by_canonical,src/content/blog/26-rsa-factorization-structured-primes.md; experiments/rsa/factorization-methods,retained inside .local-reference-library/source-batches/Part1.zip (FULL master only),A stronger canonical RSA deep-dive/reference already covers this material.
Part1/Asymmetric/RSA/RSA-Attacks-main/Factoring with Cyclotomic Polynomials/output.txt,1870,068094eae6127e6f5ea023e8c8b12ec793fb2056071f65ce903dd0b32a283a6a,.txt,superseded_by_canonical,src/content/blog/26-rsa-factorization-structured-primes.md; experiments/rsa/factorization-methods,retained inside .local-reference-library/source-batches/Part1.zip (FULL master only),A stronger canonical RSA deep-dive/reference already covers this material.
Part1/Asymmetric/RSA/RSA-Attacks-main/Fermat Factorization/attack.py,504,2e794e4527c2749a1ccec02f22e7a046d98b80f950f78bdbe8a06488b81a1071,.py,superseded_by_canonical,src/content/blog/26-rsa-factorization-structured-primes.md; experiments/rsa/factorization-methods,retained inside .local-reference-library/source-batches/Part1.zip (FULL master only),A stronger canonical RSA deep-dive/reference already covers this material.
Part1/Asymmetric/RSA/RSA-Attacks-main/flag.txt,17,15cbaef4eee7c35ca8adc4b0a54e487c9242ab466edee4e8c6ca985c4ca44bab,.txt,superseded_by_canonical,src/content/blog/rsa-cryptosystem-extended-reference.md,retained inside .local-reference-library/source-batches/Part1.zip (FULL master only),A stronger canonical RSA deep-dive/reference already covers this material.
Part1/Asymmetric/RSA/RSA-Attacks-main/Franklin-Reiter Related Message Attack/attack.py,737,e42fb62d19b0f1fa9d440c128f57b1e5352c8876546cf5e101b548882a5dd974,.py,superseded_by_canonical,src/content/blog/20-rsa-franklin-reiter.md,retained inside .local-reference-library/source-batches/Part1.zip (FULL master only),A stronger canonical RSA deep-dive/reference already covers this material.
Part1/Asymmetric/RSA/RSA-Attacks-main/Franklin-Reiter Related Message Attack/generate.py,347,a19e8b43c621b9f515db977c52bbfdcdc575f581c9089438a31e6e1614de60a6,.py,superseded_by_canonical,src/content/blog/20-rsa-franklin-reiter.md,retained inside .local-reference-library/source-batches/Part1.zip (FULL master only),A stronger canonical RSA deep-dive/reference already covers this material.
Part1/Asymmetric/RSA/RSA-Attacks-main/Franklin-Reiter Related Message Attack/output.txt,992,d5a5c852d7d069e005b92213acc7462c1bf977fd5f4489f88f4bb28f1392dac0,.txt,superseded_by_canonical,src/content/blog/20-rsa-franklin-reiter.md,retained inside .local-reference-library/source-batches/Part1.zip (FULL master only),A stronger canonical RSA deep-dive/reference already covers this material.
Part1/Asymmetric/RSA/RSA-Attacks-main/Hastad's Broadcast Attack/attack.py,411,fdc1a9cbe9cec92cac5c198f04b78c26ef722cfb8a3c62a000f7865d63885487,.py,superseded_by_canonical,src/content/blog/15-rsa-hastad-broadcast-attack.md,retained inside .local-reference-library/source-batches/Part1.zip (FULL master only),A stronger canonical RSA deep-dive/reference already covers this material.
Part1/Asymmetric/RSA/RSA-Attacks-main/Hastad's Broadcast Attack/generate.py,354,e78126183dbf2163e16dbf9e217cfc3845f126d1d026a0f9abea54a155d1c2a0,.py,superseded_by_canonical,src/content/blog/15-rsa-hastad-broadcast-attack.md,retained inside .local-reference-library/source-batches/Part1.zip (FULL master only),A stronger canonical RSA deep-dive/reference already covers this material.
Part1/Asymmetric/RSA/RSA-Attacks-main/Hastad's Broadcast Attack/output.txt,10766,1445ca7024ca6b8b291512975b24136c8d0be32232720b862d1913ae7b84d17a,.txt,superseded_by_canonical,src/content/blog/15-rsa-hastad-broadcast-attack.md,retained inside .local-reference-library/source-batches/Part1.zip (FULL master only),A stronger canonical RSA deep-dive/reference already covers this material.
Part1/Asymmetric/RSA/RSA-Attacks-main/Partial d exposure Attack/attack.sage,2198,0590c44aabd33762ad088c09e2826bb17cf64f1e6a97eb67070c4404abeca7e3,.sage,superseded_by_canonical,src/content/blog/19-rsa-partial-key-exposure.md,retained inside .local-reference-library/source-batches/Part1.zip (FULL master only),A stronger canonical RSA deep-dive/reference already covers this material.
Part1/Asymmetric/RSA/RSA-Attacks-main/Partial d exposure Attack/generate.py,374,927148094180076c264909a30ac7998399e8c64da2871718cdf1b0d2540e9f1d,.py,superseded_by_canonical,src/content/blog/19-rsa-partial-key-exposure.md,retained inside .local-reference-library/source-batches/Part1.zip (FULL master only),A stronger canonical RSA deep-dive/reference already covers this material.
Part1/Asymmetric/RSA/RSA-Attacks-main/Partial d exposure Attack/output.txt,1441,3788384b31a0703dd771a10afa23f6481a9cdbbdac168e1aa8c678cd5ea3f4cb,.txt,superseded_by_canonical,src/content/blog/19-rsa-partial-key-exposure.md,retained inside .local-reference-library/source-batches/Part1.zip (FULL master only),A stronger canonical RSA deep-dive/reference already covers this material.
Part1/Asymmetric/RSA/RSA-Attacks-main/Partial p exposure Attack/attack.sage,1475,33eabc4a7f8003f7342e3b63d79b1c833f5685bbbb5e08ffa5994b48ef9fb679,.sage,superseded_by_canonical,src/content/blog/19-rsa-partial-key-exposure.md,retained inside .local-reference-library/source-batches/Part1.zip (FULL master only),A stronger canonical RSA deep-dive/reference already covers this material.
Part1/Asymmetric/RSA/RSA-Attacks-main/Partial p exposure Attack/generate.py,269,52958b463e9bb4bcfe52741ecab62ba2826c969e52dc1072430ab763a6b60870,.py,superseded_by_canonical,src/content/blog/19-rsa-partial-key-exposure.md,retained inside .local-reference-library/source-batches/Part1.zip (FULL master only),A stronger canonical RSA deep-dive/reference already covers this material.
Part1/Asymmetric/RSA/RSA-Attacks-main/Partial p exposure Attack/output.txt,1458,da969c95d6ce9fb471e52a2838e3edb2e431df195a92f069882a1a6f7cd81889,.txt,superseded_by_canonical,src/content/blog/19-rsa-partial-key-exposure.md,retained inside .local-reference-library/source-batches/Part1.zip (FULL master only),A stronger canonical RSA deep-dive/reference already covers this material.
Part1/Asymmetric/RSA/RSA-Attacks-main/Pollard's p-1 Method/attack.py,623,98a6780889f537aab681ffd0b30ce519a26d718b050f5207674b8708be6d0533,.py,integrated_rewritten,src/content/blog/26-rsa-factorization-structured-primes.md; experiments/rsa/factorization-methods,retained inside .local-reference-library/source-batches/Part1.zip (FULL master only),Relevant unique points were merged/corrected into the mapped canonical article; the scattered source is not kept active.
Part1/Asymmetric/RSA/RSA-Attacks-main/Pollard's p-1 Method/generate.py,2255,64d4f55c87337eb6a6c510d2bb7711fbcf154d690e896d473b84518e5a1ce6d4,.py,integrated_rewritten,src/content/blog/26-rsa-factorization-structured-primes.md; experiments/rsa/factorization-methods,retained inside .local-reference-library/source-batches/Part1.zip (FULL master only),Relevant unique points were merged/corrected into the mapped canonical article; the scattered source is not kept active.
Part1/Asymmetric/RSA/RSA-Attacks-main/Pollard's p-1 Method/output.txt,1254,4f1087f049369d81e82861437fd8a0f2770548a82f55ce1cabcb3143c37eaab4,.txt,integrated_rewritten,src/content/blog/26-rsa-factorization-structured-primes.md; experiments/rsa/factorization-methods,retained inside .local-reference-library/source-batches/Part1.zip (FULL master only),Relevant unique points were merged/corrected into the mapped canonical article; the scattered source is not kept active.
Part1/Asymmetric/RSA/RSA-Attacks-main/README.md,1425,800f9523fe7e676fe044e09859b77e979558929a71b1cf4d3ac10ccf0bc32999,.md,superseded_by_canonical,src/content/blog/25-rsa-synthesis-attack-map.md,retained inside .local-reference-library/source-batches/Part1.zip (FULL master only),A stronger canonical RSA deep-dive/reference already covers this material.
Part1/Asymmetric/RSA/RSA-Attacks-main/ROCA/attack.py,360,833e10d695449f33210738f785145281842ae664f041c482ef2b0989b8b3c982,.py,superseded_by_canonical,src/content/blog/24-rsa-roca.md,retained inside .local-reference-library/source-batches/Part1.zip (FULL master only),A stronger canonical RSA deep-dive/reference already covers this material.
Part1/Asymmetric/RSA/RSA-Attacks-main/ROCA/generate.py,597,a45e87ffb772732565999467ebeff45ba55b605e72bee7d02ae312d1267f9f6e,.py,superseded_by_canonical,src/content/blog/24-rsa-roca.md,retained inside .local-reference-library/source-batches/Part1.zip (FULL master only),A stronger canonical RSA deep-dive/reference already covers this material.
Part1/Asymmetric/RSA/RSA-Attacks-main/ROCA/output.txt,328,d825c24097e66c3cec67185add5cbe43f8257afefc64542160af765bcbf48cb3,.txt,superseded_by_canonical,src/content/blog/24-rsa-roca.md,retained inside .local-reference-library/source-batches/Part1.zip (FULL master only),A stronger canonical RSA deep-dive/reference already covers this material.
Part1/Asymmetric/RSA/RSA-Attacks-main/ROCA/roca_attack.py,3224,8096b7e8b6b916bb1a2bf64553c84e0d3ef1042ecf3ae7d4b0110b8b655c7980,.py,superseded_by_canonical,src/content/blog/24-rsa-roca.md,retained inside .local-reference-library/source-batches/Part1.zip (FULL master only),A stronger canonical RSA deep-dive/reference already covers this material.
Part1/Asymmetric/RSA/RSA-Attacks-main/ROCA/sage_functions.py,2223,1977b7f3cbf262ad336f7b32159d821d1efae1b4c7c64734da45789ff03fbf59,.py,superseded_by_canonical,src/content/blog/24-rsa-roca.md,retained inside .local-reference-library/source-batches/Part1.zip (FULL master only),A stronger canonical RSA deep-dive/reference already covers this material.
Part1/Asymmetric/RSA/RSA-Attacks-main/Small Private Exponent Attack/attack.py,392,7ec29381d077b720403bc83455cd0abe0a33729f735b39f3aedbbb7e0af5553f,.py,superseded_by_canonical,src/content/blog/16-rsa-wiener-attack.md,retained inside .local-reference-library/source-batches/Part1.zip (FULL master only),A stronger canonical RSA deep-dive/reference already covers this material.
Part1/Asymmetric/RSA/RSA-Attacks-main/Small Private Exponent Attack/generate.py,253,af55bf1c5b42d24a2654bbe448d7d5c217c6a3d1d17c4472c3c57a8c8e4d1b79,.py,superseded_by_canonical,src/content/blog/16-rsa-wiener-attack.md,retained inside .local-reference-library/source-batches/Part1.zip (FULL master only),A stronger canonical RSA deep-dive/reference already covers this material.
Part1/Asymmetric/RSA/RSA-Attacks-main/Small Private Exponent Attack/output.txt,1865,8f0647069586478962a43813d60f28a82c98a177f7eb40f994058aa080b2371f,.txt,superseded_by_canonical,src/content/blog/16-rsa-wiener-attack.md,retained inside .local-reference-library/source-batches/Part1.zip (FULL master only),A stronger canonical RSA deep-dive/reference already covers this material.
Part1/Asymmetric/RSA/RSA-Attacks-main/Small Public Key Attack/attack.py,373,cfb8460b5b79c09cf7c70e4d08f21242bcc1116cf619e35e4ed2f25653950cd1,.py,superseded_by_canonical,src/content/blog/15-rsa-hastad-broadcast-attack.md,retained inside .local-reference-library/source-batches/Part1.zip (FULL master only),A stronger canonical RSA deep-dive/reference already covers this material.
Part1/Asymmetric/RSA/RSA-Attacks-main/Special Prime form/attack.py,1143,2e339d235180a6bb43e26c3c1b4db6f4c72803fbee48982a3cbecadac5f20f6a,.py,integrated_rewritten,src/content/blog/26-rsa-factorization-structured-primes.md; experiments/rsa/factorization-methods,retained inside .local-reference-library/source-batches/Part1.zip (FULL master only),Relevant unique points were merged/corrected into the mapped canonical article; the scattered source is not kept active.
Part1/Asymmetric/RSA/RSA-Attacks-main/Special Prime form/generate.py,489,e204b51f4a5ed4932b701bf5e4b50401033d2d72fc38defb7d2745c0d23825ad,.py,integrated_rewritten,src/content/blog/26-rsa-factorization-structured-primes.md; experiments/rsa/factorization-methods,retained inside .local-reference-library/source-batches/Part1.zip (FULL master only),Relevant unique points were merged/corrected into the mapped canonical article; the scattered source is not kept active.
Part1/Asymmetric/RSA/RSA-Attacks-main/Special Prime form/output.txt,1273,fa8086021eaaff21581ced97458b51733a2a8bae86d2e385351d35ad15a017e7,.txt,integrated_rewritten,src/content/blog/26-rsa-factorization-structured-primes.md; experiments/rsa/factorization-methods,retained inside .local-reference-library/source-batches/Part1.zip (FULL master only),Relevant unique points were merged/corrected into the mapped canonical article; the scattered source is not kept active.
Part1/Asymmetric/RSA/RSA-Attacks-main/Stereotyped Message Attack/attack.py,569,b30a9fe6abdce45b36341b086213b17bd4c5294108fb4c6e348beb6ad0f5af96,.py,superseded_by_canonical,src/content/blog/17-rsa-coppersmith-from-zero.md,retained inside .local-reference-library/source-batches/Part1.zip (FULL master only),A stronger canonical RSA deep-dive/reference already covers this material.
Part1/Asymmetric/RSA/RSA-Attacks-main/Stereotyped Message Attack/generate.py,405,526dc06a92c7b038c40f665ac6fcc2bc3686d8fd8be28022fdbadd0b1d2586a4,.py,superseded_by_canonical,src/content/blog/17-rsa-coppersmith-from-zero.md,retained inside .local-reference-library/source-batches/Part1.zip (FULL master only),A stronger canonical RSA deep-dive/reference already covers this material.
Part1/Asymmetric/RSA/RSA-Attacks-main/Stereotyped Message Attack/output.txt,1249,4edd0f16fbc1c8d620c9a865cd72d8902fbb6d5d847e47536a506ddcf7d74587,.txt,superseded_by_canonical,src/content/blog/17-rsa-coppersmith-from-zero.md,retained inside .local-reference-library/source-batches/Part1.zip (FULL master only),A stronger canonical RSA deep-dive/reference already covers this material.
Part1/Asymmetric/RSA/RSA-Attacks-main/Stereotyped Message Attack II/attack.sage,1870,f807233aa83fa08f3981ff7fd7480b60ae60afb643073ef0165016f97e82be15,.sage,superseded_by_canonical,src/content/blog/17-rsa-coppersmith-from-zero.md,retained inside .local-reference-library/source-batches/Part1.zip (FULL master only),A stronger canonical RSA deep-dive/reference already covers this material.
Part1/Asymmetric/RSA/RSA-Attacks-main/Stereotyped Message Attack II/generate.py,437,648bfa1c1d9908083667367876cb9cff7ada2989dd3f8a2da457959ff13142b4,.py,superseded_by_canonical,src/content/blog/17-rsa-coppersmith-from-zero.md,retained inside .local-reference-library/source-batches/Part1.zip (FULL master only),A stronger canonical RSA deep-dive/reference already covers this material.
Part1/Asymmetric/RSA/RSA-Attacks-main/Stereotyped Message Attack II/output.txt,1249,7ed3593387abb47ae50346199786fc06db66e7c990f3ebeed740978596cb6d57,.txt,superseded_by_canonical,src/content/blog/17-rsa-coppersmith-from-zero.md,retained inside .local-reference-library/source-batches/Part1.zip (FULL master only),A stronger canonical RSA deep-dive/reference already covers this material.
Part1/Asymmetric/RSA/RSA-Attacks-main/Wiener's Attack/attack.py,1128,fd230c21d824927e65bace04eab4e45864409b61915bffcf1dfb20a1e1e62b81,.py,superseded_by_canonical,src/content/blog/16-rsa-wiener-attack.md,retained inside .local-reference-library/source-batches/Part1.zip (FULL master only),A stronger canonical RSA deep-dive/reference already covers this material.
Part1/Asymmetric/RSA/RSA-Attacks-main/Wiener's Attack/generate.py,310,7aca171c8baea81dd9490d0e1b90d61ce4d0281155a864dddb3c5cad5c7fd5f3,.py,superseded_by_canonical,src/content/blog/16-rsa-wiener-attack.md,retained inside .local-reference-library/source-batches/Part1.zip (FULL master only),A stronger canonical RSA deep-dive/reference already covers this material.
Part1/Asymmetric/RSA/RSA-Attacks-main/Wiener's Attack/output.txt,930,e4f586c2388fb153df62418e65b5037419c82932d8f5b11b3c9be263e12d98ab,.txt,superseded_by_canonical,src/content/blog/16-rsa-wiener-attack.md,retained inside .local-reference-library/source-batches/Part1.zip (FULL master only),A stronger canonical RSA deep-dive/reference already covers this material.
Part1/Asymmetric/RSA/RSA-Attacks-main/William's p+1 Method/attack.py,1703,7309a6bc80a1ebdb33ea537a28f4260c00b254428db24da1aed61e31f31373df,.py,integrated_rewritten,src/content/blog/26-rsa-factorization-structured-primes.md; experiments/rsa/factorization-methods,retained inside .local-reference-library/source-batches/Part1.zip (FULL master only),Relevant unique points were merged/corrected into the mapped canonical article; the scattered source is not kept active.
Part1/Asymmetric/RSA/RSA-Attacks-main/William's p+1 Method/generate.py,452,6e3c20896a18a9b835dc4858da6919a3e7343e0122fbb0ecae6a4782277e451a,.py,integrated_rewritten,src/content/blog/26-rsa-factorization-structured-primes.md; experiments/rsa/factorization-methods,retained inside .local-reference-library/source-batches/Part1.zip (FULL master only),Relevant unique points were merged/corrected into the mapped canonical article; the scattered source is not kept active.
Part1/Asymmetric/RSA/RSA-Attacks-main/William's p+1 Method/output.txt,1237,f72c097f528ce7d0f99e32706fdd8195f877c4551ff680101f1e46a9a6df2cb7,.txt,integrated_rewritten,src/content/blog/26-rsa-factorization-structured-primes.md; experiments/rsa/factorization-methods,retained inside .local-reference-library/source-batches/Part1.zip (FULL master only),Relevant unique points were merged/corrected into the mapped canonical article; the scattered source is not kept active.
Part1/Asymmetric/RSA/rsa-bleichenbacher-master.zip,83329,610efa4c9b918e84963d0c178b7f74904946f416d832090bbeeebd7816c6744e,.zip,archived_third_party_reference,src/content/blog/22-rsa-bleichenbacher.md,retained inside .local-reference-library/source-batches/Part1.zip (FULL master only),Third-party repository/archive; not copied into active Git tree.
Part1/Asymmetric/RSA/RSA2/Attacks/Hastad's_Broadcast Attack.ipynb,3101,4f99debc7cbfdd403abed3515aedd1be8b4633c166b4f9004ac6581abaa140f7,.ipynb,superseded_by_canonical,src/content/blog/15-rsa-hastad-broadcast-attack.md,retained inside .local-reference-library/source-batches/Part1.zip (FULL master only),A stronger canonical RSA deep-dive/reference already covers this material.
Part1/Asymmetric/RSA/RSA2/Attacks/Newbies_Mistakes.ipynb,3859,e30677e4fdec076e60e003a3963ccfe8855e0a3a20c0c9c05bc45efb49da23df,.ipynb,superseded_by_canonical,src/content/blog/13-rsa-deep-dive-textbook-rsa-fails.md; src/content/blog/25-rsa-synthesis-attack-map.md,retained inside .local-reference-library/source-batches/Part1.zip (FULL master only),A stronger canonical RSA deep-dive/reference already covers this material.
Part1/Asymmetric/RSA/RSA2/RSA_intro.ipynb,183729,51027e592d15f1a726de48ce989c49b5d179b2c43b5c3a2a8b0d9ad6fdc54edb,.ipynb,superseded_by_canonical,src/content/blog/13-rsa-deep-dive-textbook-rsa-fails.md; src/content/blog/25-rsa-synthesis-attack-map.md,retained inside .local-reference-library/source-batches/Part1.zip (FULL master only),A stronger canonical RSA deep-dive/reference already covers this material.
Part1/Asymmetric/RSA/RSA2/Vulnerabilities/Beginner_mistakes.ipynb,18047,ce385d6d0a901f5dbb5e2be534bf3088b695f310c202e0c1c27fc5d4935f17a0,.ipynb,superseded_by_canonical,src/content/blog/13-rsa-deep-dive-textbook-rsa-fails.md; src/content/blog/25-rsa-synthesis-attack-map.md,retained inside .local-reference-library/source-batches/Part1.zip (FULL master only),A stronger canonical RSA deep-dive/reference already covers this material.
Part1/Asymmetric/RSA/RSA2/Vulnerabilities/Boneh-Durfee.ipynb,401688,466cf06b22e377c41ca8d2b9e5b0eaeed21b357cc8221c640fa7776bc8160124,.ipynb,superseded_by_canonical,src/content/blog/18-rsa-boneh-durfee.md,retained inside .local-reference-library/source-batches/Part1.zip (FULL master only),A stronger canonical RSA deep-dive/reference already covers this material.
Part1/Asymmetric/RSA/RSA2/Vulnerabilities/Coppersmith_Attacks_sage.ipynb,908563,a310e168bfd72d897000d10f1131377f2969a0a5c5d25ae9175bd91ea035e6f3,.ipynb,superseded_by_canonical,src/content/blog/17-rsa-coppersmith-from-zero.md,retained inside .local-reference-library/source-batches/Part1.zip (FULL master only),A stronger canonical RSA deep-dive/reference already covers this material.
Part1/Asymmetric/RSA/RSA2/Vulnerabilities/Franklin-Reiter_related_message.ipynb,8514,b6a0bc73d1855e63b6c53d3019797d78e7ce906be92957a144e2e0744ec97fd8,.ipynb,superseded_by_canonical,src/content/blog/20-rsa-franklin-reiter.md,retained inside .local-reference-library/source-batches/Part1.zip (FULL master only),A stronger canonical RSA deep-dive/reference already covers this material.
Part1/Asymmetric/RSA/RSA2/Vulnerabilities/Hastad_Broadcast_Attack.ipynb,7911,c35b4fd8b2b21eed07c7ec7f313a6a5415f27e63461448faf493e360cccf7a63,.ipynb,superseded_by_canonical,src/content/blog/15-rsa-hastad-broadcast-attack.md,retained inside .local-reference-library/source-batches/Part1.zip (FULL master only),A stronger canonical RSA deep-dive/reference already covers this material.
Part1/Asymmetric/RSA/RSA2/Vulnerabilities/Hastad_broadcast_part2.ipynb,4314,e0772be943b504852556dfc3c7eb703b53a9c1172ff2837b029198b53991e110,.ipynb,superseded_by_canonical,src/content/blog/15-rsa-hastad-broadcast-attack.md,retained inside .local-reference-library/source-batches/Part1.zip (FULL master only),A stronger canonical RSA deep-dive/reference already covers this material.
Part1/Asymmetric/RSA/RSA2/Vulnerabilities/Jochemsz_May_methods.ipynb,2484,4e1a263ceaccc7971199c2b64aa539c5ae89f1afd51aa4ff98f0e756207d3079,.ipynb,superseded_by_canonical,src/content/blog/18-rsa-boneh-durfee.md,retained inside .local-reference-library/source-batches/Part1.zip (FULL master only),A stronger canonical RSA deep-dive/reference already covers this material.
Part1/Asymmetric/RSA/RSA2/Vulnerabilities/Known_e_d_pair.ipynb,8378,4ecd8495e0a9fe74640c78ca56a1972c63da8baaa3975411d2c1161ce5936a36,.ipynb,superseded_by_canonical,src/content/blog/13-rsa-deep-dive-textbook-rsa-fails.md; src/content/blog/25-rsa-synthesis-attack-map.md,retained inside .local-reference-library/source-batches/Part1.zip (FULL master only),A stronger canonical RSA deep-dive/reference already covers this material.
Part1/Asymmetric/RSA/RSA2/Vulnerabilities/README.md,1146,4a4b4497b3df5234bbd309fc8a07673aeeb02e22e52f2accdee2b205eae377aa,.md,superseded_by_canonical,src/content/blog/13-rsa-deep-dive-textbook-rsa-fails.md; src/content/blog/25-rsa-synthesis-attack-map.md,retained inside .local-reference-library/source-batches/Part1.zip (FULL master only),A stronger canonical RSA deep-dive/reference already covers this material.
Part1/Asymmetric/RSA/RSA2/Vulnerabilities/Wiener_Attack_small_d.ipynb,20875,70f27550dd3aba583eff0ee5fb0f9efe4ff76477e651b11add3fd761d527eda2,.ipynb,superseded_by_canonical,src/content/blog/16-rsa-wiener-attack.md,retained inside .local-reference-library/source-batches/Part1.zip (FULL master only),A stronger canonical RSA deep-dive/reference already covers this material.
Part1/Asymmetric/RSA/RSASignature.py,2083,1b930daff96e2165ab23b16b8ea214355659925b92ea3aa9e9033f6f558e131a,.py,superseded_by_canonical,src/content/blog/rsa-signatures-pss.md,retained inside .local-reference-library/source-batches/Part1.zip (FULL master only),A stronger canonical RSA deep-dive/reference already covers this material.
Part1/Asymmetric/RSA.zip,1505609,527913639eeaad36ff194b01ce3cc891a179761cfc112e1387942cd99ea241ae,.zip,superseded_by_canonical,src/content/blog/13-rsa-deep-dive-textbook-rsa-fails.md; src/content/blog/25-rsa-synthesis-attack-map.md,retained inside .local-reference-library/source-batches/Part1.zip (FULL master only),A stronger canonical RSA deep-dive/reference already covers this material.
Part1/Authenticated Encryption/Authenticated encryption_ why you need it and how it works - Andrea Corbellini.pdf,1771645,5dc55ed696f62dbae92392cdc691052b8e1aca9de2aa1056fc2b1be69aad6ee9,.pdf,integrated_rewritten,src/content/blog/authenticated-encryption-aead.md,retained inside .local-reference-library/source-batches/Part1.zip (FULL master only),Concepts consolidated into the canonical AEAD article; external PDF itself remains only in the local source bundle.
Part1/Cryptanalysis/Attacks/commonmodulutsattack.py,462,1e434de1a95a17522f7958599c9cbc49d265008c8d4bf324fd4d818d8f457156,.py,superseded_by_canonical,src/content/blog/14-rsa-common-modulus-attack.md,retained inside .local-reference-library/source-batches/Part1.zip (FULL master only),Already covered by stronger canonical deep dive.
Part1/Cryptanalysis/Attacks/crypto-attacks-master.zip,151488,f92030c36bc0750e6c76cfeceb0562e6729a131d1c0be727e46eb312f93cdc11,.zip,archived_third_party_reference,.local-reference-library/source-batches/Part1.zip,retained inside .local-reference-library/source-batches/Part1.zip (FULL master only),Third-party repository/archive; not copied into active Git tree.
Part1/Cryptanalysis/Attacks/Crypton-master.zip,1259528,6a90f7513a9852ebd5ed85579453bcd1b7fa2655613b5b281da85696ba95b14c,.zip,archived_third_party_reference,.local-reference-library/source-batches/Part1.zip,retained inside .local-reference-library/source-batches/Part1.zip (FULL master only),Third-party repository/archive; not copied into active Git tree.
Part1/Cryptanalysis/Attacks/ecfactormethod.py,1070,80ac5dd7b0290b3a7a868d9abcbea9f65d5042334e9b7dff8c02168afe2d22d6,.py,integrated_rewritten,src/content/blog/26-rsa-factorization-structured-primes.md; experiments/rsa/factorization-methods,retained inside .local-reference-library/source-batches/Part1.zip (FULL master only),Factorization concepts consolidated into one comparative RSA deep dive.
Part1/Cryptanalysis/Attacks/fermatfactorization.py,523,ec9d169029f5e13fc55ec7dd78aaef800ffc4d38623f463c6bc7aa669696b24f,.py,integrated_rewritten,src/content/blog/26-rsa-factorization-structured-primes.md; experiments/rsa/factorization-methods,retained inside .local-reference-library/source-batches/Part1.zip (FULL master only),Factorization concepts consolidated into one comparative RSA deep dive.
Part1/Cryptanalysis/Attacks/smalleattack.py,389,76425ecb1792337fb83cadb6dc8d546727f9ab8290afbd079c104d8037d0270b,.py,superseded_by_canonical,src/content/blog/15-rsa-hastad-broadcast-attack.md,retained inside .local-reference-library/source-batches/Part1.zip (FULL master only),Already covered by the low-exponent/broadcast treatment.
Part1/Cryptanalysis/Attacks/URGENT_ Fragmented Backups Vulnerability – Bitcoin Armory – Python-based fully-featured Bitcoin Wallet Software.pdf,198067,da2bc0e7f338b51892f92b8f5f673a705bb640e65e01bfba5f214b0ce131753a,.pdf,archived_reference_only,.local-reference-library/source-batches/Part1.zip,retained inside .local-reference-library/source-batches/Part1.zip (FULL master only),External/incident reference retained only in the local source bundle.
Part1/Cryptanalysis/Kasiski Test/input-1-50.txt,3299,6589bcfd6f5514a604a2414f09e75db17f1f970485c19e460b69ae0f8265c299,.txt,superseded_exact_duplicate,experiments/cryptanalysis/kasiski/input-1-50.txt,retained inside .local-reference-library/source-batches/Part1.zip (FULL master only),Byte-identical copy already exists in the canonical tree.
Part1/Cryptanalysis/Kasiski Test/kasiski.ipynb,16495,192b1a661978da679ee04de29eb83ba10975c42123c65f9b93937bb477791ea5,.ipynb,superseded_by_canonical,src/content/blog/kasiski-examination-vigenere.md; experiments/cryptanalysis/kasiski,retained inside .local-reference-library/source-batches/Part1.zip (FULL master only),Full reviewed Kasiski chapter/test suite already canonical.
Part1/Cryptanalysis/Kasiski Test/kasiski.py,8055,3c58620435af2e60a14463ebacc7e79a86629a6b33e3883ec2e01c6e2598cf57,.py,superseded_by_canonical,src/content/blog/kasiski-examination-vigenere.md; experiments/cryptanalysis/kasiski,retained inside .local-reference-library/source-batches/Part1.zip (FULL master only),Full reviewed Kasiski chapter/test suite already canonical.
Part1/Cryptanalysis/Kasiski Test.zip,9093,015699bb8d220f978a51c8c70254248e22c90082f6d6e0b5867403a837786700,.zip,superseded_by_canonical,src/content/blog/kasiski-examination-vigenere.md; experiments/cryptanalysis/kasiski,retained inside .local-reference-library/source-batches/Part1.zip (FULL master only),Full reviewed Kasiski chapter/test suite already canonical.
Part1/Cryptanalysis/Matsui/images/addkey.PNG,22103,995e7dad8022fc6d68bd209cecc8d678bfdd7b4798fd7a5eb7a50655d3aba720,.png,superseded_exact_duplicate,experiments/cryptanalysis/matsui-linear/images/addkey.PNG; public/images/cryptanalysis/matsui/addkey.png,retained inside .local-reference-library/source-batches/Part1.zip (FULL master only),Byte-identical copy already exists in the canonical tree.
Part1/Cryptanalysis/Matsui/images/lat2.PNG,19530,6d2ee8554188a9c1279e3df2d66c4a8bd370896ae3dcb361eb45ad86f8933a54,.png,superseded_exact_duplicate,experiments/cryptanalysis/matsui-linear/images/lat2.PNG; public/images/cryptanalysis/matsui/lat2.png,retained inside .local-reference-library/source-batches/Part1.zip (FULL master only),Byte-identical copy already exists in the canonical tree.
Part1/Cryptanalysis/Matsui/images/linearapprox.PNG,25848,2bdf9a40777156aaed943757be46021d384020d8262bf15d896fb5a4bec141b4,.png,superseded_exact_duplicate,experiments/cryptanalysis/matsui-linear/images/linearapprox.PNG; public/images/cryptanalysis/matsui/linearapprox.png,retained inside .local-reference-library/source-batches/Part1.zip (FULL master only),Byte-identical copy already exists in the canonical tree.
Part1/Cryptanalysis/Matsui/images/matsui1example.PNG,20291,d7b61ac0dfa034defb496a3c821c3f25a373b7a3f34c84a336d553e1264a5ce7,.png,superseded_exact_duplicate,experiments/cryptanalysis/matsui-linear/images/matsui1example.PNG; public/images/cryptanalysis/matsui/matsui1example.png,retained inside .local-reference-library/source-batches/Part1.zip (FULL master only),Byte-identical copy already exists in the canonical tree.
Part1/Cryptanalysis/Matsui/images/matsui2.PNG,9293,e954fd2c6551bbb7ac60c98a6d32a839e0d794e917242df38b2d6ff7c3b246be,.png,superseded_exact_duplicate,experiments/cryptanalysis/matsui-linear/images/matsui2.PNG; public/images/cryptanalysis/matsui/matsui2.png,retained inside .local-reference-library/source-batches/Part1.zip (FULL master only),Byte-identical copy already exists in the canonical tree.
Part1/Cryptanalysis/Matsui/images/matsui2example.PNG,23092,71a93e76c9d2d22c58cce8fc317fbf0382e245cc35b44c5ba20d6655749cc5bc,.png,superseded_exact_duplicate,experiments/cryptanalysis/matsui-linear/images/matsui2example.PNG; public/images/cryptanalysis/matsui/matsui2example.png,retained inside .local-reference-library/source-batches/Part1.zip (FULL master only),Byte-identical copy already exists in the canonical tree.
Part1/Cryptanalysis/Matsui/images/moresbox.PNG,34641,bec2ec35c4e0a718565236e42a372566036be845cdf0e6430de9c80c41e26060,.png,superseded_exact_duplicate,experiments/cryptanalysis/matsui-linear/images/moresbox.PNG; public/images/cryptanalysis/matsui/moresbox.png,retained inside .local-reference-library/source-batches/Part1.zip (FULL master only),Byte-identical copy already exists in the canonical tree.
Part1/Cryptanalysis/Matsui/Linear Cryptanalysis.ipynb,349773,56e0501f152eb8f8f8ede081e63df10bfcb8a72d81225aa09e92323fee69c845,.ipynb,superseded_by_canonical,src/content/blog/matsui-linear-cryptanalysis.md; experiments/cryptanalysis/matsui-linear,retained inside .local-reference-library/source-batches/Part1.zip (FULL master only),Full reviewed Matsui chapter/test suite already canonical.
Part1/Cryptanalysis/Matsui/Linear Cryptanalysis.md,31954,6a8ac7f7bf8cbaeca66d3517852e4448c73803a5fb37d6114295e2381041febb,.md,superseded_by_canonical,src/content/blog/matsui-linear-cryptanalysis.md; experiments/cryptanalysis/matsui-linear,retained inside .local-reference-library/source-batches/Part1.zip (FULL master only),Full reviewed Matsui chapter/test suite already canonical.
Part1/Cryptanalysis/Matsui/matsui1.py,8656,d9b9ae0fe370feab2d20a5ab07c28cee4c2e608d5127bff6ce472e89eb4b6173,.py,superseded_by_canonical,src/content/blog/matsui-linear-cryptanalysis.md; experiments/cryptanalysis/matsui-linear,retained inside .local-reference-library/source-batches/Part1.zip (FULL master only),Full reviewed Matsui chapter/test suite already canonical.
Part1/Cryptanalysis/Matsui/test.py,6357,1a3e38257509ca66fdf3e530093d4780513cb42e1020862a2fd1c45899e13fd8,.py,superseded_by_canonical,src/content/blog/matsui-linear-cryptanalysis.md; experiments/cryptanalysis/matsui-linear,retained inside .local-reference-library/source-batches/Part1.zip (FULL master only),Full reviewed Matsui chapter/test suite already canonical.
Part1/Cryptanalysis/Matsui.zip,391906,8cf62fa3575655b562d133cb3a90e50c9ef20d042f324d5a2dcce7f66545efd7,.zip,superseded_by_canonical,src/content/blog/matsui-linear-cryptanalysis.md; experiments/cryptanalysis/matsui-linear,retained inside .local-reference-library/source-batches/Part1.zip (FULL master only),Full reviewed Matsui chapter/test suite already canonical.
Part1/crypto-master/crypto-master/.github/FUNDING.yml,47,702c71be6d407e3954f41b013c4053d5fd309d06080e426b085bd954ef1174c9,.yml,archived_legacy_reference,.local-reference-library/source-batches/Part1.zip,retained inside .local-reference-library/source-batches/Part1.zip (FULL master only),Legacy/third-party teaching repository; canonical CryptoCave articles and reviewed CryptoSage material supersede it.
Part1/crypto-master/crypto-master/com.crypto.action/AttackingECDSA.java,3740,413476c45377c07a776ce793b52ea3758c862a4dc08a635005b9b3e58e4e8985,.java,archived_legacy_reference,.local-reference-library/source-batches/Part1.zip,retained inside .local-reference-library/source-batches/Part1.zip (FULL master only),Legacy/third-party teaching repository; canonical CryptoCave articles and reviewed CryptoSage material supersede it.
Part1/crypto-master/crypto-master/com.crypto.action/Bitcoin.java,6164,ca67dbe7f2b0f9d262a9a62a44aa38d94886f18be3d2e7bc21770e99bbd9b8e4,.java,archived_legacy_reference,.local-reference-library/source-batches/Part1.zip,retained inside .local-reference-library/source-batches/Part1.zip (FULL master only),Legacy/third-party teaching repository; canonical CryptoCave articles and reviewed CryptoSage material supersede it.
Part1/crypto-master/crypto-master/com.crypto.action/EccOverFiniteField.java,15457,d04f58d56be55dff5f11958c4cc7e4a22fe82d1c5206c0bf8a5ee7f2eeb6488e,.java,archived_legacy_reference,.local-reference-library/source-batches/Part1.zip,retained inside .local-reference-library/source-batches/Part1.zip (FULL master only),Legacy/third-party teaching repository; canonical CryptoCave articles and reviewed CryptoSage material supersede it.
Part1/crypto-master/crypto-master/com.crypto.action/EccOverRealNumbers.java,4543,9a2c2f4b4dbf82d76bb4215bac2fed8dc3656db0e5686b629178c3e641bfef76,.java,archived_legacy_reference,.local-reference-library/source-batches/Part1.zip,retained inside .local-reference-library/source-batches/Part1.zip (FULL master only),Legacy/third-party teaching repository; canonical CryptoCave articles and reviewed CryptoSage material supersede it.
Part1/crypto-master/crypto-master/com.crypto.entity/FFPoint.java,472,65c9e0a1b29813eb3b097fdbbe01d37a8680f6f9180c554834248f2a71b15b64,.java,archived_legacy_reference,.local-reference-library/source-batches/Part1.zip,retained inside .local-reference-library/source-batches/Part1.zip (FULL master only),Legacy/third-party teaching repository; canonical CryptoCave articles and reviewed CryptoSage material supersede it.
Part1/crypto-master/crypto-master/com.crypto.entity/Point.java,942,f9fb804b52a4069ec9cb585f43ce0d8ba26920a8ba8c9f1f1f4ceae1e8ab94e4,.java,archived_legacy_reference,.local-reference-library/source-batches/Part1.zip,retained inside .local-reference-library/source-batches/Part1.zip (FULL master only),Legacy/third-party teaching repository; canonical CryptoCave articles and reviewed CryptoSage material supersede it.
Part1/crypto-master/crypto-master/configuration/bitcoin-configuration.txt,920,88ad70d11e4f968841bcc2c7ff29e728247b5738c0e6fb025662cf190ac008dd,.txt,archived_legacy_reference,.local-reference-library/source-batches/Part1.zip,retained inside .local-reference-library/source-batches/Part1.zip (FULL master only),Legacy/third-party teaching repository; canonical CryptoCave articles and reviewed CryptoSage material supersede it.
Part1/crypto-master/crypto-master/LICENSE,1109,ae8047f9afd00fae961fc08e5a8b84c5b5db0d40c3fa402bf6e7b6a2b6e163df,(none),archived_legacy_reference,.local-reference-library/source-batches/Part1.zip,retained inside .local-reference-library/source-batches/Part1.zip (FULL master only),Legacy/third-party teaching repository; canonical CryptoCave articles and reviewed CryptoSage material supersede it.
Part1/crypto-master/crypto-master/python/base58.py,4092,64b5716904b6630822d538b509f3ac78daafd58523785131209f6401cc60406d,.py,archived_legacy_reference,.local-reference-library/source-batches/Part1.zip,retained inside .local-reference-library/source-batches/Part1.zip (FULL master only),Legacy/third-party teaching repository; canonical CryptoCave articles and reviewed CryptoSage material supersede it.
Part1/crypto-master/crypto-master/python/Bitcoin.py,2751,93e2a1f0e0792ed24411b7a0bc4571b43e898e5863061769c1a0a1eebab417bb,.py,archived_legacy_reference,.local-reference-library/source-batches/Part1.zip,retained inside .local-reference-library/source-batches/Part1.zip (FULL master only),Legacy/third-party teaching repository; canonical CryptoCave articles and reviewed CryptoSage material supersede it.
Part1/crypto-master/crypto-master/python/classical/Affine.ipynb,4347,32b837a734784c152d280a2f3e8acb48232e2461034df26a96c7b9643c0906ea,.ipynb,archived_legacy_reference,.local-reference-library/source-batches/Part1.zip,retained inside .local-reference-library/source-batches/Part1.zip (FULL master only),Legacy/third-party teaching repository; canonical CryptoCave articles and reviewed CryptoSage material supersede it.
Part1/crypto-master/crypto-master/python/classical/Caesar.ipynb,6901,b9380e758a76e9c955c996f36d58aa223e6740bfb2e0754d946026b4747766f5,.ipynb,archived_legacy_reference,.local-reference-library/source-batches/Part1.zip,retained inside .local-reference-library/source-batches/Part1.zip (FULL master only),Legacy/third-party teaching repository; canonical CryptoCave articles and reviewed CryptoSage material supersede it.
Part1/crypto-master/crypto-master/python/classical/commons.py,623,ad042036cb56d8fa0e19f2f69d50da4085e3828f9e2485918809fdd91d77a2de,.py,archived_legacy_reference,.local-reference-library/source-batches/Part1.zip,retained inside .local-reference-library/source-batches/Part1.zip (FULL master only),Legacy/third-party teaching repository; canonical CryptoCave articles and reviewed CryptoSage material supersede it.
Part1/crypto-master/crypto-master/python/classical/Hill.ipynb,9323,16cde923db1a902dabd07fe5c32ec453f0447c2946b1bb8a5dbeebec903260d4,.ipynb,archived_legacy_reference,.local-reference-library/source-batches/Part1.zip,retained inside .local-reference-library/source-batches/Part1.zip (FULL master only),Legacy/third-party teaching repository; canonical CryptoCave articles and reviewed CryptoSage material supersede it.
Part1/crypto-master/crypto-master/python/classical/hill.py,2553,85fd1da50bcefec6520b9b3cdebb1638bfb15584ef89b86792dc201ae1b9d2e7,.py,archived_legacy_reference,.local-reference-library/source-batches/Part1.zip,retained inside .local-reference-library/source-batches/Part1.zip (FULL master only),Legacy/third-party teaching repository; canonical CryptoCave articles and reviewed CryptoSage material supersede it.
Part1/crypto-master/crypto-master/python/classical/Homophonic.ipynb,44608,c83dcc639925f30f811cc13ee45406f4f83a08bce167624999cb47785d298117,.ipynb,archived_legacy_reference,.local-reference-library/source-batches/Part1.zip,retained inside .local-reference-library/source-batches/Part1.zip (FULL master only),Legacy/third-party teaching repository; canonical CryptoCave articles and reviewed CryptoSage material supersede it.
Part1/crypto-master/crypto-master/python/classical/Kasiski.ipynb,7701,98097a3fd75075564462c0a37b77326dc2a36618c74ce70de456e9e000e3bb96,.ipynb,archived_legacy_reference,.local-reference-library/source-batches/Part1.zip,retained inside .local-reference-library/source-batches/Part1.zip (FULL master only),Legacy/third-party teaching repository; canonical CryptoCave articles and reviewed CryptoSage material supersede it.
Part1/crypto-master/crypto-master/python/classical/Permutation.ipynb,5357,c3d842f38c7ea0a7062259bcd48d52a15e31b025bf54575aea855f88c79c9909,.ipynb,archived_legacy_reference,.local-reference-library/source-batches/Part1.zip,retained inside .local-reference-library/source-batches/Part1.zip (FULL master only),Legacy/third-party teaching repository; canonical CryptoCave articles and reviewed CryptoSage material supersede it.
Part1/crypto-master/crypto-master/python/classical/Substitution.ipynb,14791,f07992ec7564ab484b32c967adf8edc4124666d396db92737222227d91c415cc,.ipynb,archived_legacy_reference,.local-reference-library/source-batches/Part1.zip,retained inside .local-reference-library/source-batches/Part1.zip (FULL master only),Legacy/third-party teaching repository; canonical CryptoCave articles and reviewed CryptoSage material supersede it.
Part1/crypto-master/crypto-master/python/classical/Vigenere.ipynb,4320,8ddc48b0717d48a2a8cb1e00ed35fcdb88187a466a28624bcd2c6d65778dc5da,.ipynb,archived_legacy_reference,.local-reference-library/source-batches/Part1.zip,retained inside .local-reference-library/source-batches/Part1.zip (FULL master only),Legacy/third-party teaching repository; canonical CryptoCave articles and reviewed CryptoSage material supersede it.
Part1/crypto-master/crypto-master/python/cryptocommons.py,467,ea6cfaca309fccb0053b27192aa8fa654ce666283ed427d75a243c39a79021ce,.py,archived_legacy_reference,.local-reference-library/source-batches/Part1.zip,retained inside .local-reference-library/source-batches/Part1.zip (FULL master only),Legacy/third-party teaching repository; canonical CryptoCave articles and reviewed CryptoSage material supersede it.
Part1/crypto-master/crypto-master/python/diffiehellman.py,997,4ba54c7df3d20fbe2eeee1760562ac2a2237517f27bdf69064473c07738dbd51,.py,archived_legacy_reference,.local-reference-library/source-batches/Part1.zip,retained inside .local-reference-library/source-batches/Part1.zip (FULL master only),Legacy/third-party teaching repository; canonical CryptoCave articles and reviewed CryptoSage material supersede it.
Part1/crypto-master/crypto-master/python/discretelogarithm.py,645,b4a708477325eb3af8f74c274dad739b85b82af445897c9c909fab2f4543b9e2,.py,archived_legacy_reference,.local-reference-library/source-batches/Part1.zip,retained inside .local-reference-library/source-batches/Part1.zip (FULL master only),Legacy/third-party teaching repository; canonical CryptoCave articles and reviewed CryptoSage material supersede it.
Part1/crypto-master/crypto-master/python/dsa.py,1151,6e43948a2e5b3cfb40a51c75e5cc87d2192816ff7e90724fcf806bb3894d2785,.py,archived_legacy_reference,.local-reference-library/source-batches/Part1.zip,retained inside .local-reference-library/source-batches/Part1.zip (FULL master only),Legacy/third-party teaching repository; canonical CryptoCave articles and reviewed CryptoSage material supersede it.
Part1/crypto-master/crypto-master/python/EC-ElGamal.py,3799,42a06c511e3756b334dc44cb28599932603e703872a84f3cbe809e35ece3de67,.py,archived_legacy_reference,.local-reference-library/source-batches/Part1.zip,retained inside .local-reference-library/source-batches/Part1.zip (FULL master only),Legacy/third-party teaching repository; canonical CryptoCave articles and reviewed CryptoSage material supersede it.
Part1/crypto-master/crypto-master/python/EccApp.py,8953,5ad108dc821e5a0477dbee4cf6cb9541eeb34d2a1e1332db98db459228f32031,.py,archived_legacy_reference,.local-reference-library/source-batches/Part1.zip,retained inside .local-reference-library/source-batches/Part1.zip (FULL master only),Legacy/third-party teaching repository; canonical CryptoCave articles and reviewed CryptoSage material supersede it.
Part1/crypto-master/crypto-master/python/EccCore.py,1901,1766d4a9ed54f4e9a37e236eee26fac63a67b444c10348b52e61ee43a19c4c40,.py,archived_legacy_reference,.local-reference-library/source-batches/Part1.zip,retained inside .local-reference-library/source-batches/Part1.zip (FULL master only),Legacy/third-party teaching repository; canonical CryptoCave articles and reviewed CryptoSage material supersede it.
Part1/crypto-master/crypto-master/python/EdDSA.py,3339,fa9600cc15cd3473c94625a5595b981d58cbb22bb28cd700a5395fc9998722ce,.py,archived_legacy_reference,.local-reference-library/source-batches/Part1.zip,retained inside .local-reference-library/source-batches/Part1.zip (FULL master only),Legacy/third-party teaching repository; canonical CryptoCave articles and reviewed CryptoSage material supersede it.
Part1/crypto-master/crypto-master/python/elgamal.py,1649,a70621cac73f3a9bb9979e436932cab5c4abd6650eae5c40fd5781cd3b3994eb,.py,archived_legacy_reference,.local-reference-library/source-batches/Part1.zip,retained inside .local-reference-library/source-batches/Part1.zip (FULL master only),Legacy/third-party teaching repository; canonical CryptoCave articles and reviewed CryptoSage material supersede it.
Part1/crypto-master/crypto-master/python/notebooks/Diffie-Hellman.ipynb,8382,c4b01f9e8ece4ff549154d6e34ff4f5114ea54a5d47f115f12c1309deb2e837b,.ipynb,archived_legacy_reference,.local-reference-library/source-batches/Part1.zip,retained inside .local-reference-library/source-batches/Part1.zip (FULL master only),Legacy/third-party teaching repository; canonical CryptoCave articles and reviewed CryptoSage material supersede it.
Part1/crypto-master/crypto-master/python/notebooks/EC-ElGamal.ipynb,10239,2f443c50a833a0bb98f4fc212facfa0e2e38089da1614fee24ff4085c611a131,.ipynb,archived_legacy_reference,.local-reference-library/source-batches/Part1.zip,retained inside .local-reference-library/source-batches/Part1.zip (FULL master only),Legacy/third-party teaching repository; canonical CryptoCave articles and reviewed CryptoSage material supersede it.
Part1/crypto-master/crypto-master/python/notebooks/EC-KCDSA.ipynb,7953,0e282d21d866149668ffa19e02608c82611bfa945df9c278e287cee757b1ecdc,.ipynb,archived_legacy_reference,.local-reference-library/source-batches/Part1.zip,retained inside .local-reference-library/source-batches/Part1.zip (FULL master only),Legacy/third-party teaching repository; canonical CryptoCave articles and reviewed CryptoSage material supersede it.
Part1/crypto-master/crypto-master/python/notebooks/ECDH.ipynb,4780,fd54989101ed1bcd6762f281ba40ac95b23c4f11eedcfe050ded1c90ed3cdb3f,.ipynb,archived_legacy_reference,.local-reference-library/source-batches/Part1.zip,retained inside .local-reference-library/source-batches/Part1.zip (FULL master only),Legacy/third-party teaching repository; canonical CryptoCave articles and reviewed CryptoSage material supersede it.
Part1/crypto-master/crypto-master/python/notebooks/ECIES.ipynb,8644,254d0ec4ec863c06f374145df71c29669a7e45c6cda57d5e6825ba46fef12495,.ipynb,archived_legacy_reference,.local-reference-library/source-batches/Part1.zip,retained inside .local-reference-library/source-batches/Part1.zip (FULL master only),Legacy/third-party teaching repository; canonical CryptoCave articles and reviewed CryptoSage material supersede it.
Part1/crypto-master/crypto-master/python/notebooks/ECMQV.ipynb,13289,b80192f3c55baecdd215ff3fa5a2cae57b9db97b7efc98d33c3e2a4bf7bd155b,.ipynb,archived_legacy_reference,.local-reference-library/source-batches/Part1.zip,retained inside .local-reference-library/source-batches/Part1.zip (FULL master only),Legacy/third-party teaching repository; canonical CryptoCave articles and reviewed CryptoSage material supersede it.
Part1/crypto-master/crypto-master/python/notebooks/Order-Of-An-Elliptic-Curve-Group.ipynb,11311,a904aa876f80ad5f6c67666da15212165ddfcfe629f8ec006676538553b497d1,.ipynb,archived_legacy_reference,.local-reference-library/source-batches/Part1.zip,retained inside .local-reference-library/source-batches/Part1.zip (FULL master only),Legacy/third-party teaching repository; canonical CryptoCave articles and reviewed CryptoSage material supersede it.
Part1/crypto-master/crypto-master/python/rsa.py,2884,a0abd0c44357a9ddb5358a93fae10c390f811ed25146119a7e7358b83c412945,.py,archived_legacy_reference,.local-reference-library/source-batches/Part1.zip,retained inside .local-reference-library/source-batches/Part1.zip (FULL master only),Legacy/third-party teaching repository; canonical CryptoCave articles and reviewed CryptoSage material supersede it.
Part1/crypto-master/crypto-master/README.md,9432,a8a6a20a261cd6540706973f2d9261a66c27de6f4e5858d6c065a4ff832ba022,.md,archived_legacy_reference,.local-reference-library/source-batches/Part1.zip,retained inside .local-reference-library/source-batches/Part1.zip (FULL master only),Legacy/third-party teaching repository; canonical CryptoCave articles and reviewed CryptoSage material supersede it.
Part1/CryptoWithSageMath-master/CryptoWithSageMath-master/arithm.sage,163,56ce78270bb21ed0af33535eb790609269ec4093e81f84ce0d195bcfba12961d,.sage,archived_legacy_reference,.local-reference-library/source-batches/Part1.zip,retained inside .local-reference-library/source-batches/Part1.zip (FULL master only),Legacy/third-party teaching repository; canonical CryptoCave articles and reviewed CryptoSage material supersede it.
Part1/CryptoWithSageMath-master/CryptoWithSageMath-master/digest.sage,103,71a2136b9c66ff44520ef636ea59298fccc8ed9bb5f46ac2e524196c4f042c74,.sage,archived_legacy_reference,.local-reference-library/source-batches/Part1.zip,retained inside .local-reference-library/source-batches/Part1.zip (FULL master only),Legacy/third-party teaching repository; canonical CryptoCave articles and reviewed CryptoSage material supersede it.
Part1/CryptoWithSageMath-master/CryptoWithSageMath-master/ecdsa.sage,955,0454e11d24ca5d63ce5a5729cd842b6a1aa14fd3424b58c28d4fcd0f5f06684a,.sage,archived_legacy_reference,.local-reference-library/source-batches/Part1.zip,retained inside .local-reference-library/source-batches/Part1.zip (FULL master only),Legacy/third-party teaching repository; canonical CryptoCave articles and reviewed CryptoSage material supersede it.
Part1/CryptoWithSageMath-master/CryptoWithSageMath-master/eckeygen.sage,403,53eff8135167ad94ce18572a66da57cfcc55afac1707ee417a231c660667f466,.sage,archived_legacy_reference,.local-reference-library/source-batches/Part1.zip,retained inside .local-reference-library/source-batches/Part1.zip (FULL master only),Legacy/third-party teaching repository; canonical CryptoCave articles and reviewed CryptoSage material supersede it.
Part1/CryptoWithSageMath-master/CryptoWithSageMath-master/ectest.sage,429,993f6d8aea4ad26106c01cc2f9666839b834901ffd7946ffb41c446ff8f1257e,.sage,archived_legacy_reference,.local-reference-library/source-batches/Part1.zip,retained inside .local-reference-library/source-batches/Part1.zip (FULL master only),Legacy/third-party teaching repository; canonical CryptoCave articles and reviewed CryptoSage material supersede it.
Part1/CryptoWithSageMath-master/CryptoWithSageMath-master/ec_arithm.sage,2234,0fa022a407bb89824f9acf5d98053b068bd5d687d0eb32afd7b48012322d3414,.sage,archived_legacy_reference,.local-reference-library/source-batches/Part1.zip,retained inside .local-reference-library/source-batches/Part1.zip (FULL master only),Legacy/third-party teaching repository; canonical CryptoCave articles and reviewed CryptoSage material supersede it.
Part1/CryptoWithSageMath-master/CryptoWithSageMath-master/elgamal.sage,572,84a56fd9404e7825f166a7478f07d5a4f4372b9606857064d84fd60cefbcea4d,.sage,archived_legacy_reference,.local-reference-library/source-batches/Part1.zip,retained inside .local-reference-library/source-batches/Part1.zip (FULL master only),Legacy/third-party teaching repository; canonical CryptoCave articles and reviewed CryptoSage material supersede it.
Part1/CryptoWithSageMath-master/CryptoWithSageMath-master/field.sage,435,68139ddb0bb9764736df807665276fcb874a5281f51ea01c9a01f2e8986a7e9c,.sage,archived_legacy_reference,.local-reference-library/source-batches/Part1.zip,retained inside .local-reference-library/source-batches/Part1.zip (FULL master only),Legacy/third-party teaching repository; canonical CryptoCave articles and reviewed CryptoSage material supersede it.
Part1/CryptoWithSageMath-master/CryptoWithSageMath-master/hash_to_range.sage,549,90f84dd30266736a9987802b53ef6daaaeb9bbe09248ed327a3b6ea51a7bb6fa,.sage,archived_legacy_reference,.local-reference-library/source-batches/Part1.zip,retained inside .local-reference-library/source-batches/Part1.zip (FULL master only),Legacy/third-party teaching repository; canonical CryptoCave articles and reviewed CryptoSage material supersede it.
Part1/CryptoWithSageMath-master/CryptoWithSageMath-master/inverse.sage,188,735024b2f9fff78625ee45c08a0fb68629bf5ca85cd8b6d11413f6b28003ba7d,.sage,archived_legacy_reference,.local-reference-library/source-batches/Part1.zip,retained inside .local-reference-library/source-batches/Part1.zip (FULL master only),Legacy/third-party teaching repository; canonical CryptoCave articles and reviewed CryptoSage material supersede it.
Part1/CryptoWithSageMath-master/CryptoWithSageMath-master/lamport.sage,720,e3af65d647d955190f2f480f258bf73bb2ed7c37fa214b33bd8614001fbe253f,.sage,archived_legacy_reference,.local-reference-library/source-batches/Part1.zip,retained inside .local-reference-library/source-batches/Part1.zip (FULL master only),Legacy/third-party teaching repository; canonical CryptoCave articles and reviewed CryptoSage material supersede it.
Part1/CryptoWithSageMath-master/CryptoWithSageMath-master/Makefile,20,f6e0168e153180931316d7caa80966bae4bbbeb070b967c04d8140c97e553cad,(none),archived_legacy_reference,.local-reference-library/source-batches/Part1.zip,retained inside .local-reference-library/source-batches/Part1.zip (FULL master only),Legacy/third-party teaching repository; canonical CryptoCave articles and reviewed CryptoSage material supersede it.
Part1/CryptoWithSageMath-master/CryptoWithSageMath-master/matrix.sage,269,f4d5555c4401b70feab2429c2423b46c5d53169986be4adadec21e336123d495,.sage,archived_legacy_reference,.local-reference-library/source-batches/Part1.zip,retained inside .local-reference-library/source-batches/Part1.zip (FULL master only),Legacy/third-party teaching repository; canonical CryptoCave articles and reviewed CryptoSage material supersede it.
Part1/CryptoWithSageMath-master/CryptoWithSageMath-master/miller-textbook.sage,1277,b26707deea9d7fe8f9efa7446040b6cace3addacd6017622adc14f3a1c5aaa82,.sage,archived_legacy_reference,.local-reference-library/source-batches/Part1.zip,retained inside .local-reference-library/source-batches/Part1.zip (FULL master only),Legacy/third-party teaching repository; canonical CryptoCave articles and reviewed CryptoSage material supersede it.
Part1/CryptoWithSageMath-master/CryptoWithSageMath-master/miller.sage,2854,0c7b67381d38faef84036c5164732f464420d71a564aa694ad1f20f9479e08ce,.sage,archived_legacy_reference,.local-reference-library/source-batches/Part1.zip,retained inside .local-reference-library/source-batches/Part1.zip (FULL master only),Legacy/third-party teaching repository; canonical CryptoCave articles and reviewed CryptoSage material supersede it.
Part1/CryptoWithSageMath-master/CryptoWithSageMath-master/nist-char2-polys.sage,1,01ba4719c80b6fe911b091a7c05124b64eeece964e09c058ef8f9805daca546b,.sage,archived_legacy_reference,.local-reference-library/source-batches/Part1.zip,retained inside .local-reference-library/source-batches/Part1.zip (FULL master only),Legacy/third-party teaching repository; canonical CryptoCave articles and reviewed CryptoSage material supersede it.
Part1/CryptoWithSageMath-master/CryptoWithSageMath-master/paillier.sage,1180,70240ae13c7f0de1e52aae287c0ac0ef55305d60d1d9df4b932feb3c76517543,.sage,archived_legacy_reference,.local-reference-library/source-batches/Part1.zip,retained inside .local-reference-library/source-batches/Part1.zip (FULL master only),Legacy/third-party teaching repository; canonical CryptoCave articles and reviewed CryptoSage material supersede it.
Part1/CryptoWithSageMath-master/CryptoWithSageMath-master/paillier_test.sage,550,a386a71a1a2661857810f1b11b3718b6e17444952af041f05960effab9cf118b,.sage,archived_legacy_reference,.local-reference-library/source-batches/Part1.zip,retained inside .local-reference-library/source-batches/Part1.zip (FULL master only),Legacy/third-party teaching repository; canonical CryptoCave articles and reviewed CryptoSage material supersede it.
Part1/CryptoWithSageMath-master/CryptoWithSageMath-master/plot.sage,273,804b2f9ec8421018205512cc1fbb8cf04cc64c5d0f8b41831a87f5529e9a3168,.sage,archived_legacy_reference,.local-reference-library/source-batches/Part1.zip,retained inside .local-reference-library/source-batches/Part1.zip (FULL master only),Legacy/third-party teaching repository; canonical CryptoCave articles and reviewed CryptoSage material supersede it.
Part1/CryptoWithSageMath-master/CryptoWithSageMath-master/prime192v1.sage,650,de35711aba006da1c61c72f1cc12e810895dc82378d808ec26fd32036a2fa686,.sage,archived_legacy_reference,.local-reference-library/source-batches/Part1.zip,retained inside .local-reference-library/source-batches/Part1.zip (FULL master only),Legacy/third-party teaching repository; canonical CryptoCave articles and reviewed CryptoSage material supersede it.
Part1/CryptoWithSageMath-master/CryptoWithSageMath-master/rand.sage,143,61d5f1c2db36994d6273ab92a4fcb199de0f236123a5905f95647b3eb2f67abe,.sage,archived_legacy_reference,.local-reference-library/source-batches/Part1.zip,retained inside .local-reference-library/source-batches/Part1.zip (FULL master only),Legacy/third-party teaching repository; canonical CryptoCave articles and reviewed CryptoSage material supersede it.
Part1/CryptoWithSageMath-master/CryptoWithSageMath-master/README.md,1017,1787b697e725688168f7e88366712775e24bafb9b8564e976950b28db297f8de,.md,archived_legacy_reference,.local-reference-library/source-batches/Part1.zip,retained inside .local-reference-library/source-batches/Part1.zip (FULL master only),Legacy/third-party teaching repository; canonical CryptoCave articles and reviewed CryptoSage material supersede it.
Part1/CryptoWithSageMath-master/CryptoWithSageMath-master/reed-solomon.sage,407,e0f5ca76372eb134fcd5c32d572c8d6081ff4018960c9313ca00f7cb27927ac4,.sage,archived_legacy_reference,.local-reference-library/source-batches/Part1.zip,retained inside .local-reference-library/source-batches/Part1.zip (FULL master only),Legacy/third-party teaching repository; canonical CryptoCave articles and reviewed CryptoSage material supersede it.
Part1/CryptoWithSageMath-master/CryptoWithSageMath-master/rsa.sage,419,18b2dd977b198f58b4a09b84d21de70d1040a64e62c09bc7c6b4823b09156966,.sage,archived_legacy_reference,.local-reference-library/source-batches/Part1.zip,retained inside .local-reference-library/source-batches/Part1.zip (FULL master only),Legacy/third-party teaching repository; canonical CryptoCave articles and reviewed CryptoSage material supersede it.
Part1/CryptoWithSageMath-master/CryptoWithSageMath-master/symbolic.sage,103,9c0260630e0db107d6a993821cff8fe24c594f046d68b9a247c2e5f946b8b4f1,.sage,archived_legacy_reference,.local-reference-library/source-batches/Part1.zip,retained inside .local-reference-library/source-batches/Part1.zip (FULL master only),Legacy/third-party teaching repository; canonical CryptoCave articles and reviewed CryptoSage material supersede it.
Part1/CryptoWithSageMath-master/CryptoWithSageMath-master/tate-pairing-example.sage,1160,27b764aff3fa8b2cf3f40b4babe6ce330e54690c2ca7b97b663761e6951f0b94,.sage,archived_legacy_reference,.local-reference-library/source-batches/Part1.zip,retained inside .local-reference-library/source-batches/Part1.zip (FULL master only),Legacy/third-party teaching repository; canonical CryptoCave articles and reviewed CryptoSage material supersede it.
Part1/CryptoWithSageMath-master/CryptoWithSageMath-master/two-party-ecdsa.sage,1935,a59ba70e36976faa5aa8f0497a0c0365c5a80d8b419ecc3020eb11b720a94fca,.sage,archived_legacy_reference,.local-reference-library/source-batches/Part1.zip,retained inside .local-reference-library/source-batches/Part1.zip (FULL master only),Legacy/third-party teaching repository; canonical CryptoCave articles and reviewed CryptoSage material supersede it.
Part1/CryptoWithSageMath-master/CryptoWithSageMath-master/type1curve.sage,574,e9a0e4602bf5342d7dec415817ece0425bfb7b74bb3893600a9c82a5bd8fa67a,.sage,archived_legacy_reference,.local-reference-library/source-batches/Part1.zip,retained inside .local-reference-library/source-batches/Part1.zip (FULL master only),Legacy/third-party teaching repository; canonical CryptoCave articles and reviewed CryptoSage material supersede it.
Part1/CryptoWithSageMath-master/CryptoWithSageMath-master/weil-pairing-example.sage,1202,b61ac194e2fc74c1fd68c0e06b6ca8e978436e2bbee95408603ab136e63811a5,.sage,archived_legacy_reference,.local-reference-library/source-batches/Part1.zip,retained inside .local-reference-library/source-batches/Part1.zip (FULL master only),Legacy/third-party teaching repository; canonical CryptoCave articles and reviewed CryptoSage material supersede it.
Part1/CryptoWithSageMath-master/Sage-Tests-master/Sage-Tests-master/.gitignore,1157,9cde0277827d89b86382822f9ac4b8519f3db2cf535aab10e5fc931b3a4879f9,(none),archived_legacy_reference,.local-reference-library/source-batches/Part1.zip,retained inside .local-reference-library/source-batches/Part1.zip (FULL master only),Legacy/third-party teaching repository; canonical CryptoCave articles and reviewed CryptoSage material supersede it.
Part1/CryptoWithSageMath-master/Sage-Tests-master/Sage-Tests-master/alt_bn128/curve.sage,855,0cae8cffdaaf89a61eb6055bb6372feefafedaa64aa83ffd8266321247580129,.sage,archived_legacy_reference,.local-reference-library/source-batches/Part1.zip,retained inside .local-reference-library/source-batches/Part1.zip (FULL master only),Legacy/third-party teaching repository; canonical CryptoCave articles and reviewed CryptoSage material supersede it.
Part1/CryptoWithSageMath-master/Sage-Tests-master/Sage-Tests-master/alt_bn128/hash.sage,738,b52929c149bab9803f501e929820dee5744525ad923620cef97b544e485f711d,.sage,archived_legacy_reference,.local-reference-library/source-batches/Part1.zip,retained inside .local-reference-library/source-batches/Part1.zip (FULL master only),Legacy/third-party teaching repository; canonical CryptoCave articles and reviewed CryptoSage material supersede it.
Part1/CryptoWithSageMath-master/Sage-Tests-master/Sage-Tests-master/alt_bn128/make_test_points.sage,126,499e2ec068a134bd7c447fc471f0e4691000eff46bc37a1626df7ea1a95435ed,.sage,archived_legacy_reference,.local-reference-library/source-batches/Part1.zip,retained inside .local-reference-library/source-batches/Part1.zip (FULL master only),Legacy/third-party teaching repository; canonical CryptoCave articles and reviewed CryptoSage material supersede it.
Part1/CryptoWithSageMath-master/Sage-Tests-master/Sage-Tests-master/bls12/curve.sage,1640,4d97118563c9f66812b68e62e9da995f0a46c9998eb09987a63216275588f431,.sage,archived_legacy_reference,.local-reference-library/source-batches/Part1.zip,retained inside .local-reference-library/source-batches/Part1.zip (FULL master only),Legacy/third-party teaching repository; canonical CryptoCave articles and reviewed CryptoSage material supersede it.
Part1/CryptoWithSageMath-master/Sage-Tests-master/Sage-Tests-master/bls12/hash.sage,73,ed0e46e04ef6ab976108391f40031913cad5ed9da7b4e307099c49f5fb289830,.sage,archived_legacy_reference,.local-reference-library/source-batches/Part1.zip,retained inside .local-reference-library/source-batches/Part1.zip (FULL master only),Legacy/third-party teaching repository; canonical CryptoCave articles and reviewed CryptoSage material supersede it.
Part1/CryptoWithSageMath-master/Sage-Tests-master/Sage-Tests-master/bls12/make_test_points.sage,126,499e2ec068a134bd7c447fc471f0e4691000eff46bc37a1626df7ea1a95435ed,.sage,archived_legacy_reference,.local-reference-library/source-batches/Part1.zip,retained inside .local-reference-library/source-batches/Part1.zip (FULL master only),Legacy/third-party teaching repository; canonical CryptoCave articles and reviewed CryptoSage material supersede it.
Part1/CryptoWithSageMath-master/Sage-Tests-master/Sage-Tests-master/LICENSE,1069,b82a5dfb18e56628128b18305b6f5cf28646b15cec466aab05d5703b35434885,(none),archived_legacy_reference,.local-reference-library/source-batches/Part1.zip,retained inside .local-reference-library/source-batches/Part1.zip (FULL master only),Legacy/third-party teaching repository; canonical CryptoCave articles and reviewed CryptoSage material supersede it.
