source_path,size_bytes,sha256,disposition,canonical_destination,reason
Secret Sharing/py_ntt_intt/py_ntt_intt/helper.py,2492,d69a944b374ec75247acf1f0220d6c8bd4e21797303f488d0f2a6f494696444f,superseded-by-canonical,src/content/blog/ntt-engineering-secret-sharing.md,Earlier NTT experiment superseded by cleaned canonical NTT article/companion.
Secret Sharing/py_ntt_intt/py_ntt_intt/ntt.py,1986,985b968a57c5b81a3e2e7892811aa37fbcf7c2f1556e283c3bea94e6767f70ec,superseded-by-canonical,src/content/blog/ntt-engineering-secret-sharing.md,Earlier NTT experiment superseded by cleaned canonical NTT article/companion.
Secret Sharing/py_ntt_intt/py_ntt_intt/ntt_demo.py,1186,a8f77cffb4df5ce1a8005d52b594a5b2c7e797ff7113c25fa6ae539cd3472c5d,superseded-by-canonical,src/content/blog/ntt-engineering-secret-sharing.md,Earlier NTT experiment superseded by cleaned canonical NTT article/companion.
Secret Sharing/py_ntt_intt/py_ntt_intt/__pycache__/helper.cpython-39.pyc,2397,c7f7a2a93b1aaa62e8a6f8ab9e44ef4f13ff1b0b660f01ce1b78e2b39d2ad6df,discarded-generated-cache,,Python bytecode/cache artifact.
Secret Sharing/py_ntt_intt/py_ntt_intt/__pycache__/ntt.cpython-39.pyc,1777,24b4af6d063896150ae020f5e6ef467b947379e7f7bc03703966df9a6ce77c80,discarded-generated-cache,,Python bytecode/cache artifact.
Secret Sharing/SSS scheme/fft.py,5397,2b601e7f368d0fe332ecf946c641d51b72e21c7abf17c993d47a747917c5d30f,superseded-by-canonical,src/content/blog/ntt-engineering-secret-sharing.md,Earlier transform experiment superseded by cleaned NTT material.
Secret Sharing/SSS scheme/KMIP-SplitKey-master.zip,23656,62c455327ce4225e97b1073700061491a5de945db981143c371e0303351af7ad,reference-archive-omitted,,Nested source/archive ZIP excluded from compact canonical master.
Secret Sharing/SSS scheme/main.py,279,e89833bbf2c42565ba3e658926f8a9dc0fdfca6f2044ab6c2ad11f41c3ca6bde,superseded-by-canonical,src/content/blog/ntt-engineering-secret-sharing.md,Earlier transform experiment superseded by cleaned NTT material.
Secret Sharing/SSS scheme/MSc-Thesis-src-main/.gitignore,11,0cd064765b740a9d791f15266ee55d644b4b0cf40294754c21d5901ed9c781c3,superseded-by-canonical,src/content/blog/finite-field-interpolation-methods.md; src/content/blog/ntt-engineering-secret-sharing.md,Interpolation/FFT thesis material already consolidated into canonical articles and selected assets.
Secret Sharing/SSS scheme/MSc-Thesis-src-main/divide_and_conquer.drawio,28139,ebe83ce59d51cc00efb61f9ecd27073bd43fc5c8cbc54df399b57a812e4475d7,superseded-by-canonical,src/content/blog/finite-field-interpolation-methods.md; src/content/blog/ntt-engineering-secret-sharing.md,Interpolation/FFT thesis material already consolidated into canonical articles and selected assets.
Secret Sharing/SSS scheme/MSc-Thesis-src-main/images/case1_plot_nbf.pdf,14868,7e5db0099421d458e981f783d61370d47bd1627d21d899b72b03cb41180d86a2,reference-only-omitted,,Paper/thesis PDF excluded by compact-master policy.
Secret Sharing/SSS scheme/MSc-Thesis-src-main/images/case1_plot_sl.pdf,13943,47ef6472008f873d7a7d5a258837fefae9966f6f96923df0157f253bbc5f023c,reference-only-omitted,,Paper/thesis PDF excluded by compact-master policy.
Secret Sharing/SSS scheme/MSc-Thesis-src-main/images/case3_plot_all.pdf,15469,2cbc69a79c580356d2294bb9285bf90a416e97b8a1c5ec44e4670a2d5144b851,reference-only-omitted,,Paper/thesis PDF excluded by compact-master policy.
Secret Sharing/SSS scheme/MSc-Thesis-src-main/img/case1_nbf.png,31195,762a76183f77e8e14b902dff07e4164bf4afb041eb018253c775dc5c9822809c,superseded-by-canonical,src/content/blog/finite-field-interpolation-methods.md; src/content/blog/ntt-engineering-secret-sharing.md,Interpolation/FFT thesis material already consolidated into canonical articles and selected assets.
Secret Sharing/SSS scheme/MSc-Thesis-src-main/img/case1_sl.png,24596,d41c4c731201dc69e0ea4f1c543c68d02714c4bcbaeaa608e0549b0192f0e540,superseded-by-canonical,src/content/blog/finite-field-interpolation-methods.md; src/content/blog/ntt-engineering-secret-sharing.md,Interpolation/FFT thesis material already consolidated into canonical articles and selected assets.
Secret Sharing/SSS scheme/MSc-Thesis-src-main/img/case2_not_precomputed.png,576871,b9dfdc3121a01f608348a283b6f3311579cdbedfd213e9fbc63fd9e0aee41cf3,superseded-by-canonical,src/content/blog/finite-field-interpolation-methods.md; src/content/blog/ntt-engineering-secret-sharing.md,Interpolation/FFT thesis material already consolidated into canonical articles and selected assets.
Secret Sharing/SSS scheme/MSc-Thesis-src-main/img/case2_precomputed.png,578340,462aad7e8e16aea0bc19a75c941beaa2514e6062642504ff76aeb3b8f8a6de2a,superseded-by-canonical,src/content/blog/finite-field-interpolation-methods.md; src/content/blog/ntt-engineering-secret-sharing.md,Interpolation/FFT thesis material already consolidated into canonical articles and selected assets.
Secret Sharing/SSS scheme/MSc-Thesis-src-main/img/case3_all.png,40549,c992fd81505c203297def6d67dc3046064ff99b2882dff303aea80fd2e578692,superseded-by-canonical,src/content/blog/finite-field-interpolation-methods.md; src/content/blog/ntt-engineering-secret-sharing.md,Interpolation/FFT thesis material already consolidated into canonical articles and selected assets.
Secret Sharing/SSS scheme/MSc-Thesis-src-main/img/divide_and_conquer.png,74672,74a51e266945441af74182c3eedd75b60fe24dc2c6ce0e9a54dc26e1093f7d03,integrated-reworked,public/images/secret-sharing/ntt-divide-and-conquer.png,Useful original transform diagram retained as canonical site asset.
Secret Sharing/SSS scheme/MSc-Thesis-src-main/img/eighth_rou.png,21934,dd7c0b20bbefbffb0bd12097593749d43a40fca23d0dc8808e99392ccb0ce79d,superseded-by-canonical,src/content/blog/finite-field-interpolation-methods.md; src/content/blog/ntt-engineering-secret-sharing.md,Interpolation/FFT thesis material already consolidated into canonical articles and selected assets.
Secret Sharing/SSS scheme/MSc-Thesis-src-main/img/fourth_rou.png,18763,a3139d0669f863ef15c774b88b926ef41469b87d83817c95feb774cba53117fb,superseded-by-canonical,src/content/blog/finite-field-interpolation-methods.md; src/content/blog/ntt-engineering-secret-sharing.md,Interpolation/FFT thesis material already consolidated into canonical articles and selected assets.
Secret Sharing/SSS scheme/MSc-Thesis-src-main/img/second_rou.png,15130,65dc42169e8d7c849e8a7f971d5bbe778abb80c1734b2bee0d1f91f1732b7b32,superseded-by-canonical,src/content/blog/finite-field-interpolation-methods.md; src/content/blog/ntt-engineering-secret-sharing.md,Interpolation/FFT thesis material already consolidated into canonical articles and selected assets.
Secret Sharing/SSS scheme/MSc-Thesis-src-main/img/shamir.drawio.png,125380,e6c5171c61655a058df50179d73ffde2120f901fd8515478357f44f63c800430,superseded-by-canonical,src/content/blog/finite-field-interpolation-methods.md; src/content/blog/ntt-engineering-secret-sharing.md,Interpolation/FFT thesis material already consolidated into canonical articles and selected assets.
Secret Sharing/SSS scheme/MSc-Thesis-src-main/LICENSE,1076,a1bc7f8cd63788bf3d30e1e8ed316af58f467c1ee465d2ab32ace116ec1e1705,superseded-by-canonical,src/content/blog/finite-field-interpolation-methods.md; src/content/blog/ntt-engineering-secret-sharing.md,Interpolation/FFT thesis material already consolidated into canonical articles and selected assets.
Secret Sharing/SSS scheme/MSc-Thesis-src-main/rou.drawio,24289,c690ea655b16cabd2a82ff28ca626a9c8f2b0aae54321d487fee80c1428fdde1,superseded-by-canonical,src/content/blog/finite-field-interpolation-methods.md; src/content/blog/ntt-engineering-secret-sharing.md,Interpolation/FFT thesis material already consolidated into canonical articles and selected assets.
Secret Sharing/SSS scheme/MSc-Thesis-src-main/shamir.drawio,20550,e50fe43c57fd1b8eb892ec1c0a0faede6d62aa0ec9ad607edcaf07062c7c7936,superseded-by-canonical,src/content/blog/finite-field-interpolation-methods.md; src/content/blog/ntt-engineering-secret-sharing.md,Interpolation/FFT thesis material already consolidated into canonical articles and selected assets.
Secret Sharing/SSS scheme/MSc-Thesis-src-main/src/barycentric.py,1227,ba1a16d2173c1862b4a7141984f5233388093f6555a3fbe7cf53dc320eb4f4a5,superseded-by-canonical,src/content/blog/finite-field-interpolation-methods.md; src/content/blog/ntt-engineering-secret-sharing.md,Interpolation/FFT thesis material already consolidated into canonical articles and selected assets.
Secret Sharing/SSS scheme/MSc-Thesis-src-main/src/case1.py,2699,2b6a81ba3e3277cd6ce989c3cecd587297a9a5027fb3e76256086c3a326e8654,superseded-by-canonical,src/content/blog/finite-field-interpolation-methods.md; src/content/blog/ntt-engineering-secret-sharing.md,Interpolation/FFT thesis material already consolidated into canonical articles and selected assets.
Secret Sharing/SSS scheme/MSc-Thesis-src-main/src/case2.py,1402,c388cade21cdceb7c08c0d66f88bb56facad717f8def0ae4b23793f0ce1bc9dc,superseded-by-canonical,src/content/blog/finite-field-interpolation-methods.md; src/content/blog/ntt-engineering-secret-sharing.md,Interpolation/FFT thesis material already consolidated into canonical articles and selected assets.
Secret Sharing/SSS scheme/MSc-Thesis-src-main/src/case3.py,1698,e6dfd08366783df43d539a8c2a56f45e6d581f84d53639128faa5c84ab7e93bf,superseded-by-canonical,src/content/blog/finite-field-interpolation-methods.md; src/content/blog/ntt-engineering-secret-sharing.md,Interpolation/FFT thesis material already consolidated into canonical articles and selected assets.
Secret Sharing/SSS scheme/MSc-Thesis-src-main/src/case4.py,1501,007edbc9bf8586462c05a9cf894c8b8709f1e73304627dbc287f8636d1d2b801,superseded-by-canonical,src/content/blog/finite-field-interpolation-methods.md; src/content/blog/ntt-engineering-secret-sharing.md,Interpolation/FFT thesis material already consolidated into canonical articles and selected assets.
Secret Sharing/SSS scheme/MSc-Thesis-src-main/src/comparison.py,4798,63fc91fa040e588f28b9a073ee762a2aeb66135ae8cdefc4299e3f2f155d8cdd,superseded-by-canonical,src/content/blog/finite-field-interpolation-methods.md; src/content/blog/ntt-engineering-secret-sharing.md,Interpolation/FFT thesis material already consolidated into canonical articles and selected assets.
Secret Sharing/SSS scheme/MSc-Thesis-src-main/src/fourier.py,1775,6c32cda1faccc4fae423a95eae26d1b9f86ac7dcde9a29c2f1c34845c8602a93,superseded-by-canonical,src/content/blog/finite-field-interpolation-methods.md; src/content/blog/ntt-engineering-secret-sharing.md,Interpolation/FFT thesis material already consolidated into canonical articles and selected assets.
Secret Sharing/SSS scheme/MSc-Thesis-src-main/src/interpolation.py,665,10dec321723b4263f81ec68679b650ab6508dbd581a6a24f8c70f99f669afcab,superseded-by-canonical,src/content/blog/finite-field-interpolation-methods.md; src/content/blog/ntt-engineering-secret-sharing.md,Interpolation/FFT thesis material already consolidated into canonical articles and selected assets.
Secret Sharing/SSS scheme/MSc-Thesis-src-main/src/lagrange.py,834,dc06d50076bcd048b2f2b4248e5fe1ce07e774810952a6603ebf72c8de688f11,superseded-by-canonical,src/content/blog/finite-field-interpolation-methods.md; src/content/blog/ntt-engineering-secret-sharing.md,Interpolation/FFT thesis material already consolidated into canonical articles and selected assets.
Secret Sharing/SSS scheme/MSc-Thesis-src-main/src/main.py,302,4feffa176fec4256402666e545a85b56cc707eedff1ca6580eb4c4bbbe0cb6fa,superseded-by-canonical,src/content/blog/finite-field-interpolation-methods.md; src/content/blog/ntt-engineering-secret-sharing.md,Interpolation/FFT thesis material already consolidated into canonical articles and selected assets.
Secret Sharing/SSS scheme/MSc-Thesis-src-main/src/newton.py,1320,8d135a2ec19abfd765fc211b5d621c23df316c93ec34691045298edcaa94119c,superseded-by-canonical,src/content/blog/finite-field-interpolation-methods.md; src/content/blog/ntt-engineering-secret-sharing.md,Interpolation/FFT thesis material already consolidated into canonical articles and selected assets.
Secret Sharing/SSS scheme/MSc-Thesis-src-main/src/utils.py,3301,2ca6eda0ad69171080dd5a855805c5c3f302d1dc61ec9db631859a3bc47d30be,superseded-by-canonical,src/content/blog/finite-field-interpolation-methods.md; src/content/blog/ntt-engineering-secret-sharing.md,Interpolation/FFT thesis material already consolidated into canonical articles and selected assets.
Secret Sharing/SSS scheme/MSc-Thesis-src-main/src/__pycache__/barycentric.cpython-310.pyc,1968,72bc152576146ceb32d9ca4e6c813619b4cc116ee0f700f72b31b4eca39a2e2a,discarded-generated-cache,,Python bytecode/cache artifact.
Secret Sharing/SSS scheme/MSc-Thesis-src-main/src/__pycache__/case1.cpython-310.pyc,2278,cc82fd0fbbe11abe8023d5b6dca396ad69bb064604ee1150e3339764593850bd,discarded-generated-cache,,Python bytecode/cache artifact.
Secret Sharing/SSS scheme/MSc-Thesis-src-main/src/__pycache__/case1.cpython-39.pyc,2269,8457eda993ebd75f88473dc21244010bf00144aab2893bbcf3c22e1f0892eb88,discarded-generated-cache,,Python bytecode/cache artifact.
Secret Sharing/SSS scheme/MSc-Thesis-src-main/src/__pycache__/case2.cpython-310.pyc,1439,487a64a625e002b0eeae33c7c410662ae2203370a3debe927460d744303fceb4,discarded-generated-cache,,Python bytecode/cache artifact.
Secret Sharing/SSS scheme/MSc-Thesis-src-main/src/__pycache__/case3.cpython-310.pyc,1626,881d2bf53f88fc4c3a60183e40e10c3f2ca5ad32bd29ba200dd6d7c91d647e22,discarded-generated-cache,,Python bytecode/cache artifact.
Secret Sharing/SSS scheme/MSc-Thesis-src-main/src/__pycache__/case4.cpython-310.pyc,1447,d91a0eef9763098d846a12d0de113961331f44bfaeddaeed0021d0ebfba1382c,discarded-generated-cache,,Python bytecode/cache artifact.
Secret Sharing/SSS scheme/MSc-Thesis-src-main/src/__pycache__/fourier.cpython-310.pyc,2479,12930307f93fb1bf394497e1f19e2bd184d749db0ef29c63ac140923775a497b,discarded-generated-cache,,Python bytecode/cache artifact.
Secret Sharing/SSS scheme/MSc-Thesis-src-main/src/__pycache__/interpolation.cpython-310.pyc,1726,7d215122b1aae2eac46633d2d73e19ab39835aeba0a63a5765d3ea21863d3b23,discarded-generated-cache,,Python bytecode/cache artifact.
Secret Sharing/SSS scheme/MSc-Thesis-src-main/src/__pycache__/interpolation.cpython-39.pyc,1729,88abb975ea56f9d4d8568276e2bb422d8b2adf8b009bd037478000b2b99cbba3,discarded-generated-cache,,Python bytecode/cache artifact.
Secret Sharing/SSS scheme/MSc-Thesis-src-main/src/__pycache__/lagrange.cpython-310.pyc,1359,709899dd683cf51e1edfddee6c71eba1bd105f1b2a1d66203a4657aa67dc4508,discarded-generated-cache,,Python bytecode/cache artifact.
Secret Sharing/SSS scheme/MSc-Thesis-src-main/src/__pycache__/newton.cpython-310.pyc,1673,ebf44a841526e86108106e910982b41f64ac0cdb3483ed619d1c87f3fbfc9cd3,discarded-generated-cache,,Python bytecode/cache artifact.
Secret Sharing/SSS scheme/MSc-Thesis-src-main/src/__pycache__/utils.cpython-310.pyc,4655,e9c8fcfeb6462a64487160cbf5983ccd39840ceb9ef10cacd7ffbe7a41a92713,discarded-generated-cache,,Python bytecode/cache artifact.
Secret Sharing/SSS scheme/MSc-Thesis-src-main/__pycache__/barycentric.cpython-310.pyc,1964,f7c278b71f4e837b8f016ffb9910152ef04d0da290a830c2a12a40d9154f81e1,discarded-generated-cache,,Python bytecode/cache artifact.
Secret Sharing/SSS scheme/MSc-Thesis-src-main/__pycache__/case1.cpython-310.pyc,2274,109d77cf9825e1f8bc24bb5f8dbff9d3acf22b00dd8f1974826106ffebb46364,discarded-generated-cache,,Python bytecode/cache artifact.
Secret Sharing/SSS scheme/MSc-Thesis-src-main/__pycache__/case1.cpython-39.pyc,2216,7a339c5769d22d455abe9c951f27421157eede8fca2ef5e75ae2522579b9573d,discarded-generated-cache,,Python bytecode/cache artifact.
Secret Sharing/SSS scheme/MSc-Thesis-src-main/__pycache__/case2.cpython-310.pyc,1435,6f4d50a9e5a5c7a08dbf7a2e2ddb55f342c920a270ccb2feb1c92af384c96411,discarded-generated-cache,,Python bytecode/cache artifact.
Secret Sharing/SSS scheme/MSc-Thesis-src-main/__pycache__/case3.cpython-310.pyc,1622,0ebde74946b088438cc44e0305942feadfbbd836532d8c3dd0bdddb7b5086d18,discarded-generated-cache,,Python bytecode/cache artifact.
Secret Sharing/SSS scheme/MSc-Thesis-src-main/__pycache__/case4.cpython-310.pyc,1443,5212b1adc3fe9ad0c8a4df93a7806993f010dcc7135db9b624cf5218a0696b11,discarded-generated-cache,,Python bytecode/cache artifact.
Secret Sharing/SSS scheme/MSc-Thesis-src-main/__pycache__/FFTonly.cpython-310.pyc,16325,50fd2973ea39186e1f174c9f3e1bb52f1a6551acc2a1081b14750970ee83024e,discarded-generated-cache,,Python bytecode/cache artifact.
Secret Sharing/SSS scheme/MSc-Thesis-src-main/__pycache__/fourier.cpython-310.pyc,2475,439f8aebe1d296b9f22aaf7dbc230f66092f29b16ebe814ae2f4a76cbc3cbe29,discarded-generated-cache,,Python bytecode/cache artifact.
Secret Sharing/SSS scheme/MSc-Thesis-src-main/__pycache__/interpolation.cpython-310.pyc,1722,0b42c27bb765670f71aafbcc9162b32c0f12cfc446faab6f11365cf95486d169,discarded-generated-cache,,Python bytecode/cache artifact.
Secret Sharing/SSS scheme/MSc-Thesis-src-main/__pycache__/interpolation.cpython-39.pyc,1676,a4df887f1120f4d1fb319c8ec622481da9c9bb7da2eaabb5c6f62ab749738b12,discarded-generated-cache,,Python bytecode/cache artifact.
Secret Sharing/SSS scheme/MSc-Thesis-src-main/__pycache__/lagrange.cpython-310.pyc,1355,2043387d929321bdb13903df9130f6c7a4642e8a8269709a951082cade9daea1,discarded-generated-cache,,Python bytecode/cache artifact.
Secret Sharing/SSS scheme/MSc-Thesis-src-main/__pycache__/newton.cpython-310.pyc,1669,2a7d2c6a8e66a1cf46ebc37b9e000f89767202fe565ddd1980d787df8d9fda4c,discarded-generated-cache,,Python bytecode/cache artifact.
Secret Sharing/SSS scheme/MSc-Thesis-src-main/__pycache__/utils.cpython-310.pyc,4651,9a86e4d6ef4dfd2964ff25677cc57e0c99420929716708ea4bdd4ad3e89e35f6,discarded-generated-cache,,Python bytecode/cache artifact.
Secret Sharing/SSS scheme/SPDZ.py,21937,12c6612e5eaae9a897f84ca5107472762d3e542786e0bf5b5944ab0f839653dc,integrated-reworked,src/content/blog/mpc-from-secret-sharing.md; src/content/blog/mpc-beaver-triples.md,Early MPC/SPDZ sketch consolidated into corrected MPC series.
Secret Sharing/SSS scheme/SSS scheme/fft.py,16196,2fc00d96f8d7095cbb0341afe6b8d930f9b19f336750f5c58731086dc9fcd4f3,superseded-by-canonical,src/content/blog/finite-field-interpolation-methods.md; src/content/blog/ntt-engineering-secret-sharing.md,Polynomial evaluation/FFT material superseded by canonical interpolation and NTT articles.
Secret Sharing/SSS scheme/SSS scheme/hornerrule.py,3337,0556a092984217f70c35ea5bb67ad5d8aee8526e43ba1358cdc36c1c3f06ec16,superseded-by-canonical,src/content/blog/finite-field-interpolation-methods.md; src/content/blog/ntt-engineering-secret-sharing.md,Polynomial evaluation/FFT material superseded by canonical interpolation and NTT articles.
Secret Sharing/SSS scheme/SSS scheme/mateer-thesis.pdf,1446528,9a1341d5697967896d690a10cba924e30a2de509e488b15ddfc62d9de617ce09,reference-only-omitted,,Paper/thesis PDF excluded by compact-master policy.
Secret Sharing/SSS scheme/SSS scheme/NeuralNetwork.py,924,2e3c665c3ca53d2ad7888c3897ab1eb1f0a031a75d371d9c65b15af151c99c37,integrated-reworked,src/content/blog/mpc-vectorized-private-ml.md,"Tensor/private-ML sketches retained as audited research concepts, not secure implementations."
Secret Sharing/SSS scheme/SSS scheme/NeuralNetwork2.py,1120,8d1e54841c4bb93d3ffca5dee84a9df4ee473b6b05fc394c3090f5c629895a03,integrated-reworked,src/content/blog/mpc-vectorized-private-ml.md,"Tensor/private-ML sketches retained as audited research concepts, not secure implementations."
Secret Sharing/SSS scheme/SSS scheme/partialsign.py,4361,f4b73be481b788f32defed944e1c471cd83ffb6957e3370eaf11cdef098a876c,superseded-by-canonical,src/content/blog/secret-sharing-multisig-dkg-threshold-signatures.md; src/content/blog/distributed-randomness-beacons.md,Threshold/BLS signature ideas already covered more rigorously in canonical threshold series.
Secret Sharing/SSS scheme/SSS scheme/shamir.py,2424,a232eaff87eb22fbd3e5320ea17f3905a501b804350b298d1b1aba5dfe99877e,integrated-reworked,src/content/blog/shamir-share-arithmetic-degree-growth.md; experiments/secret-sharing/shamir-arithmetic,Shamir arithmetic material consolidated; threshold terminology and multiplication/degree-growth claims corrected.
Secret Sharing/SSS scheme/SSS scheme/sharing.py,3406,8624cdc70fde3c531cf349781b5b41d76b52a2606a48d9f17e399799b8b9fbe8,integrated-reworked,src/content/blog/shamir-share-arithmetic-degree-growth.md; experiments/secret-sharing/shamir-arithmetic,Shamir arithmetic material consolidated; threshold terminology and multiplication/degree-growth claims corrected.
Secret Sharing/SSS scheme/SSS scheme/SPDZ/BasicSPDZ(mortendahl).py,4713,da0d4f5f52ed403eba48f24c4b13fcd04fbc989185b3de1f5dc2332dcd96a764,integrated-reworked,src/content/blog/mpc-from-secret-sharing.md; src/content/blog/mpc-beaver-triples.md; src/content/blog/mpc-authenticated-secret-sharing.md; src/content/blog/mpc-spdz-protocol-anatomy.md; src/content/blog/mpc-spdz-security-engineering.md; src/content/blog/mpc-vectorized-private-ml.md,SPDZ/MPC notes and prototypes cleaned into a dedicated canonical MPC series; overclaims corrected.
Secret Sharing/SSS scheme/SSS scheme/SPDZ/fullSPDZprotocol.py,1545,fd749332bd9b11d003a6d4f763f79d521c9bdd99e44b8d84a396ff2b22f7f99a,integrated-reworked,src/content/blog/mpc-from-secret-sharing.md; src/content/blog/mpc-beaver-triples.md; src/content/blog/mpc-authenticated-secret-sharing.md; src/content/blog/mpc-spdz-protocol-anatomy.md; src/content/blog/mpc-spdz-security-engineering.md; src/content/blog/mpc-vectorized-private-ml.md,SPDZ/MPC notes and prototypes cleaned into a dedicated canonical MPC series; overclaims corrected.
Secret Sharing/SSS scheme/SSS scheme/SPDZ/SigmoidTraining.py,12842,2c701ed16f6a38a44436de7bdff23f8f59aa2cde0f82f7c43b6bf5e714e57a84,integrated-reworked,src/content/blog/mpc-from-secret-sharing.md; src/content/blog/mpc-beaver-triples.md; src/content/blog/mpc-authenticated-secret-sharing.md; src/content/blog/mpc-spdz-protocol-anatomy.md; src/content/blog/mpc-spdz-security-engineering.md; src/content/blog/mpc-vectorized-private-ml.md,SPDZ/MPC notes and prototypes cleaned into a dedicated canonical MPC series; overclaims corrected.
Secret Sharing/SSS scheme/SSS scheme/SPDZ/SPDZ.md,20914,a9301573e82ab215f72e75557c59ef4de57418819330de6e1aeb1119bb957285,integrated-reworked,src/content/blog/mpc-from-secret-sharing.md; src/content/blog/mpc-beaver-triples.md; src/content/blog/mpc-authenticated-secret-sharing.md; src/content/blog/mpc-spdz-protocol-anatomy.md; src/content/blog/mpc-spdz-security-engineering.md; src/content/blog/mpc-vectorized-private-ml.md,SPDZ/MPC notes and prototypes cleaned into a dedicated canonical MPC series; overclaims corrected.
Secret Sharing/SSS scheme/SSS scheme/SPDZ/SPDZ2Bristol.md,17959,e5ded356fd9dbff36772f9ffc0fb88864e874ce91af483859c7fab9394a3a582,integrated-reworked,src/content/blog/mpc-from-secret-sharing.md; src/content/blog/mpc-beaver-triples.md; src/content/blog/mpc-authenticated-secret-sharing.md; src/content/blog/mpc-spdz-protocol-anatomy.md; src/content/blog/mpc-spdz-security-engineering.md; src/content/blog/mpc-vectorized-private-ml.md,SPDZ/MPC notes and prototypes cleaned into a dedicated canonical MPC series; overclaims corrected.
Secret Sharing/SSS scheme/SSS scheme/SPDZ/SPDZprotocol.md,7410,848b2b34d2507588e76398283060e6b7577ce76c66cd23acaff3eb2139edd457,integrated-reworked,src/content/blog/mpc-from-secret-sharing.md; src/content/blog/mpc-beaver-triples.md; src/content/blog/mpc-authenticated-secret-sharing.md; src/content/blog/mpc-spdz-protocol-anatomy.md; src/content/blog/mpc-spdz-security-engineering.md; src/content/blog/mpc-vectorized-private-ml.md,SPDZ/MPC notes and prototypes cleaned into a dedicated canonical MPC series; overclaims corrected.
Secret Sharing/SSS scheme/SSS scheme/SPDZ/TrainingCNNSonprivatedata.md,7006,e1728a899b4b245fc15400155a5884adb08aeba643a2e1fe612ab3ea9a084a3f,integrated-reworked,src/content/blog/mpc-from-secret-sharing.md; src/content/blog/mpc-beaver-triples.md; src/content/blog/mpc-authenticated-secret-sharing.md; src/content/blog/mpc-spdz-protocol-anatomy.md; src/content/blog/mpc-spdz-security-engineering.md; src/content/blog/mpc-vectorized-private-ml.md,SPDZ/MPC notes and prototypes cleaned into a dedicated canonical MPC series; overclaims corrected.
Secret Sharing/SSS scheme/SSS scheme/SSS.md,5725,8d269c1207ba0c1fd8893f8e21bfa82fa8e42ee737d049fce338f73b2063522e,integrated-reworked,src/content/blog/shamir-share-arithmetic-degree-growth.md; experiments/secret-sharing/shamir-arithmetic,Shamir arithmetic material consolidated; threshold terminology and multiplication/degree-growth claims corrected.
Secret Sharing/SSS scheme/SSS scheme/sss.py,5334,e970a66179b9abe3cca9da59321e12cdd5a6375ca65c35bbaa0a12e903ebf0e1,integrated-reworked,src/content/blog/shamir-share-arithmetic-degree-growth.md; experiments/secret-sharing/shamir-arithmetic,Shamir arithmetic material consolidated; threshold terminology and multiplication/degree-growth claims corrected.
Secret Sharing/SSS scheme/SSS scheme/SSSwithBLS.py,3823,8333fe8f697daa729ce258712bd08c9982297cc145f2b4824e2974bc8df1a36f,superseded-by-canonical,src/content/blog/secret-sharing-multisig-dkg-threshold-signatures.md; src/content/blog/distributed-randomness-beacons.md,Threshold/BLS signature ideas already covered more rigorously in canonical threshold series.
Secret Sharing/SSS scheme/SSS scheme/tensoring.py,2795,6ef0529f6cf598de65ecab8584a715b22e55e33f4e816ac661dcee41726b2bf4,integrated-reworked,src/content/blog/mpc-vectorized-private-ml.md,"Tensor/private-ML sketches retained as audited research concepts, not secure implementations."
Secret Sharing/SSS scheme/SSS scheme/UpgradesofShamir.md,4346,0b1bfccaa2aa4e346efc2980d56e39379b27f7d228c4369e1dceab63e9f21e3f,integrated-reworked,src/content/blog/beyond-shamir-secret-sharing.md,Ramp/proactive/share-conversion notes consolidated and corrected.
Secret Sharing/SSS scheme/SSS scheme/wholesomeexample.md,31408,40073c76e653a6bb32c295f70dec2f76dbe63d8b9274d50a79ec2c48883a07b8,integrated-reworked,src/content/blog/mpc-from-secret-sharing.md; src/content/blog/mpc-vectorized-private-ml.md,Large tutorial mined for MPC/private-ML structure; terminology/security boundary corrected.
Secret Sharing/SSS scheme/SSS scheme/__pycache__/additive.cpython-39.pyc,2765,052fb6f76a5e20c4f944ecbb6736e7e9ff3f28aea1b00274db19c704c311a3af,discarded-generated-cache,,Python bytecode/cache artifact.
Secret Sharing/SSS scheme/SSS scheme/__pycache__/hornerrule.cpython-39.pyc,2517,9f5f6fe94a3381070f44757cc91172a104165373d86131e76b150a34acba4b7c,discarded-generated-cache,,Python bytecode/cache artifact.
Secret Sharing/SSS scheme/SSS scheme/__pycache__/shamir.cpython-39.pyc,3793,412f0ba11a8b802bdd9dd6e2305cd2867a53098854c07a739d508c9c7f3a541f,discarded-generated-cache,,Python bytecode/cache artifact.
Secret Sharing/SSS scheme/SSS scheme.zip,1365802,e14eb5f2c1f2bc4e6c460e1195ca9e59415a904bd3d879974208a06360660807,reference-archive-omitted,,Nested source/archive ZIP excluded from compact canonical master.
Secret Sharing/SSS scheme/Verifiable-Computation-main/.gitignore,15,098b77ff7e9d25bfc0ab9dff3b863ad5581871b7e31a25e3c4eeea28bff2f8b2,reference-only,,Separate verifiable-computation research repository; not mature secret-sharing/MPC canonical content for this batch.
Secret Sharing/SSS scheme/Verifiable-Computation-main/demo.sage,660,67fd9e311401b26dfd1833fb6eeb8b400ddc13cfe467abe179214555050c2d43,reference-only,,Separate verifiable-computation research repository; not mature secret-sharing/MPC canonical content for this batch.
Secret Sharing/SSS scheme/Verifiable-Computation-main/demo.sage.py,1075,9f87f4020552546cafa4e76fba44585cf0f82d7448434ffb5e7a66b3b7f5c42b,discarded-generated-artifact,,Generated Sage-to-Python translation; canonical source is the .sage file or article.
Secret Sharing/SSS scheme/Verifiable-Computation-main/experiment/paillier.sage,935,fd037a7ff5f71e56e73e2ea964c64150205b47c9a1fa2c9d92fd7bc6b279897f,reference-only,,Separate verifiable-computation research repository; not mature secret-sharing/MPC canonical content for this batch.
Secret Sharing/SSS scheme/Verifiable-Computation-main/experiment/paillier.sage.py,1516,12959e15f56316ed8cfa8f7c8496aa0f0b5774d2d5ab2c4d77d4ed9eb5666a55,discarded-generated-artifact,,Generated Sage-to-Python translation; canonical source is the .sage file or article.
Secret Sharing/SSS scheme/Verifiable-Computation-main/experiment/parallel.sage,923,37908697c41782f8a3493b1ded902c88a02e28eeb6ef0fce8e9cf1115348e0b3,reference-only,,Separate verifiable-computation research repository; not mature secret-sharing/MPC canonical content for this batch.
Secret Sharing/SSS scheme/Verifiable-Computation-main/experiment/parallel.sage.py,2201,d3098b236ff27d3db282e84ddb2c326fd51f84dd58ccfd0441a24ac5bd4817e5,discarded-generated-artifact,,Generated Sage-to-Python translation; canonical source is the .sage file or article.
Secret Sharing/SSS scheme/Verifiable-Computation-main/LICENSE,1071,a596c7666d1c7493a7775d1fb1830d5a4c340af59c0075d3ffd4902d95bc8803,reference-only,,Separate verifiable-computation research repository; not mature secret-sharing/MPC canonical content for this batch.
Secret Sharing/SSS scheme/Verifiable-Computation-main/load_all.sage,330,3fa46ce0531a66faea93796ffcab1a704cfbe5c619d2292fc000f7baa3fea720,reference-only,,Separate verifiable-computation research repository; not mature secret-sharing/MPC canonical content for this batch.
Secret Sharing/SSS scheme/Verifiable-Computation-main/load_all.sage.py,449,f088ef9171ccaf4dd57399806aac81cb042376f8a0fc58d658ac76c7ca5c1155,discarded-generated-artifact,,Generated Sage-to-Python translation; canonical source is the .sage file or article.
Secret Sharing/SSS scheme/Verifiable-Computation-main/nn/dropout.matrix.sage,1380,676d9e63e70803cb33b2257d69b15e4b482eac7e8fb8e68ed26bddb74ef9e080,reference-only,,Separate verifiable-computation research repository; not mature secret-sharing/MPC canonical content for this batch.
Secret Sharing/SSS scheme/Verifiable-Computation-main/nn/dropout.sage,681,28c59329433c8ca030ee6a6f928bc096dbc9eedb8e9e67882a5143e7dd32947a,reference-only,,Separate verifiable-computation research repository; not mature secret-sharing/MPC canonical content for this batch.
Secret Sharing/SSS scheme/Verifiable-Computation-main/nn/layer.sage,166,cda9bfa3714b2756b718a8c08e9d1e29bdab42fa0deb57218bd856b5e9041af2,reference-only,,Separate verifiable-computation research repository; not mature secret-sharing/MPC canonical content for this batch.
Secret Sharing/SSS scheme/Verifiable-Computation-main/nn/linear.sage,2313,c903e79a6f8a45415e44d547ebb16faee2f9cfda280f56623baa264255ddae29,reference-only,,Separate verifiable-computation research repository; not mature secret-sharing/MPC canonical content for this batch.
Secret Sharing/SSS scheme/Verifiable-Computation-main/nn/relu.sage,2416,e5989e845042ea56f613a6eaa74aa904963c86eef784cdf818ac47b54a94d8a9,reference-only,,Separate verifiable-computation research repository; not mature secret-sharing/MPC canonical content for this batch.
Secret Sharing/SSS scheme/Verifiable-Computation-main/nn/sequential.sage,785,53ec2bf8aec7ec055bc2fbab5b79932755447b633a9fdb128bba81246a198f18,reference-only,,Separate verifiable-computation research repository; not mature secret-sharing/MPC canonical content for this batch.
Secret Sharing/SSS scheme/Verifiable-Computation-main/operations/dotproduct.benchmark.sage,1379,04ccf9b6953f5201002bd9f97f1db07828899810aff1c9bd6b80c8cf07fc5c6f,reference-only,,Separate verifiable-computation research repository; not mature secret-sharing/MPC canonical content for this batch.
Secret Sharing/SSS scheme/Verifiable-Computation-main/operations/dotproduct.comparison.sage,1493,bcff8915f65478d35500b6bcaf0d71f827db0349f357c220ace8401c94a88b43,reference-only,,Separate verifiable-computation research repository; not mature secret-sharing/MPC canonical content for this batch.
Secret Sharing/SSS scheme/Verifiable-Computation-main/operations/dotproduct.paillier.sage,4123,adce7670e006e19c588576a6405e0baa67600987fb644cc23f5fe3ef18adaabf,reference-only,,Separate verifiable-computation research repository; not mature secret-sharing/MPC canonical content for this batch.
Secret Sharing/SSS scheme/Verifiable-Computation-main/operations/dotproduct.parallel.sage,4113,69fa91e6cd0afb31933395ac389db65d1d812865aaf47e80390f0b8acc669624,reference-only,,Separate verifiable-computation research repository; not mature secret-sharing/MPC canonical content for this batch.
Secret Sharing/SSS scheme/Verifiable-Computation-main/operations/dotproduct.sage,5615,5f9616d4bb826c012dd9b52167354995a532501c7024d027f97f7224583a2736,reference-only,,Separate verifiable-computation research repository; not mature secret-sharing/MPC canonical content for this batch.
Secret Sharing/SSS scheme/Verifiable-Computation-main/operations/dotproduct.test.sage,1274,ac6f59dac5f0d7754a9feb7c38a06d94f0f74b7e66f1ec24581431e7ad5ee5e0,reference-only,,Separate verifiable-computation research repository; not mature secret-sharing/MPC canonical content for this batch.
Secret Sharing/SSS scheme/Verifiable-Computation-main/operations/matrix.benchmark.sage,1528,0b04a4433731aa6fa3559a6b7de51e1ec02224e6d56d1c9a89bf4a0fd622e2b1,reference-only,,Separate verifiable-computation research repository; not mature secret-sharing/MPC canonical content for this batch.
Secret Sharing/SSS scheme/Verifiable-Computation-main/operations/matrix.sage,3025,f2ae66af59b9d98fb5b82c8c240a6b105b43a966722b720dcf0d7c226fe58cad,reference-only,,Separate verifiable-computation research repository; not mature secret-sharing/MPC canonical content for this batch.
Secret Sharing/SSS scheme/Verifiable-Computation-main/operations/matrix.test.sage,532,2d20b3a6c476a68318f553a006764ca6f2a3add9d967561abd41da7c8c938b67,reference-only,,Separate verifiable-computation research repository; not mature secret-sharing/MPC canonical content for this batch.
Secret Sharing/SSS scheme/Verifiable-Computation-main/operations/polynomial.sage,3575,0ed8a52332369140f2c39cc715bb74bf0050dbb9f7a45af55720de93c602804f,reference-only,,Separate verifiable-computation research repository; not mature secret-sharing/MPC canonical content for this batch.
Secret Sharing/SSS scheme/Verifiable-Computation-main/operations/polynomial.test.sage,764,ae540732e2afb6bbd68d018d5a3ab01bb478dcf4d5677bc33cda5e683aea80ef,reference-only,,Separate verifiable-computation research repository; not mature secret-sharing/MPC canonical content for this batch.
Secret Sharing/SSS scheme/Verifiable-Computation-main/primitives/basic_pairings.sage,5050,044cee2c88bbb9cbff7489f5bde8223010d0c5f62ca28e1f381fd65eba9f6ca4,reference-only,,Separate verifiable-computation research repository; not mature secret-sharing/MPC canonical content for this batch.
Secret Sharing/SSS scheme/Verifiable-Computation-main/primitives/basic_pairings.sage.py,7618,5b33eac613201b4cb4c8c84f680dde9c337480108bb2c59b61001f8f5eb3a7fb,discarded-generated-artifact,,Generated Sage-to-Python translation; canonical source is the .sage file or article.
Secret Sharing/SSS scheme/Verifiable-Computation-main/primitives/pairings.old.sage,7246,10511284deb3c76fdee740a7ef1afbf950a636da17b38978954a4d352387dc68,reference-only,,Separate verifiable-computation research repository; not mature secret-sharing/MPC canonical content for this batch.
Secret Sharing/SSS scheme/Verifiable-Computation-main/primitives/scc.sage,2791,fa4937956bf66bce0316820b846958712185a86966ae1c51399c701471c92d3c,reference-only,,Separate verifiable-computation research repository; not mature secret-sharing/MPC canonical content for this batch.
Secret Sharing/SSS scheme/Verifiable-Computation-main/README.md,902,742abdd0f35da9402e53816cb732e36eb65c72f7886bee2b3e102cedfcb5fcf1,reference-only,,Separate verifiable-computation research repository; not mature secret-sharing/MPC canonical content for this batch.
Secret Sharing/SSS scheme/Verifiable-Computation-main/test_operations.sage,139,1036447cbf8c3ded0ad580891284ef93df2a7f056feec8ef9ddbf2aa5ae82e6f,reference-only,,Separate verifiable-computation research repository; not mature secret-sharing/MPC canonical content for this batch.
Secret Sharing/SSS scheme/Verifiable-Computation-main/test_operations.sage.py,265,7e3aec32ba4c86f361277e1db1757321c355c85f67e1a77e87ffd8e609fc813d,discarded-generated-artifact,,Generated Sage-to-Python translation; canonical source is the .sage file or article.
Secret Sharing/SSS scheme/Verifiable-Computation-main/util/discrete_log.sage,567,dd6ed3ce2e99feaff2a6681789ff1866cbb59581d6efe394901b642f8d19b8fb,reference-only,,Separate verifiable-computation research repository; not mature secret-sharing/MPC canonical content for this batch.
Secret Sharing/SSS scheme/Verifiable-Computation-main/util/poly_decomp.sage,1142,26d9b3f7a40da68ffae0a3dddc4268d690bb13c6afbee21eea19e6ba44a6d2f7,reference-only,,Separate verifiable-computation research repository; not mature secret-sharing/MPC canonical content for this batch.
Secret Sharing/Super NTT/polyntt/$(VENV)/Lib/site-packages/distutils-precedence.pth,152,7ea7ffef3fe2a117ee12c68ed6553617f0d7fd2f0590257c25c484959a3b7373,discarded-generated-environment,,"Bundled Python virtual environment; reproducible dependency artifact, not source."
Secret Sharing/Super NTT/polyntt/$(VENV)/Lib/site-packages/pip/py.typed,286,10156fbcf4539ff788a73e5ee50ced48276b317ed0c1ded53fddd14a82256762,discarded-generated-environment,,"Bundled Python virtual environment; reproducible dependency artifact, not source."
Secret Sharing/Super NTT/polyntt/$(VENV)/Lib/site-packages/pip/_internal/build_env.py,10121,baab6dd45d35f3972dce67b9517e3723a6c51d578e458eeaf9dca1a649393431,discarded-generated-environment,,"Bundled Python virtual environment; reproducible dependency artifact, not source."
Secret Sharing/Super NTT/polyntt/$(VENV)/Lib/site-packages/pip/_internal/cache.py,9958,e9538db6845e1996c177bb2a6359fa87091d582e22cf7b665f05f0663a6364ac,discarded-generated-environment,,"Bundled Python virtual environment; reproducible dependency artifact, not source."
Secret Sharing/Super NTT/polyntt/$(VENV)/Lib/site-packages/pip/_internal/cli/autocompletion.py,6399,34ae72a9ee3d4a013164e085544513e417f4415d82b884c62b6ed64a8d8c5a0f,discarded-generated-environment,,"Bundled Python virtual environment; reproducible dependency artifact, not source."
Secret Sharing/Super NTT/polyntt/$(VENV)/Lib/site-packages/pip/_internal/cli/base_command.py,7596,0eae685c15d8776e06687b35bcfb7a09f6200a5db657fe2d2c426a7d0c81add1,discarded-generated-environment,,"Bundled Python virtual environment; reproducible dependency artifact, not source."
Secret Sharing/Super NTT/polyntt/$(VENV)/Lib/site-packages/pip/_internal/cli/cmdoptions.py,28283,c4eaaf80335fa64317563cb4987de12341f2733543eb032e3fc2b8e2ab2f6dec,discarded-generated-environment,,"Bundled Python virtual environment; reproducible dependency artifact, not source."
Secret Sharing/Super NTT/polyntt/$(VENV)/Lib/site-packages/pip/_internal/cli/command_context.py,760,6b5a4106fbc62c3899d4ac3ae3fe2d4fa1e6453c180e8632f091601b90b39fbb,discarded-generated-environment,,"Bundled Python virtual environment; reproducible dependency artifact, not source."
Secret Sharing/Super NTT/polyntt/$(VENV)/Lib/site-packages/pip/_internal/cli/main.py,2472,8a827c21595bd8ad6a2cec51fad5e479ef6551185857cf420ccef530a6a0ed86,discarded-generated-environment,,"Bundled Python virtual environment; reproducible dependency artifact, not source."
Secret Sharing/Super NTT/polyntt/$(VENV)/Lib/site-packages/pip/_internal/cli/main_parser.py,2614,43d4e7cad7ee0b96762528c1156546b447582c5cbbaee90d21bd389a8bc7740a,discarded-generated-environment,,"Bundled Python virtual environment; reproducible dependency artifact, not source."
Secret Sharing/Super NTT/polyntt/$(VENV)/Lib/site-packages/pip/_internal/cli/parser.py,10788,0835d3b85af6503f28cce95961fd4a0f3890768f7e5ff21a60e894732250c2b0,discarded-generated-environment,,"Bundled Python virtual environment; reproducible dependency artifact, not source."
Secret Sharing/Super NTT/polyntt/$(VENV)/Lib/site-packages/pip/_internal/cli/progress_bars.py,8300,85af30a3072563cfcf6a8334733e06eaa2b7ef38e7ceec50fb274eb73c7810c2,discarded-generated-environment,,"Bundled Python virtual environment; reproducible dependency artifact, not source."
Secret Sharing/Super NTT/polyntt/$(VENV)/Lib/site-packages/pip/_internal/cli/req_command.py,16548,665c4a152f4bb446c4d48441e89c9e51e60c7bb96f2b1548ce976f6a0f811e89,discarded-generated-environment,,"Bundled Python virtual environment; reproducible dependency artifact, not source."
Secret Sharing/Super NTT/polyntt/$(VENV)/Lib/site-packages/pip/_internal/cli/spinners.py,5076,4c5863c6d3a72de349e58991bd09b878a3e03db24d9198aa3bc8ce5eec516985,discarded-generated-environment,,"Bundled Python virtual environment; reproducible dependency artifact, not source."
Secret Sharing/Super NTT/polyntt/$(VENV)/Lib/site-packages/pip/_internal/cli/status_codes.py,116,b0414751a5096eabfc880acbdc702d733b5666618e157d358537ac4b2b43121d,discarded-generated-environment,,"Bundled Python virtual environment; reproducible dependency artifact, not source."
Secret Sharing/Super NTT/polyntt/$(VENV)/Lib/site-packages/pip/_internal/cli/__init__.py,132,1641c1829c716fefe077aaf51639cd85f30ecc0518c97a17289e9a6e28df7055,discarded-generated-environment,,"Bundled Python virtual environment; reproducible dependency artifact, not source."
Secret Sharing/Super NTT/polyntt/$(VENV)/Lib/site-packages/pip/_internal/cli/__pycache__/autocompletion.cpython-39.pyc,5127,0ef464cb906b82b0e8339242111819118ee580747bc6321652b61a17f1de3c86,discarded-generated-environment,,"Bundled Python virtual environment; reproducible dependency artifact, not source."
Secret Sharing/Super NTT/polyntt/$(VENV)/Lib/site-packages/pip/_internal/cli/__pycache__/base_command.cpython-39.pyc,6031,95c6f1413503de18f3c564919a38c401f7cdbee4beec239c40e815eb31974afe,discarded-generated-environment,,"Bundled Python virtual environment; reproducible dependency artifact, not source."
Secret Sharing/Super NTT/polyntt/$(VENV)/Lib/site-packages/pip/_internal/cli/__pycache__/cmdoptions.cpython-39.pyc,22487,dece8b7236e7cf56f484c1d4a876a56e63fbb8dbb7f152227feb89bad0681fe5,discarded-generated-environment,,"Bundled Python virtual environment; reproducible dependency artifact, not source."
Secret Sharing/Super NTT/polyntt/$(VENV)/Lib/site-packages/pip/_internal/cli/__pycache__/command_context.cpython-39.pyc,1285,cad1bab706acb7d959a66e66aff823606c19ccf84314ee02e30f9a54dc71878b,discarded-generated-environment,,"Bundled Python virtual environment; reproducible dependency artifact, not source."
Secret Sharing/Super NTT/polyntt/$(VENV)/Lib/site-packages/pip/_internal/cli/__pycache__/main.cpython-39.pyc,1360,6668084d497776c668b66d14d311b4e427a350d34af859d88d2d4a7d54121786,discarded-generated-environment,,"Bundled Python virtual environment; reproducible dependency artifact, not source."
Secret Sharing/Super NTT/polyntt/$(VENV)/Lib/site-packages/pip/_internal/cli/__pycache__/main_parser.cpython-39.pyc,2157,0c4c041e8d679e48c2d899ae65a74b3b1e03d6130f888f481f1507cedcac10ef,discarded-generated-environment,,"Bundled Python virtual environment; reproducible dependency artifact, not source."
Secret Sharing/Super NTT/polyntt/$(VENV)/Lib/site-packages/pip/_internal/cli/__pycache__/parser.cpython-39.pyc,9941,735ed6632d56212fde6cc9ae57f3d4f4e1d192ca010f0e8725b02ad86a9c6a06,discarded-generated-environment,,"Bundled Python virtual environment; reproducible dependency artifact, not source."
Secret Sharing/Super NTT/polyntt/$(VENV)/Lib/site-packages/pip/_internal/cli/__pycache__/progress_bars.cpython-39.pyc,7617,d70cd655382749f4e3522f79d6dc88f89f09189d9385a8ce358fae8a2d72e493,discarded-generated-environment,,"Bundled Python virtual environment; reproducible dependency artifact, not source."
Secret Sharing/Super NTT/polyntt/$(VENV)/Lib/site-packages/pip/_internal/cli/__pycache__/req_command.cpython-39.pyc,12052,1ec31d98c1fea86d469cdfa7b50b17b2418299cd274a568f00df0067388bf9bd,discarded-generated-environment,,"Bundled Python virtual environment; reproducible dependency artifact, not source."
Secret Sharing/Super NTT/polyntt/$(VENV)/Lib/site-packages/pip/_internal/cli/__pycache__/spinners.cpython-39.pyc,4940,7e80d81aeae2237d191cfa29ccb5333a71ac6a09ce55b882420d37651e8a6ccb,discarded-generated-environment,,"Bundled Python virtual environment; reproducible dependency artifact, not source."
Secret Sharing/Super NTT/polyntt/$(VENV)/Lib/site-packages/pip/_internal/cli/__pycache__/status_codes.cpython-39.pyc,349,05e508b81c2f66e7f330b892ba361a50907366732da36726b5b1c9a3f2f161d0,discarded-generated-environment,,"Bundled Python virtual environment; reproducible dependency artifact, not source."
Secret Sharing/Super NTT/polyntt/$(VENV)/Lib/site-packages/pip/_internal/cli/__pycache__/__init__.cpython-39.pyc,270,1e135ca5b210be12b3cac639380853938d76e09fc1037a56abcca6a4fee4d514,discarded-generated-environment,,"Bundled Python virtual environment; reproducible dependency artifact, not source."
Secret Sharing/Super NTT/polyntt/$(VENV)/Lib/site-packages/pip/_internal/commands/cache.py,7237,3b582b4234e0e88445b3ff03c4c1f4d39f37b66091d2e8ea4ccbff819d21d2e5,discarded-generated-environment,,"Bundled Python virtual environment; reproducible dependency artifact, not source."
Secret Sharing/Super NTT/polyntt/$(VENV)/Lib/site-packages/pip/_internal/commands/check.py,1570,80f0ba193a7b4bd68aef721e6405bb67acb194c9d674cc834eaf5eafd9d7a486,discarded-generated-environment,,"Bundled Python virtual environment; reproducible dependency artifact, not source."
Secret Sharing/Super NTT/polyntt/$(VENV)/Lib/site-packages/pip/_internal/commands/completion.py,2914,e1487f720d38a839ad9a02e38be278549299f01688059cb6fee4d62e2f2d8959,discarded-generated-environment,,"Bundled Python virtual environment; reproducible dependency artifact, not source."
Secret Sharing/Super NTT/polyntt/$(VENV)/Lib/site-packages/pip/_internal/commands/configuration.py,8962,4caf554d7349e616951f40dcff2961aa8e80f50fc670da0db0038c25f7f83186,discarded-generated-environment,,"Bundled Python virtual environment; reproducible dependency artifact, not source."
Secret Sharing/Super NTT/polyntt/$(VENV)/Lib/site-packages/pip/_internal/commands/debug.py,6647,7fde377dbac052e7d0edf940476cc77c8d288bfbaa8491045bb163fc48b00756,discarded-generated-environment,,"Bundled Python virtual environment; reproducible dependency artifact, not source."
Secret Sharing/Super NTT/polyntt/$(VENV)/Lib/site-packages/pip/_internal/commands/download.py,4949,546c90e930cb8aa26a2577c9c2bfc3e99b879d87e19b364f424d66452429ded4,discarded-generated-environment,,"Bundled Python virtual environment; reproducible dependency artifact, not source."
Secret Sharing/Super NTT/polyntt/$(VENV)/Lib/site-packages/pip/_internal/commands/freeze.py,2785,c74fa26be305ad5bdf62a7b9a7ac805aacda2b90088b74aaa9c5c124dbf15e48,discarded-generated-environment,,"Bundled Python virtual environment; reproducible dependency artifact, not source."
Secret Sharing/Super NTT/polyntt/$(VENV)/Lib/site-packages/pip/_internal/commands/hash.py,1664,639150fd681bb84167271c8b65d3583fddbc04658dc8d9bd963214afdd11ead2,discarded-generated-environment,,"Bundled Python virtual environment; reproducible dependency artifact, not source."
Secret Sharing/Super NTT/polyntt/$(VENV)/Lib/site-packages/pip/_internal/commands/help.py,1132,17f20990446ff6019f182e98a413589bfaacf31981a615027ceba0b8d452a8bb,discarded-generated-environment,,"Bundled Python virtual environment; reproducible dependency artifact, not source."
Secret Sharing/Super NTT/polyntt/$(VENV)/Lib/site-packages/pip/_internal/commands/index.py,4781,c40e4b495cb592ff8802fb23217e969e4e591c0d18fe6e803fd4f9668506b3da,discarded-generated-environment,,"Bundled Python virtual environment; reproducible dependency artifact, not source."
Secret Sharing/Super NTT/polyntt/$(VENV)/Lib/site-packages/pip/_internal/commands/install.py,27493,155faa05b439e9350498b0edb964cc78da43e1a42d3a98c1122ede3ea944b523,discarded-generated-environment,,"Bundled Python virtual environment; reproducible dependency artifact, not source."
Secret Sharing/Super NTT/polyntt/$(VENV)/Lib/site-packages/pip/_internal/commands/list.py,11753,7e91bafca62ab4010157cb9296dfe57c5ee8d464ee4b851da1bb198d5a99b294,discarded-generated-environment,,"Bundled Python virtual environment; reproducible dependency artifact, not source."
Secret Sharing/Super NTT/polyntt/$(VENV)/Lib/site-packages/pip/_internal/commands/search.py,5543,3fc198d3bec9994c32ec588e81827508f0ec04f826a3b8adf9bd7896eaae24de,discarded-generated-environment,,"Bundled Python virtual environment; reproducible dependency artifact, not source."
Secret Sharing/Super NTT/polyntt/$(VENV)/Lib/site-packages/pip/_internal/commands/show.py,7974,d93c56689dac6820d2554541a1162e7a28cb8ae7a27760cd3a166e33e8e119fd,discarded-generated-environment,,"Bundled Python virtual environment; reproducible dependency artifact, not source."
Secret Sharing/Super NTT/polyntt/$(VENV)/Lib/site-packages/pip/_internal/commands/uninstall.py,3480,d1541031f3c14c64a55899f545182f62d2614a3eed40561cdc7d643a3aecb511,discarded-generated-environment,,"Bundled Python virtual environment; reproducible dependency artifact, not source."
Secret Sharing/Super NTT/polyntt/$(VENV)/Lib/site-packages/pip/_internal/commands/wheel.py,6189,5221f5e4d5dfac9f69885360de81e6e27d89ca4f4e8efe6ad0cbeb59b1c1dc07,discarded-generated-environment,,"Bundled Python virtual environment; reproducible dependency artifact, not source."
Secret Sharing/Super NTT/polyntt/$(VENV)/Lib/site-packages/pip/_internal/commands/__init__.py,3776,ddfd595627440df826cc01fb6b2a592ca39952f532eeac6fe17d42888644377d,discarded-generated-environment,,"Bundled Python virtual environment; reproducible dependency artifact, not source."
Secret Sharing/Super NTT/polyntt/$(VENV)/Lib/site-packages/pip/_internal/commands/__pycache__/cache.cpython-39.pyc,6036,5cc6bc75286e5d3950b33a16a9f58a8a674ffe95ada95e3771f61e466a18bcda,discarded-generated-environment,,"Bundled Python virtual environment; reproducible dependency artifact, not source."
Secret Sharing/Super NTT/polyntt/$(VENV)/Lib/site-packages/pip/_internal/commands/__pycache__/check.cpython-39.pyc,1565,d9d5d8a3518b20d7ceba00026c0592e60cdc80e62a50b29f974d4f64a15fe44d,discarded-generated-environment,,"Bundled Python virtual environment; reproducible dependency artifact, not source."
Secret Sharing/Super NTT/polyntt/$(VENV)/Lib/site-packages/pip/_internal/commands/__pycache__/completion.cpython-39.pyc,3134,ddef85a429ae5360ead3866e063a0870f4c214ecacace97d3aa42e9921725ed0,discarded-generated-environment,,"Bundled Python virtual environment; reproducible dependency artifact, not source."
Secret Sharing/Super NTT/polyntt/$(VENV)/Lib/site-packages/pip/_internal/commands/__pycache__/configuration.cpython-39.pyc,8341,8efb05a893e2f3227ae8b72267220f90d25e39255168acaeab2da4844597757b,discarded-generated-environment,,"Bundled Python virtual environment; reproducible dependency artifact, not source."
Secret Sharing/Super NTT/polyntt/$(VENV)/Lib/site-packages/pip/_internal/commands/__pycache__/debug.cpython-39.pyc,6662,39814616c862df72ab8cdca2cfbd4e50d47f2f6d07352ca068ccf5201e59f376,discarded-generated-environment,,"Bundled Python virtual environment; reproducible dependency artifact, not source."
Secret Sharing/Super NTT/polyntt/$(VENV)/Lib/site-packages/pip/_internal/commands/__pycache__/download.cpython-39.pyc,3985,86d505ffdcaa7c1875dfe1c5dd69ece15bea8d6cfe56b2e6e50f61c752d1e3e1,discarded-generated-environment,,"Bundled Python virtual environment; reproducible dependency artifact, not source."
Secret Sharing/Super NTT/polyntt/$(VENV)/Lib/site-packages/pip/_internal/commands/__pycache__/freeze.cpython-39.pyc,2629,fa7df20a9b26578a16427d619327268d99b3f155a0c3396bc305a0469b7720be,discarded-generated-environment,,"Bundled Python virtual environment; reproducible dependency artifact, not source."
Secret Sharing/Super NTT/polyntt/$(VENV)/Lib/site-packages/pip/_internal/commands/__pycache__/hash.cpython-39.pyc,2127,5c4e33c5520f373ca68245cad09f75a204751864321f817e9f31839b0c33c749,discarded-generated-environment,,"Bundled Python virtual environment; reproducible dependency artifact, not source."
Secret Sharing/Super NTT/polyntt/$(VENV)/Lib/site-packages/pip/_internal/commands/__pycache__/help.cpython-39.pyc,1301,ec2713afa4957fd16371d17ad473194ed95bf767c92f7dc4d442389c0525cebc,discarded-generated-environment,,"Bundled Python virtual environment; reproducible dependency artifact, not source."
Secret Sharing/Super NTT/polyntt/$(VENV)/Lib/site-packages/pip/_internal/commands/__pycache__/index.cpython-39.pyc,4520,9654408034b62899618677db469613094e01701c3f9e8c2f7a838a572d39fff9,discarded-generated-environment,,"Bundled Python virtual environment; reproducible dependency artifact, not source."
Secret Sharing/Super NTT/polyntt/$(VENV)/Lib/site-packages/pip/_internal/commands/__pycache__/install.cpython-39.pyc,17654,c0a27e06a684290bcd22ba713827c68910959e4b3b76e1a961233e60100ca693,discarded-generated-environment,,"Bundled Python virtual environment; reproducible dependency artifact, not source."
Secret Sharing/Super NTT/polyntt/$(VENV)/Lib/site-packages/pip/_internal/commands/__pycache__/list.cpython-39.pyc,9956,1b0ef0b2c5f10cff19f88f372ea6dacd421f0c3c53e11a950791651aa756c3e5,discarded-generated-environment,,"Bundled Python virtual environment; reproducible dependency artifact, not source."
Secret Sharing/Super NTT/polyntt/$(VENV)/Lib/site-packages/pip/_internal/commands/__pycache__/search.cpython-39.pyc,5313,836970c08f25a81ded33b7bfd3d239abc8199fa5fac1db79b89d348a75e93e6d,discarded-generated-environment,,"Bundled Python virtual environment; reproducible dependency artifact, not source."
Secret Sharing/Super NTT/polyntt/$(VENV)/Lib/site-packages/pip/_internal/commands/__pycache__/show.cpython-39.pyc,8376,e70e8b236743924c0d23f9d1303a19d97bd2924599b70684a1438f66f3a7963c,discarded-generated-environment,,"Bundled Python virtual environment; reproducible dependency artifact, not source."
Secret Sharing/Super NTT/polyntt/$(VENV)/Lib/site-packages/pip/_internal/commands/__pycache__/uninstall.cpython-39.pyc,3095,9be5364f5d751a4e7a581dbf9a97cf1b12e97204218aeca44f9518a0667c2320,discarded-generated-environment,,"Bundled Python virtual environment; reproducible dependency artifact, not source."
Secret Sharing/Super NTT/polyntt/$(VENV)/Lib/site-packages/pip/_internal/commands/__pycache__/wheel.cpython-39.pyc,4858,ff85ecfce28d636d8af4a93a1a2dfd5e1cd47631e5915365cff9e8b96b967698,discarded-generated-environment,,"Bundled Python virtual environment; reproducible dependency artifact, not source."
Secret Sharing/Super NTT/polyntt/$(VENV)/Lib/site-packages/pip/_internal/commands/__pycache__/__init__.cpython-39.pyc,3103,15a7501f5db548c0436aab7ee629abcf82b87b00c75323dd3bc3bb5bad497466,discarded-generated-environment,,"Bundled Python virtual environment; reproducible dependency artifact, not source."
Secret Sharing/Super NTT/polyntt/$(VENV)/Lib/site-packages/pip/_internal/configuration.py,13725,4012df86ffac6cffa8474f0d1714989effe62c1f9282d34eb165c017db4311c3,discarded-generated-environment,,"Bundled Python virtual environment; reproducible dependency artifact, not source."
Secret Sharing/Super NTT/polyntt/$(VENV)/Lib/site-packages/pip/_internal/distributions/base.py,1206,1b29e59d513740bbcdbb826f9f13cee83f08412b3f18094551a6c0e94f86f9e5,discarded-generated-environment,,"Bundled Python virtual environment; reproducible dependency artifact, not source."
Secret Sharing/Super NTT/polyntt/$(VENV)/Lib/site-packages/pip/_internal/distributions/installed.py,645,813db45929e279c3af286300fa70b2abee0370996b223bfc8d3f89116c843a70,discarded-generated-environment,,"Bundled Python virtual environment; reproducible dependency artifact, not source."
Secret Sharing/Super NTT/polyntt/$(VENV)/Lib/site-packages/pip/_internal/distributions/sdist.py,3862,54199ed543650ae1ffc08a141d366af67828d8da455905e626a9f051bdd9a539,discarded-generated-environment,,"Bundled Python virtual environment; reproducible dependency artifact, not source."
Secret Sharing/Super NTT/polyntt/$(VENV)/Lib/site-packages/pip/_internal/distributions/wheel.py,1183,27b0cd42f292e74a577f05ed7ad299b4b36063390473c4806da290e6fe891ed0,discarded-generated-environment,,"Bundled Python virtual environment; reproducible dependency artifact, not source."
Secret Sharing/Super NTT/polyntt/$(VENV)/Lib/site-packages/pip/_internal/distributions/__init__.py,858,1eaea4b7a8170608cd8ade614d358b03378234e2a807e374a46612a9e86b962f,discarded-generated-environment,,"Bundled Python virtual environment; reproducible dependency artifact, not source."
Secret Sharing/Super NTT/polyntt/$(VENV)/Lib/site-packages/pip/_internal/distributions/__pycache__/base.cpython-39.pyc,1920,d498fd1b284063aed5879ca3b426188b279cb5b667472a086a954c09c1d07431,discarded-generated-environment,,"Bundled Python virtual environment; reproducible dependency artifact, not source."
Secret Sharing/Super NTT/polyntt/$(VENV)/Lib/site-packages/pip/_internal/distributions/__pycache__/installed.cpython-39.pyc,1239,eff0bc9aac38c4a3f817d98398ab854927d5173f838f249f26fe7688b98bd068,discarded-generated-environment,,"Bundled Python virtual environment; reproducible dependency artifact, not source."
Secret Sharing/Super NTT/polyntt/$(VENV)/Lib/site-packages/pip/_internal/distributions/__pycache__/sdist.cpython-39.pyc,3573,bffdd703e694081edeb82640a77239a39956b268a5a9f2dddd620b365a6c1008,discarded-generated-environment,,"Bundled Python virtual environment; reproducible dependency artifact, not source."
Secret Sharing/Super NTT/polyntt/$(VENV)/Lib/site-packages/pip/_internal/distributions/__pycache__/wheel.cpython-39.pyc,1574,08dba1f4ef8f5f48c5f37cdd63275d08c3af2f64a1f9d9e107d611ba246de926,discarded-generated-environment,,"Bundled Python virtual environment; reproducible dependency artifact, not source."
Secret Sharing/Super NTT/polyntt/$(VENV)/Lib/site-packages/pip/_internal/distributions/__pycache__/__init__.cpython-39.pyc,793,9b91469717f490c91df195d269011a102db4d56415708856d0df49101faa167e,discarded-generated-environment,,"Bundled Python virtual environment; reproducible dependency artifact, not source."
Secret Sharing/Super NTT/polyntt/$(VENV)/Lib/site-packages/pip/_internal/exceptions.py,13170,d89409492ebca20811fd920e03e8755360d10035116e4427f4d7f8119599f37e,discarded-generated-environment,,"Bundled Python virtual environment; reproducible dependency artifact, not source."
Secret Sharing/Super NTT/polyntt/$(VENV)/Lib/site-packages/pip/_internal/index/collector.py,17645,a07e179581ef18c5de3db8cd84a64fa4b23e34b0535f1a4745166043ce6678d9,discarded-generated-environment,,"Bundled Python virtual environment; reproducible dependency artifact, not source."
Secret Sharing/Super NTT/polyntt/$(VENV)/Lib/site-packages/pip/_internal/index/package_finder.py,36138,673b68fcfd583de4e506325394f814f308e87100c99cb619c54491f09c557f51,discarded-generated-environment,,"Bundled Python virtual environment; reproducible dependency artifact, not source."
Secret Sharing/Super NTT/polyntt/$(VENV)/Lib/site-packages/pip/_internal/index/sources.py,6557,495c8f8adbf4f3e41a961dbf064e5d88027d18003f77e6bdde4a28b90a1d006d,discarded-generated-environment,,"Bundled Python virtual environment; reproducible dependency artifact, not source."
Secret Sharing/Super NTT/polyntt/$(VENV)/Lib/site-packages/pip/_internal/index/__init__.py,30,be9b7e25e4d979f87c6be142db665e0525c555bb817174868882e141925a3694,discarded-generated-environment,,"Bundled Python virtual environment; reproducible dependency artifact, not source."
Secret Sharing/Super NTT/polyntt/$(VENV)/Lib/site-packages/pip/_internal/index/__pycache__/collector.cpython-39.pyc,15948,0b3b62939ed98333de90cfa1cac8208d7fca5ba9c2f82893de19195fa2a3c43e,discarded-generated-environment,,"Bundled Python virtual environment; reproducible dependency artifact, not source."
Secret Sharing/Super NTT/polyntt/$(VENV)/Lib/site-packages/pip/_internal/index/__pycache__/package_finder.cpython-39.pyc,28102,defa67d12757515fcc5ad6c3d49da01faf214f5f3892947e824ebf58c1a84b60,discarded-generated-environment,,"Bundled Python virtual environment; reproducible dependency artifact, not source."
Secret Sharing/Super NTT/polyntt/$(VENV)/Lib/site-packages/pip/_internal/index/__pycache__/sources.cpython-39.pyc,7189,fca37cf5d02422d4c8b503874077b6079c51e2dc46042f9cb1cf009554029943,discarded-generated-environment,,"Bundled Python virtual environment; reproducible dependency artifact, not source."
Secret Sharing/Super NTT/polyntt/$(VENV)/Lib/site-packages/pip/_internal/index/__pycache__/__init__.cpython-39.pyc,224,efec8123288c9af1953bf0039d933971c87c643c09aaf79b441284e17823b318,discarded-generated-environment,,"Bundled Python virtual environment; reproducible dependency artifact, not source."
Secret Sharing/Super NTT/polyntt/$(VENV)/Lib/site-packages/pip/_internal/locations/base.py,1579,c790f538d92d98f25df279d44e1f842ec009edf89703e93ed1afef85f8b6fd4b,discarded-generated-environment,,"Bundled Python virtual environment; reproducible dependency artifact, not source."
Secret Sharing/Super NTT/polyntt/$(VENV)/Lib/site-packages/pip/_internal/locations/_distutils.py,5871,4a4eedc3c64fd4358c609f0c89b001b1af08304d848efd4f29e1a56100814d97,discarded-generated-environment,,"Bundled Python virtual environment; reproducible dependency artifact, not source."
Secret Sharing/Super NTT/polyntt/$(VENV)/Lib/site-packages/pip/_internal/locations/_sysconfig.py,7918,2d034a4c92b28d5ab15da3e7b65070754a931b5c7061fe8654228c6f2449c793,discarded-generated-environment,,"Bundled Python virtual environment; reproducible dependency artifact, not source."
Secret Sharing/Super NTT/polyntt/$(VENV)/Lib/site-packages/pip/_internal/locations/__init__.py,13292,f07bc09cf0918b62e7e728a6a4746af0d56db089a1d4a12faac3e18b81f9eb2d,discarded-generated-environment,,"Bundled Python virtual environment; reproducible dependency artifact, not source."
Secret Sharing/Super NTT/polyntt/$(VENV)/Lib/site-packages/pip/_internal/locations/__pycache__/base.cpython-39.pyc,1532,ba05074a5b45382d60bda25afd4a5d9c2723659a0518e4cf48a9a8e838ba5ad0,discarded-generated-environment,,"Bundled Python virtual environment; reproducible dependency artifact, not source."
Secret Sharing/Super NTT/polyntt/$(VENV)/Lib/site-packages/pip/_internal/locations/__pycache__/_distutils.cpython-39.pyc,4663,56224c5a1e6464b5733cdeedc8472e151b3d0a840da883c10d0cde1f201cbff8,discarded-generated-environment,,"Bundled Python virtual environment; reproducible dependency artifact, not source."
Secret Sharing/Super NTT/polyntt/$(VENV)/Lib/site-packages/pip/_internal/locations/__pycache__/_sysconfig.cpython-39.pyc,6254,063bd26a31e97721a01e8585b49f59c180fe9a8cbce3b27b9ca6d53661c3185b,discarded-generated-environment,,"Bundled Python virtual environment; reproducible dependency artifact, not source."
Secret Sharing/Super NTT/polyntt/$(VENV)/Lib/site-packages/pip/_internal/locations/__pycache__/__init__.cpython-39.pyc,10050,a6aa2c7182562aec6f9a425f40b862526a5939e63758b4999a45b2dca54e7aed,discarded-generated-environment,,"Bundled Python virtual environment; reproducible dependency artifact, not source."
Secret Sharing/Super NTT/polyntt/$(VENV)/Lib/site-packages/pip/_internal/main.py,351,059d2f91daa0a68b5e4e8d40d50f28bc57bc13380a14958e5233e621441f1826,discarded-generated-environment,,"Bundled Python virtual environment; reproducible dependency artifact, not source."
Secret Sharing/Super NTT/polyntt/$(VENV)/Lib/site-packages/pip/_internal/metadata/base.py,7928,a118f9f1f286bad64a642b257d094a7ebcee5c8ff4338c35c553a5b93dfee934,discarded-generated-environment,,"Bundled Python virtual environment; reproducible dependency artifact, not source."
Secret Sharing/Super NTT/polyntt/$(VENV)/Lib/site-packages/pip/_internal/metadata/pkg_resources.py,5200,c4e62de8896e203bd5320617f90a190374856d3a099590ce54f44754f276524e,discarded-generated-environment,,"Bundled Python virtual environment; reproducible dependency artifact, not source."
Secret Sharing/Super NTT/polyntt/$(VENV)/Lib/site-packages/pip/_internal/metadata/__init__.py,1576,d174034d6c1e60e57b91c32ecf0a220a082edf025e6ab04d70af0957d2d703a6,discarded-generated-environment,,"Bundled Python virtual environment; reproducible dependency artifact, not source."
Secret Sharing/Super NTT/polyntt/$(VENV)/Lib/site-packages/pip/_internal/metadata/__pycache__/base.cpython-39.pyc,9458,fa89a67066bb0a3ec8d304e3fec4d91cb51299f0ae406829e87b6f2c5c7de320,discarded-generated-environment,,"Bundled Python virtual environment; reproducible dependency artifact, not source."
Secret Sharing/Super NTT/polyntt/$(VENV)/Lib/site-packages/pip/_internal/metadata/__pycache__/pkg_resources.cpython-39.pyc,6159,4835863be8b187dd342f5e00fb4ed6b99b265b81b541ebb5cd7a4e4f1dc49a36,discarded-generated-environment,,"Bundled Python virtual environment; reproducible dependency artifact, not source."
Secret Sharing/Super NTT/polyntt/$(VENV)/Lib/site-packages/pip/_internal/metadata/__pycache__/__init__.cpython-39.pyc,1845,7cfa371925fb1d8a23983d1fa32a2a9bcd4e6e751f0317b1a3a10ccb1db5888f,discarded-generated-environment,,"Bundled Python virtual environment; reproducible dependency artifact, not source."
Secret Sharing/Super NTT/polyntt/$(VENV)/Lib/site-packages/pip/_internal/models/candidate.py,946,6f66a2b9f843e63644234ce111a327fe8d5546575513627e30fb2a3e9718d83b,discarded-generated-environment,,"Bundled Python virtual environment; reproducible dependency artifact, not source."
Secret Sharing/Super NTT/polyntt/$(VENV)/Lib/site-packages/pip/_internal/models/direct_url.py,6262,c76fa4027acfd7c5c074e7ed6014ad0cdb7765f77cb22a5e7f987487f79f1af6,discarded-generated-environment,,"Bundled Python virtual environment; reproducible dependency artifact, not source."
Secret Sharing/Super NTT/polyntt/$(VENV)/Lib/site-packages/pip/_internal/models/format_control.py,2557,b799e6143e3786e2058f455c855e85baf95a4477da313a2d6c139338f06c29e6,discarded-generated-environment,,"Bundled Python virtual environment; reproducible dependency artifact, not source."
Secret Sharing/Super NTT/polyntt/$(VENV)/Lib/site-packages/pip/_internal/models/index.py,1058,fd4da29845a081ebef708eeb85008564ad1d8ec13e22dd770499af5bd1239a28,discarded-generated-environment,,"Bundled Python virtual environment; reproducible dependency artifact, not source."
Secret Sharing/Super NTT/polyntt/$(VENV)/Lib/site-packages/pip/_internal/models/link.py,9809,721451b86a9e139c355ea89d0abc3a8fe8fc3be79e0a6c3e1d4758091d7c1e64,discarded-generated-environment,,"Bundled Python virtual environment; reproducible dependency artifact, not source."
Secret Sharing/Super NTT/polyntt/$(VENV)/Lib/site-packages/pip/_internal/models/scheme.py,738,8b6406b7927dea030a0bf5a6ef13b9f3b9226e184285442850b8401603d1c641,discarded-generated-environment,,"Bundled Python virtual environment; reproducible dependency artifact, not source."
Secret Sharing/Super NTT/polyntt/$(VENV)/Lib/site-packages/pip/_internal/models/search_scope.py,4474,9b290479ed300cd0b1f71666401b6481568389055c0cda9b8c0646a88d679bbf,discarded-generated-environment,,"Bundled Python virtual environment; reproducible dependency artifact, not source."
Secret Sharing/Super NTT/polyntt/$(VENV)/Lib/site-packages/pip/_internal/models/selection_prefs.py,1877,384a223fcdd6a66edc5308c7edf9db468ed3cc79790f8cb6dd6d099d92d793fe,discarded-generated-environment,,"Bundled Python virtual environment; reproducible dependency artifact, not source."
Secret Sharing/Super NTT/polyntt/$(VENV)/Lib/site-packages/pip/_internal/models/target_python.py,3870,ee24f895b46da0d464c2c98b9ddcac27821cec8c29fd8c88208ddda1778b0fc7,discarded-generated-environment,,"Bundled Python virtual environment; reproducible dependency artifact, not source."
Secret Sharing/Super NTT/polyntt/$(VENV)/Lib/site-packages/pip/_internal/models/wheel.py,3541,11cf1fbcfa1261e057f5cbc1bdf7cb33b80d471db70ab56e77574ddf32660637,discarded-generated-environment,,"Bundled Python virtual environment; reproducible dependency artifact, not source."
Secret Sharing/Super NTT/polyntt/$(VENV)/Lib/site-packages/pip/_internal/models/__init__.py,63,dc31d477fab1a4fa337f3a2ea2a6bd83db6cd42cebe6a6877c5c5b9f1ae27a93,discarded-generated-environment,,"Bundled Python virtual environment; reproducible dependency artifact, not source."
Secret Sharing/Super NTT/polyntt/$(VENV)/Lib/site-packages/pip/_internal/models/__pycache__/candidate.cpython-39.pyc,1438,c4d3b9b7e76ae609fcfebed292f1dfa0da13eb6b7f17238148fdd1f0dbbf6f0a,discarded-generated-environment,,"Bundled Python virtual environment; reproducible dependency artifact, not source."
Secret Sharing/Super NTT/polyntt/$(VENV)/Lib/site-packages/pip/_internal/models/__pycache__/direct_url.cpython-39.pyc,7053,123be73bc4ba1ffcc023dada550fd61cb3ac7366974fcbc673947a7e72db8d65,discarded-generated-environment,,"Bundled Python virtual environment; reproducible dependency artifact, not source."
Secret Sharing/Super NTT/polyntt/$(VENV)/Lib/site-packages/pip/_internal/models/__pycache__/format_control.cpython-39.pyc,2725,2062b983673d13c7ab0355f21c4eedb839d8a23d8752d11992a00208a1e124af,discarded-generated-environment,,"Bundled Python virtual environment; reproducible dependency artifact, not source."
Secret Sharing/Super NTT/polyntt/$(VENV)/Lib/site-packages/pip/_internal/models/__pycache__/index.cpython-39.pyc,1237,4f4eddb476c786d3c101530be72a6fd6b1361ba87758dfde79df68ea5eab6637,discarded-generated-environment,,"Bundled Python virtual environment; reproducible dependency artifact, not source."
Secret Sharing/Super NTT/polyntt/$(VENV)/Lib/site-packages/pip/_internal/models/__pycache__/link.cpython-39.pyc,10257,b208743933bd86998b030a66a8e0bdcb00eba914a87bd4a79cd583ce08b5fe41,discarded-generated-environment,,"Bundled Python virtual environment; reproducible dependency artifact, not source."
Secret Sharing/Super NTT/polyntt/$(VENV)/Lib/site-packages/pip/_internal/models/__pycache__/scheme.cpython-39.pyc,1004,5d4b58f5a66e03788d0d654fea5aeb977ec49d52d402d713d4f2ee107f822142,discarded-generated-environment,,"Bundled Python virtual environment; reproducible dependency artifact, not source."
Secret Sharing/Super NTT/polyntt/$(VENV)/Lib/site-packages/pip/_internal/models/__pycache__/search_scope.cpython-39.pyc,3477,59ef3746c5839939c411c8af3351de613bb7fe78d7cf2c4112837815b3ded9f7,discarded-generated-environment,,"Bundled Python virtual environment; reproducible dependency artifact, not source."
Secret Sharing/Super NTT/polyntt/$(VENV)/Lib/site-packages/pip/_internal/models/__pycache__/selection_prefs.cpython-39.pyc,1660,ae6bcef0c56e93d7dfcc8ea49e25b9981ab941d7211a540cb49cbb417b524ae2,discarded-generated-environment,,"Bundled Python virtual environment; reproducible dependency artifact, not source."
Secret Sharing/Super NTT/polyntt/$(VENV)/Lib/site-packages/pip/_internal/models/__pycache__/target_python.cpython-39.pyc,3410,55108cd53d71779abd369131791742f33c749bb715e243436635dc3e1966a198,discarded-generated-environment,,"Bundled Python virtual environment; reproducible dependency artifact, not source."
Secret Sharing/Super NTT/polyntt/$(VENV)/Lib/site-packages/pip/_internal/models/__pycache__/wheel.cpython-39.pyc,4338,d048a74b7ff0fefcc5338fddd6f297a1139a5b0e123c7557c2c78e2eed6ff897,discarded-generated-environment,,"Bundled Python virtual environment; reproducible dependency artifact, not source."
Secret Sharing/Super NTT/polyntt/$(VENV)/Lib/site-packages/pip/_internal/models/__pycache__/__init__.cpython-39.pyc,258,bb705aeeff6e30d5164d04f452b344784606a395dd5c3f75dee572abd58825c5,discarded-generated-environment,,"Bundled Python virtual environment; reproducible dependency artifact, not source."
Secret Sharing/Super NTT/polyntt/$(VENV)/Lib/site-packages/pip/_internal/network/auth.py,11645,ceaf9fbbe78afc4c22aa34f449598cc6ecf2be106509d046262fdf9ce99c6abf,discarded-generated-environment,,"Bundled Python virtual environment; reproducible dependency artifact, not source."
Secret Sharing/Super NTT/polyntt/$(VENV)/Lib/site-packages/pip/_internal/network/cache.py,2100,1e8a6b30279cc1de084b6c03668c1cf41fcea5a065163258265e313b1bedbb05,discarded-generated-environment,,"Bundled Python virtual environment; reproducible dependency artifact, not source."
Secret Sharing/Super NTT/polyntt/$(VENV)/Lib/site-packages/pip/_internal/network/download.py,6016,566891f8a28806e8128594b82650fb37c9aade112bc7ed1f2be0fc693614dce8,discarded-generated-environment,,"Bundled Python virtual environment; reproducible dependency artifact, not source."
Secret Sharing/Super NTT/polyntt/$(VENV)/Lib/site-packages/pip/_internal/network/lazy_wheel.py,7615,e2ccc28545b623daae820be312822100b7b39a2555b5e7ac70687a4c352c95a4,discarded-generated-environment,,"Bundled Python virtual environment; reproducible dependency artifact, not source."
Secret Sharing/Super NTT/polyntt/$(VENV)/Lib/site-packages/pip/_internal/network/session.py,16582,ded2473500a8a0cedb8cb2b558ffaaead889f388edaa4cab21dad863ce164750,discarded-generated-environment,,"Bundled Python virtual environment; reproducible dependency artifact, not source."
Secret Sharing/Super NTT/polyntt/$(VENV)/Lib/site-packages/pip/_internal/network/utils.py,4059,8a02e54eeffeab42e62fc15d24aabe523ec04ffa30ad0f93f457f26ab9212b95,discarded-generated-environment,,"Bundled Python virtual environment; reproducible dependency artifact, not source."
Secret Sharing/Super NTT/polyntt/$(VENV)/Lib/site-packages/pip/_internal/network/xmlrpc.py,1791,0334201b81a04b5e76fdcaa61abfcecf63085ec09a97ec5fb22b3b7c0ee7994d,discarded-generated-environment,,"Bundled Python virtual environment; reproducible dependency artifact, not source."
Secret Sharing/Super NTT/polyntt/$(VENV)/Lib/site-packages/pip/_internal/network/__init__.py,50,8dfe93b799d5ffbce401106b2a88c85c8b607a3be87a054954a51b8406b92287,discarded-generated-environment,,"Bundled Python virtual environment; reproducible dependency artifact, not source."
Secret Sharing/Super NTT/polyntt/$(VENV)/Lib/site-packages/pip/_internal/network/__pycache__/auth.cpython-39.pyc,7443,a3a410f990a11ff8be72c7b7de34f2071349b2b59eee92041ee3cb94982ca815,discarded-generated-environment,,"Bundled Python virtual environment; reproducible dependency artifact, not source."
Secret Sharing/Super NTT/polyntt/$(VENV)/Lib/site-packages/pip/_internal/network/__pycache__/cache.cpython-39.pyc,2888,0ebbfbc8c017877acd7ad91a697571d3bdf17d761dc92cd1730f5b031147671e,discarded-generated-environment,,"Bundled Python virtual environment; reproducible dependency artifact, not source."
Secret Sharing/Super NTT/polyntt/$(VENV)/Lib/site-packages/pip/_internal/network/__pycache__/download.cpython-39.pyc,5477,1ef5b81575c2d2c3c8aed8bc39af2d5bb71c0bcb0ecff6a61ef32914910af50e,discarded-generated-environment,,"Bundled Python virtual environment; reproducible dependency artifact, not source."
Secret Sharing/Super NTT/polyntt/$(VENV)/Lib/site-packages/pip/_internal/network/__pycache__/lazy_wheel.cpython-39.pyc,8343,0df50c1f40f86dc027c957affccf9c1a020f6c5d315dd89fc3070465183cddc7,discarded-generated-environment,,"Bundled Python virtual environment; reproducible dependency artifact, not source."
Secret Sharing/Super NTT/polyntt/$(VENV)/Lib/site-packages/pip/_internal/network/__pycache__/session.cpython-39.pyc,10542,d244a1d49becd6505d1a40796b393fcfc01d133c090de098125eaf57072c6d1f,discarded-generated-environment,,"Bundled Python virtual environment; reproducible dependency artifact, not source."
Secret Sharing/Super NTT/polyntt/$(VENV)/Lib/site-packages/pip/_internal/network/__pycache__/utils.cpython-39.pyc,1424,d8da21a3d07c110ca33069ef27eb11e87b78b60ffc0f3256a90ad607c303edc4,discarded-generated-environment,,"Bundled Python virtual environment; reproducible dependency artifact, not source."
Secret Sharing/Super NTT/polyntt/$(VENV)/Lib/site-packages/pip/_internal/network/__pycache__/xmlrpc.cpython-39.pyc,2045,cc7d55b7a4597ee82eb978a4f5785fc139dcd1e488b5f0508e08e10ba8da0984,discarded-generated-environment,,"Bundled Python virtual environment; reproducible dependency artifact, not source."
Secret Sharing/Super NTT/polyntt/$(VENV)/Lib/site-packages/pip/_internal/network/__pycache__/__init__.cpython-39.pyc,246,6e6df9aee0b1e2da978596725d35286b2cf23e3aacf0332fb48521b47fef353b,discarded-generated-environment,,"Bundled Python virtual environment; reproducible dependency artifact, not source."
Secret Sharing/Super NTT/polyntt/$(VENV)/Lib/site-packages/pip/_internal/operations/build/metadata.py,1165,8c9a74e51ae9d0032c41bee2cc35db3460b52ed3cdc0e847423edc44ce77db87,discarded-generated-environment,,"Bundled Python virtual environment; reproducible dependency artifact, not source."
Secret Sharing/Super NTT/polyntt/$(VENV)/Lib/site-packages/pip/_internal/operations/build/metadata_legacy.py,1917,10230184b10f110bfa3d4502a4f0975bec0df50457758e393cd5c9bfb0592935,discarded-generated-environment,,"Bundled Python virtual environment; reproducible dependency artifact, not source."
Secret Sharing/Super NTT/polyntt/$(VENV)/Lib/site-packages/pip/_internal/operations/build/wheel.py,1106,5982ccc6ec6a3776a1253424d8c23d85d999281a45cb11de36951d3b43f26f15,discarded-generated-environment,,"Bundled Python virtual environment; reproducible dependency artifact, not source."
Secret Sharing/Super NTT/polyntt/$(VENV)/Lib/site-packages/pip/_internal/operations/build/wheel_legacy.py,3227,34e2614d831896375b8b3168fd68e468a1961b548467a681cab05d0abaec641f,discarded-generated-environment,,"Bundled Python virtual environment; reproducible dependency artifact, not source."
Secret Sharing/Super NTT/polyntt/$(VENV)/Lib/site-packages/pip/_internal/operations/build/__init__.py,0,e3b0c44298fc1c149afbf4c8996fb92427ae41e4649b934ca495991b7852b855,discarded-generated-environment,,"Bundled Python virtual environment; reproducible dependency artifact, not source."
Secret Sharing/Super NTT/polyntt/$(VENV)/Lib/site-packages/pip/_internal/operations/build/__pycache__/metadata.cpython-39.pyc,1146,96fbdbe189fe948a408c74702ffc2ad01c91253750b63049c6676774f2a6ac92,discarded-generated-environment,,"Bundled Python virtual environment; reproducible dependency artifact, not source."
Secret Sharing/Super NTT/polyntt/$(VENV)/Lib/site-packages/pip/_internal/operations/build/__pycache__/metadata_legacy.cpython-39.pyc,1920,4a95821a0bc7edcb2a8bd722f2c4a7709f551092b2cfce6c8c8731b2003bc51a,discarded-generated-environment,,"Bundled Python virtual environment; reproducible dependency artifact, not source."
Secret Sharing/Super NTT/polyntt/$(VENV)/Lib/site-packages/pip/_internal/operations/build/__pycache__/wheel.cpython-39.pyc,1125,dfafb3ac8927ec77b41b6721dbb4655414f180e32b15394d12afe9b69200997f,discarded-generated-environment,,"Bundled Python virtual environment; reproducible dependency artifact, not source."
Secret Sharing/Super NTT/polyntt/$(VENV)/Lib/site-packages/pip/_internal/operations/build/__pycache__/wheel_legacy.cpython-39.pyc,2519,094eac89657b4b6aaff4002b9ee97b41087bd7a4c02248fba28d843a3bee088f,discarded-generated-environment,,"Bundled Python virtual environment; reproducible dependency artifact, not source."
Secret Sharing/Super NTT/polyntt/$(VENV)/Lib/site-packages/pip/_internal/operations/build/__pycache__/__init__.cpython-39.pyc,200,922620b828e57189cfc68958bd2aa2693fe01d077f9bce68565a38034eb3996b,discarded-generated-environment,,"Bundled Python virtual environment; reproducible dependency artifact, not source."
Secret Sharing/Super NTT/polyntt/$(VENV)/Lib/site-packages/pip/_internal/operations/check.py,5295,cc421dc7244bdef73b090d69f2a90b146fa68ecf8b8e76890f13abd56239629d,discarded-generated-environment,,"Bundled Python virtual environment; reproducible dependency artifact, not source."
Secret Sharing/Super NTT/polyntt/$(VENV)/Lib/site-packages/pip/_internal/operations/freeze.py,10556,4f22ef5d3e19aa9222f31f17fd34ec80127be881b9e0289d265c4620705b9813,discarded-generated-environment,,"Bundled Python virtual environment; reproducible dependency artifact, not source."
Secret Sharing/Super NTT/polyntt/$(VENV)/Lib/site-packages/pip/_internal/operations/install/editable_legacy.py,1396,6e304e6df13ab33dd498623bcb8f860a029ad969938275a514553b6fe8b4b10b,discarded-generated-environment,,"Bundled Python virtual environment; reproducible dependency artifact, not source."
Secret Sharing/Super NTT/polyntt/$(VENV)/Lib/site-packages/pip/_internal/operations/install/legacy.py,4405,5a4ff8eac47bcc3b21eefa788fadc791ae0d4debd0eb5ed676a24ab7cfd3b944,discarded-generated-environment,,"Bundled Python virtual environment; reproducible dependency artifact, not source."
Secret Sharing/Super NTT/polyntt/$(VENV)/Lib/site-packages/pip/_internal/operations/install/wheel.py,29466,e18eabb4ea4f9e396f1a4cd85cff075f3a89bb528712e03a13180705d6670fab,discarded-generated-environment,,"Bundled Python virtual environment; reproducible dependency artifact, not source."
Secret Sharing/Super NTT/polyntt/$(VENV)/Lib/site-packages/pip/_internal/operations/install/__init__.py,51,997ee1c83d863413b69851a8903437d2bfc65efed8fcf2ddb71714bf5e387beb,discarded-generated-environment,,"Bundled Python virtual environment; reproducible dependency artifact, not source."
Secret Sharing/Super NTT/polyntt/$(VENV)/Lib/site-packages/pip/_internal/operations/install/__pycache__/editable_legacy.cpython-39.pyc,1301,fd3e13366fd1c69688c0b6e159edce83be534e5e0562528012528b13ea09717d,discarded-generated-environment,,"Bundled Python virtual environment; reproducible dependency artifact, not source."
Secret Sharing/Super NTT/polyntt/$(VENV)/Lib/site-packages/pip/_internal/operations/install/__pycache__/legacy.cpython-39.pyc,3462,9f04f9c84305eb903dcfd85e69b58d175991b5ad415abcbf400dcf41aa3b10ab,discarded-generated-environment,,"Bundled Python virtual environment; reproducible dependency artifact, not source."
Secret Sharing/Super NTT/polyntt/$(VENV)/Lib/site-packages/pip/_internal/operations/install/__pycache__/wheel.cpython-39.pyc,20301,e42e0651d0a0ea0a5b788ea405865d6da4321782b33cd8ce5236e0d65a0f338a,discarded-generated-environment,,"Bundled Python virtual environment; reproducible dependency artifact, not source."
Secret Sharing/Super NTT/polyntt/$(VENV)/Lib/site-packages/pip/_internal/operations/install/__pycache__/__init__.cpython-39.pyc,258,d9b401de92cfe98631985f63fd5f4539e94e4a1fd597a45fc13150a781deda3c,discarded-generated-environment,,"Bundled Python virtual environment; reproducible dependency artifact, not source."
Secret Sharing/Super NTT/polyntt/$(VENV)/Lib/site-packages/pip/_internal/operations/prepare.py,24848,8e09c7ec221da008709d8392a64112be1ac9d72af94cbd99639a238d2cd1319a,discarded-generated-environment,,"Bundled Python virtual environment; reproducible dependency artifact, not source."
Secret Sharing/Super NTT/polyntt/$(VENV)/Lib/site-packages/pip/_internal/operations/__init__.py,0,e3b0c44298fc1c149afbf4c8996fb92427ae41e4649b934ca495991b7852b855,discarded-generated-environment,,"Bundled Python virtual environment; reproducible dependency artifact, not source."
Secret Sharing/Super NTT/polyntt/$(VENV)/Lib/site-packages/pip/_internal/operations/__pycache__/check.cpython-39.pyc,3939,d5ec40ca71930ae99dd9c39ddae715a3b1edd066b5a143061e6d945865cc3165,discarded-generated-environment,,"Bundled Python virtual environment; reproducible dependency artifact, not source."
Secret Sharing/Super NTT/polyntt/$(VENV)/Lib/site-packages/pip/_internal/operations/__pycache__/freeze.cpython-39.pyc,6280,c9b3259226efdfda16971b052a22c56ee585836f4d34848925b05be8f3c6a111,discarded-generated-environment,,"Bundled Python virtual environment; reproducible dependency artifact, not source."
Secret Sharing/Super NTT/polyntt/$(VENV)/Lib/site-packages/pip/_internal/operations/__pycache__/prepare.cpython-39.pyc,14220,460bac5f3e8a4b9855654473e6632eb7ed31069fa58d8efd9d389bf6cc472cfa,discarded-generated-environment,,"Bundled Python virtual environment; reproducible dependency artifact, not source."
Secret Sharing/Super NTT/polyntt/$(VENV)/Lib/site-packages/pip/_internal/operations/__pycache__/__init__.cpython-39.pyc,194,d4982e5aed2f667bb6f24b5ed6f354879fdb9d599ef7e31db75560578f5b2ab6,discarded-generated-environment,,"Bundled Python virtual environment; reproducible dependency artifact, not source."
Secret Sharing/Super NTT/polyntt/$(VENV)/Lib/site-packages/pip/_internal/pyproject.py,7063,4a5d5d39061acc6f40b2b1344d758adb355c0d1fc544eb21093c23281450b0f1,discarded-generated-environment,,"Bundled Python virtual environment; reproducible dependency artifact, not source."
Secret Sharing/Super NTT/polyntt/$(VENV)/Lib/site-packages/pip/_internal/req/constructors.py,15826,df92d16fe89a2f4d4094a04e3bfdafadb2a297a288e53978e74349c14bd49e19,discarded-generated-environment,,"Bundled Python virtual environment; reproducible dependency artifact, not source."
Secret Sharing/Super NTT/polyntt/$(VENV)/Lib/site-packages/pip/_internal/req/req_file.py,17408,4ec052af42cc548605ec0aa4c2c9722711cf2ecb4dd1232a29e571722236227e,discarded-generated-environment,,"Bundled Python virtual environment; reproducible dependency artifact, not source."
Secret Sharing/Super NTT/polyntt/$(VENV)/Lib/site-packages/pip/_internal/req/req_install.py,31671,8cf7d23edfacdd1a110a3ead62abef1dac71216d72afc29b88f4466c0c85de95,discarded-generated-environment,,"Bundled Python virtual environment; reproducible dependency artifact, not source."
Secret Sharing/Super NTT/polyntt/$(VENV)/Lib/site-packages/pip/_internal/req/req_set.py,7572,3683d0ced2f56791d9101de7d96b6cb7a295e7584c0c03def407dd0145a624bb,discarded-generated-environment,,"Bundled Python virtual environment; reproducible dependency artifact, not source."
Secret Sharing/Super NTT/polyntt/$(VENV)/Lib/site-packages/pip/_internal/req/req_tracker.py,4182,749dea9760b757268a51037d9306c5bce3ccc40bdb4dd6e507484a4367fa2e7b,discarded-generated-environment,,"Bundled Python virtual environment; reproducible dependency artifact, not source."
Secret Sharing/Super NTT/polyntt/$(VENV)/Lib/site-packages/pip/_internal/req/req_uninstall.py,23821,c0170629ac1e2328b94463cfa41aabae7eb6b7cb8fddfad99ab509faa0de3b46,discarded-generated-environment,,"Bundled Python virtual environment; reproducible dependency artifact, not source."
Secret Sharing/Super NTT/polyntt/$(VENV)/Lib/site-packages/pip/_internal/req/__init__.py,2831,973e0615fce6e60b26d1ef07f7c5a2e883c8d7847625d0cc05ceb5fb817ed026,discarded-generated-environment,,"Bundled Python virtual environment; reproducible dependency artifact, not source."
Secret Sharing/Super NTT/polyntt/$(VENV)/Lib/site-packages/pip/_internal/req/__pycache__/constructors.cpython-39.pyc,11673,6437a74ebeec55327c14d8d1b17666a3099f9051556ee4adf5e2460e0cda6710,discarded-generated-environment,,"Bundled Python virtual environment; reproducible dependency artifact, not source."
Secret Sharing/Super NTT/polyntt/$(VENV)/Lib/site-packages/pip/_internal/req/__pycache__/req_file.cpython-39.pyc,13367,523fbd512077b171597f20035f7684f35fb79946f3b4faad1024b4d40ed908ec,discarded-generated-environment,,"Bundled Python virtual environment; reproducible dependency artifact, not source."
Secret Sharing/Super NTT/polyntt/$(VENV)/Lib/site-packages/pip/_internal/req/__pycache__/req_install.cpython-39.pyc,21368,0142d5edca644ff183cac7f950525dfb9c91f3d35f4d17e90772adacb204bbac,discarded-generated-environment,,"Bundled Python virtual environment; reproducible dependency artifact, not source."
Secret Sharing/Super NTT/polyntt/$(VENV)/Lib/site-packages/pip/_internal/req/__pycache__/req_set.cpython-39.pyc,5894,bbd7c714074e394160e8af9bf82c47037b8d08739cd039c794eee4f47489f68d,discarded-generated-environment,,"Bundled Python virtual environment; reproducible dependency artifact, not source."
Secret Sharing/Super NTT/polyntt/$(VENV)/Lib/site-packages/pip/_internal/req/__pycache__/req_tracker.cpython-39.pyc,4277,534b1eef912afead9780cdff64df07099bfe74644f5bed5c73e0c33df99e1a70,discarded-generated-environment,,"Bundled Python virtual environment; reproducible dependency artifact, not source."
Secret Sharing/Super NTT/polyntt/$(VENV)/Lib/site-packages/pip/_internal/req/__pycache__/req_uninstall.cpython-39.pyc,18760,9d4f4efe23394d2c74b136b933eb1a15babd9c8973655767bf1bbe174933c827,discarded-generated-environment,,"Bundled Python virtual environment; reproducible dependency artifact, not source."
Secret Sharing/Super NTT/polyntt/$(VENV)/Lib/site-packages/pip/_internal/req/__pycache__/__init__.cpython-39.pyc,2557,348b3534063d90fda490e7e74e9c0202c041f43e17f17ba7f92b4911b80ae581,discarded-generated-environment,,"Bundled Python virtual environment; reproducible dependency artifact, not source."
Secret Sharing/Super NTT/polyntt/$(VENV)/Lib/site-packages/pip/_internal/resolution/base.py,557,c804f0216d556c9930905248806dc941a7e77450d2679d2c99cf80a3df92a312,discarded-generated-environment,,"Bundled Python virtual environment; reproducible dependency artifact, not source."
Secret Sharing/Super NTT/polyntt/$(VENV)/Lib/site-packages/pip/_internal/resolution/legacy/resolver.py,17552,4d99c651acbd58cd949345b70f8f0e03bd14f5c2d86061f195eb3587d10ba928,discarded-generated-environment,,"Bundled Python virtual environment; reproducible dependency artifact, not source."
Secret Sharing/Super NTT/polyntt/$(VENV)/Lib/site-packages/pip/_internal/resolution/legacy/__init__.py,0,e3b0c44298fc1c149afbf4c8996fb92427ae41e4649b934ca495991b7852b855,discarded-generated-environment,,"Bundled Python virtual environment; reproducible dependency artifact, not source."
Secret Sharing/Super NTT/polyntt/$(VENV)/Lib/site-packages/pip/_internal/resolution/legacy/__pycache__/resolver.cpython-39.pyc,11992,fcf091baf4b66ed9498b3aaa5765f8749804f8cae23c9a7429757c258ed946cd,discarded-generated-environment,,"Bundled Python virtual environment; reproducible dependency artifact, not source."
Secret Sharing/Super NTT/polyntt/$(VENV)/Lib/site-packages/pip/_internal/resolution/legacy/__pycache__/__init__.cpython-39.pyc,201,c6e113c0d1975844d85ae5fef4d58addb7229ecc53683e31e5c734f67781d6b6,discarded-generated-environment,,"Bundled Python virtual environment; reproducible dependency artifact, not source."
Secret Sharing/Super NTT/polyntt/$(VENV)/Lib/site-packages/pip/_internal/resolution/resolvelib/base.py,5290,62f81bda37f497a4b80b6ad701b8dba5445817aca352009dc034ab9e989903c5,discarded-generated-environment,,"Bundled Python virtual environment; reproducible dependency artifact, not source."
Secret Sharing/Super NTT/polyntt/$(VENV)/Lib/site-packages/pip/_internal/resolution/resolvelib/candidates.py,18842,4600af2dfd6678379c9b0f657e11bf014e6d37db9f682d040eb715391da18220,discarded-generated-environment,,"Bundled Python virtual environment; reproducible dependency artifact, not source."
Secret Sharing/Super NTT/polyntt/$(VENV)/Lib/site-packages/pip/_internal/resolution/resolvelib/factory.py,26859,37db5e94d0756ab155fb84ea746761f4a30bf337c059d31ba9448d8a9e877847,discarded-generated-environment,,"Bundled Python virtual environment; reproducible dependency artifact, not source."
Secret Sharing/Super NTT/polyntt/$(VENV)/Lib/site-packages/pip/_internal/resolution/resolvelib/found_candidates.py,5285,112dcf3400a1dce3701808213e2a7655b832cbf7b86da2a67841075508aae3b8,discarded-generated-environment,,"Bundled Python virtual environment; reproducible dependency artifact, not source."
Secret Sharing/Super NTT/polyntt/$(VENV)/Lib/site-packages/pip/_internal/resolution/resolvelib/provider.py,8420,7f2d77f510f13ebb0f98d2e7e98aeb8ea8413a678b63468710477366a4b7e5a5,discarded-generated-environment,,"Bundled Python virtual environment; reproducible dependency artifact, not source."
Secret Sharing/Super NTT/polyntt/$(VENV)/Lib/site-packages/pip/_internal/resolution/resolvelib/reporter.py,2600,674e976b877d75359b1cdbd7201b41c439f80c77909a5c96f4c240a23902fe25,discarded-generated-environment,,"Bundled Python virtual environment; reproducible dependency artifact, not source."
Secret Sharing/Super NTT/polyntt/$(VENV)/Lib/site-packages/pip/_internal/resolution/resolvelib/requirements.py,5455,a5cb27c33eedc720cd65410e58939911f8afcb708e5873dffc3214edfc19f8a9,discarded-generated-environment,,"Bundled Python virtual environment; reproducible dependency artifact, not source."
Secret Sharing/Super NTT/polyntt/$(VENV)/Lib/site-packages/pip/_internal/resolution/resolvelib/resolver.py,10523,46bcb7e9dd2e08aa1b7c19d23d8330f164adc8d62d8c0105cf78fa66d06c6c64,discarded-generated-environment,,"Bundled Python virtual environment; reproducible dependency artifact, not source."
Secret Sharing/Super NTT/polyntt/$(VENV)/Lib/site-packages/pip/_internal/resolution/resolvelib/__init__.py,0,e3b0c44298fc1c149afbf4c8996fb92427ae41e4649b934ca495991b7852b855,discarded-generated-environment,,"Bundled Python virtual environment; reproducible dependency artifact, not source."
Secret Sharing/Super NTT/polyntt/$(VENV)/Lib/site-packages/pip/_internal/resolution/resolvelib/__pycache__/base.cpython-39.pyc,6741,3137934449e02ba4550ea6bc238f9a3d87f4e91ac6e68496b9eb75f14cf9807f,discarded-generated-environment,,"Bundled Python virtual environment; reproducible dependency artifact, not source."
Secret Sharing/Super NTT/polyntt/$(VENV)/Lib/site-packages/pip/_internal/resolution/resolvelib/__pycache__/candidates.cpython-39.pyc,19032,a83ede68232a0f3490f5bcaab890312ec519973298d1eb0a736f6dcdbeeec0f3,discarded-generated-environment,,"Bundled Python virtual environment; reproducible dependency artifact, not source."
Secret Sharing/Super NTT/polyntt/$(VENV)/Lib/site-packages/pip/_internal/resolution/resolvelib/__pycache__/factory.cpython-39.pyc,18449,538010683f6906082639f809a5d70ad806ea893c54c81fc3543fe68cf1c690eb,discarded-generated-environment,,"Bundled Python virtual environment; reproducible dependency artifact, not source."
Secret Sharing/Super NTT/polyntt/$(VENV)/Lib/site-packages/pip/_internal/resolution/resolvelib/__pycache__/found_candidates.cpython-39.pyc,4794,18f367088b81da70452a5ebc2cb375497736a2ccb4298a80029fbb54432132a8,discarded-generated-environment,,"Bundled Python virtual environment; reproducible dependency artifact, not source."
Secret Sharing/Super NTT/polyntt/$(VENV)/Lib/site-packages/pip/_internal/resolution/resolvelib/__pycache__/provider.cpython-39.pyc,6751,109a14bc5a5b0c5864f0e7fd89ddf472f76c6285f08afc1ca8068a0a99ee8b66,discarded-generated-environment,,"Bundled Python virtual environment; reproducible dependency artifact, not source."
Secret Sharing/Super NTT/polyntt/$(VENV)/Lib/site-packages/pip/_internal/resolution/resolvelib/__pycache__/reporter.cpython-39.pyc,3324,9836a88912c5584e1be0adae8112cccb38da91fd807c64204da44c4b4ae98669,discarded-generated-environment,,"Bundled Python virtual environment; reproducible dependency artifact, not source."
Secret Sharing/Super NTT/polyntt/$(VENV)/Lib/site-packages/pip/_internal/resolution/resolvelib/__pycache__/requirements.cpython-39.pyc,7575,fb0d789856200d66721e48ed01ce6a84eee90ef56352ed46ae8cdc449c9d20d9,discarded-generated-environment,,"Bundled Python virtual environment; reproducible dependency artifact, not source."
Secret Sharing/Super NTT/polyntt/$(VENV)/Lib/site-packages/pip/_internal/resolution/resolvelib/__pycache__/resolver.cpython-39.pyc,7770,125e4cbf336a57d3035425c2ff48b5db112393d33324ed0aef01505ece156500,discarded-generated-environment,,"Bundled Python virtual environment; reproducible dependency artifact, not source."
Secret Sharing/Super NTT/polyntt/$(VENV)/Lib/site-packages/pip/_internal/resolution/resolvelib/__pycache__/__init__.cpython-39.pyc,205,da8c09bd62939b5c48774d4ab721142b299307f0cbc2f60994860294fa6d1ad2,discarded-generated-environment,,"Bundled Python virtual environment; reproducible dependency artifact, not source."
Secret Sharing/Super NTT/polyntt/$(VENV)/Lib/site-packages/pip/_internal/resolution/__init__.py,0,e3b0c44298fc1c149afbf4c8996fb92427ae41e4649b934ca495991b7852b855,discarded-generated-environment,,"Bundled Python virtual environment; reproducible dependency artifact, not source."
Secret Sharing/Super NTT/polyntt/$(VENV)/Lib/site-packages/pip/_internal/resolution/__pycache__/base.cpython-39.pyc,1024,8bc12757efe8dc51f913d54e8a11bfe93bb12bbbc4a12112fd5b2f3116d56e17,discarded-generated-environment,,"Bundled Python virtual environment; reproducible dependency artifact, not source."
Secret Sharing/Super NTT/polyntt/$(VENV)/Lib/site-packages/pip/_internal/resolution/__pycache__/__init__.cpython-39.pyc,194,9997bc188da27889e1ce248331b7665a853ab7a13e2f26209c7e4077ed17486c,discarded-generated-environment,,"Bundled Python virtual environment; reproducible dependency artifact, not source."
Secret Sharing/Super NTT/polyntt/$(VENV)/Lib/site-packages/pip/_internal/self_outdated_check.py,6484,8afa1461a1aeabe45afc3be566f3ed1e181b63decd28762e3c6ceb80dd86d40f,discarded-generated-environment,,"Bundled Python virtual environment; reproducible dependency artifact, not source."
Secret Sharing/Super NTT/polyntt/$(VENV)/Lib/site-packages/pip/_internal/utils/appdirs.py,1185,0b21f46ab8e17d1e2469ec9b5ece41d61c5eeba29e7827ecb09862445c691499,discarded-generated-environment,,"Bundled Python virtual environment; reproducible dependency artifact, not source."
Secret Sharing/Super NTT/polyntt/$(VENV)/Lib/site-packages/pip/_internal/utils/compat.py,1884,002c817cb823dff5c6fa2039a26103ad7a833347102b38bc87c1d10489f31ba4,discarded-generated-environment,,"Bundled Python virtual environment; reproducible dependency artifact, not source."
Secret Sharing/Super NTT/polyntt/$(VENV)/Lib/site-packages/pip/_internal/utils/compatibility_tags.py,5454,8763f85346429161f03d8bde07315903bf62b7a6a01254619bac9c8bb4bc302a,discarded-generated-environment,,"Bundled Python virtual environment; reproducible dependency artifact, not source."
Secret Sharing/Super NTT/polyntt/$(VENV)/Lib/site-packages/pip/_internal/utils/datetime.py,242,9b6d58df002d41cfa38ba55e6fa93f33983a034672148e1e81c853767c21fa94,discarded-generated-environment,,"Bundled Python virtual environment; reproducible dependency artifact, not source."
Secret Sharing/Super NTT/polyntt/$(VENV)/Lib/site-packages/pip/_internal/utils/deprecation.py,3200,d1b762baf9c070064ca75743af0c4aeee0e09894031d57dbd7bf74ff2a4ef54e,discarded-generated-environment,,"Bundled Python virtual environment; reproducible dependency artifact, not source."
Secret Sharing/Super NTT/polyntt/$(VENV)/Lib/site-packages/pip/_internal/utils/direct_url_helpers.py,2994,e5f7c1f461e8a9a954bd253a0b9de510575481871601b5c919fc82c06c8896b6,discarded-generated-environment,,"Bundled Python virtual environment; reproducible dependency artifact, not source."
Secret Sharing/Super NTT/polyntt/$(VENV)/Lib/site-packages/pip/_internal/utils/distutils_args.py,1249,99c02c732a7cd2f4eddf10064e2a67a6073cdd5fbfc02bf274d10b5572eaec92,discarded-generated-environment,,"Bundled Python virtual environment; reproducible dependency artifact, not source."
Secret Sharing/Super NTT/polyntt/$(VENV)/Lib/site-packages/pip/_internal/utils/encoding.py,1169,6dd67762052968e10123930fe3e0c45e241aac25b7574af1c35911cfe4da5354,discarded-generated-environment,,"Bundled Python virtual environment; reproducible dependency artifact, not source."
Secret Sharing/Super NTT/polyntt/$(VENV)/Lib/site-packages/pip/_internal/utils/entrypoints.py,1055,68fbc29d0562f47764df92a5a30c3f0f989b8d4a6ac60a9c24ff0ef55b8c65e9,discarded-generated-environment,,"Bundled Python virtual environment; reproducible dependency artifact, not source."
Secret Sharing/Super NTT/polyntt/$(VENV)/Lib/site-packages/pip/_internal/utils/filesystem.py,5893,aeb97ead8d70f136322989dd53266513d7df910c80e3e8c8f71ff9f735e49f9b,discarded-generated-environment,,"Bundled Python virtual environment; reproducible dependency artifact, not source."
Secret Sharing/Super NTT/polyntt/$(VENV)/Lib/site-packages/pip/_internal/utils/filetypes.py,761,c1ebe255b6a91d6550ffcf8af8f4d0fd39d82faea4662e12ad50539916195cb7,discarded-generated-environment,,"Bundled Python virtual environment; reproducible dependency artifact, not source."
Secret Sharing/Super NTT/polyntt/$(VENV)/Lib/site-packages/pip/_internal/utils/glibc.py,3170,18cd58da15a439ffedba6c9218583e88d6dcee88a505042b8dccdbffbd39085f,discarded-generated-environment,,"Bundled Python virtual environment; reproducible dependency artifact, not source."
Secret Sharing/Super NTT/polyntt/$(VENV)/Lib/site-packages/pip/_internal/utils/hashes.py,5167,a35a90124a9ed80aac466fc984ba0ce21931995b5ec07d1966943a10139b1ee5,discarded-generated-environment,,"Bundled Python virtual environment; reproducible dependency artifact, not source."
Secret Sharing/Super NTT/polyntt/$(VENV)/Lib/site-packages/pip/_internal/utils/inject_securetransport.py,810,b4697d060cadd881cab41ddbd01fbaaf75b6c981773a0f8f05ed3ae3b4b7959b,discarded-generated-environment,,"Bundled Python virtual environment; reproducible dependency artifact, not source."
Secret Sharing/Super NTT/polyntt/$(VENV)/Lib/site-packages/pip/_internal/utils/logging.py,12344,139544d67fa9aa075de436a33d03caa66bbb56925577b7408617633d936c6231,discarded-generated-environment,,"Bundled Python virtual environment; reproducible dependency artifact, not source."
Secret Sharing/Super NTT/polyntt/$(VENV)/Lib/site-packages/pip/_internal/utils/misc.py,23644,5a158c29bb68056bc6aea54c68f7a428c2fea2bb0b9c3d9ed0df376ab8e9610c,discarded-generated-environment,,"Bundled Python virtual environment; reproducible dependency artifact, not source."
Secret Sharing/Super NTT/polyntt/$(VENV)/Lib/site-packages/pip/_internal/utils/models.py,1329,a82818c94c369881f5a6899bb09dd842c32d38d660c89e011b03b93099d20b87,discarded-generated-environment,,"Bundled Python virtual environment; reproducible dependency artifact, not source."
Secret Sharing/Super NTT/polyntt/$(VENV)/Lib/site-packages/pip/_internal/utils/packaging.py,2900,235f77f0007b169adc54925de82d2f4a232e0956a39abc59179e6f5f98f46cca,discarded-generated-environment,,"Bundled Python virtual environment; reproducible dependency artifact, not source."
Secret Sharing/Super NTT/polyntt/$(VENV)/Lib/site-packages/pip/_internal/utils/parallel.py,3224,45917825d74f11655b9243c29277efa6a68b7e6dcf9aa77f001a021e6578957b,discarded-generated-environment,,"Bundled Python virtual environment; reproducible dependency artifact, not source."
Secret Sharing/Super NTT/polyntt/$(VENV)/Lib/site-packages/pip/_internal/utils/pkg_resources.py,1106,8f01f925588f7be2655cbbcb0b4f8049f4d309162f9b4bbd0b04067168f14ad2,discarded-generated-environment,,"Bundled Python virtual environment; reproducible dependency artifact, not source."
Secret Sharing/Super NTT/polyntt/$(VENV)/Lib/site-packages/pip/_internal/utils/setuptools_build.py,5047,c64f6c4418d4c8d4c7b3f4ef11679b556b3519f2cf376d3c333a525ebf4e93f0,discarded-generated-environment,,"Bundled Python virtual environment; reproducible dependency artifact, not source."
Secret Sharing/Super NTT/polyntt/$(VENV)/Lib/site-packages/pip/_internal/utils/subprocess.py,10043,ed03903c98fa7b3215b32a4926b732caae3e98933da94b0e74e2ead3fc148800,discarded-generated-environment,,"Bundled Python virtual environment; reproducible dependency artifact, not source."
Secret Sharing/Super NTT/polyntt/$(VENV)/Lib/site-packages/pip/_internal/utils/temp_dir.py,7950,f60b3737d1907955d15568c921a952a47d6e8fcc905cf4f36ab6f99f5fc7315a,discarded-generated-environment,,"Bundled Python virtual environment; reproducible dependency artifact, not source."
Secret Sharing/Super NTT/polyntt/$(VENV)/Lib/site-packages/pip/_internal/utils/unpacking.py,9050,fea619826abc6f4ad100ddacc17b1ff557cfa20ae34a196c4ef85123685e0582,discarded-generated-environment,,"Bundled Python virtual environment; reproducible dependency artifact, not source."
Secret Sharing/Super NTT/polyntt/$(VENV)/Lib/site-packages/pip/_internal/utils/urls.py,1798,3b97f855e289f5c5adfc22aaa8a9a20d35b8f2e3b3a3450d6f54163d0d27d932,discarded-generated-environment,,"Bundled Python virtual environment; reproducible dependency artifact, not source."
Secret Sharing/Super NTT/polyntt/$(VENV)/Lib/site-packages/pip/_internal/utils/virtualenv.py,3564,8914cafac0fa6d6a47a97719d0409f76914b59ab4c3871545422116b42fa1aed,discarded-generated-environment,,"Bundled Python virtual environment; reproducible dependency artifact, not source."
Secret Sharing/Super NTT/polyntt/$(VENV)/Lib/site-packages/pip/_internal/utils/wheel.py,6290,0ce21565a5cdedb30e01e304ab320e6471a5e0e14ef8a1ab12a05407ce3c0cfa,discarded-generated-environment,,"Bundled Python virtual environment; reproducible dependency artifact, not source."
Secret Sharing/Super NTT/polyntt/$(VENV)/Lib/site-packages/pip/_internal/utils/_log.py,1015,fa31cb384fd31da673e4115c0a7a122fd11802d2749d77a6e3db3da1fe23bcac,discarded-generated-environment,,"Bundled Python virtual environment; reproducible dependency artifact, not source."
Secret Sharing/Super NTT/polyntt/$(VENV)/Lib/site-packages/pip/_internal/utils/__init__.py,0,e3b0c44298fc1c149afbf4c8996fb92427ae41e4649b934ca495991b7852b855,discarded-generated-environment,,"Bundled Python virtual environment; reproducible dependency artifact, not source."
Secret Sharing/Super NTT/polyntt/$(VENV)/Lib/site-packages/pip/_internal/utils/__pycache__/appdirs.cpython-39.pyc,1327,62a8daf75cd7a2d9f3977e9aa283564d174b6d150ca3d8ece3330ba16ae79b31,discarded-generated-environment,,"Bundled Python virtual environment; reproducible dependency artifact, not source."
Secret Sharing/Super NTT/polyntt/$(VENV)/Lib/site-packages/pip/_internal/utils/__pycache__/compat.cpython-39.pyc,1508,8c8d8300c31add5acff1e0cfcd72334ed2ead4b6e0a8343d1bdde56a165f5fd8,discarded-generated-environment,,"Bundled Python virtual environment; reproducible dependency artifact, not source."
Secret Sharing/Super NTT/polyntt/$(VENV)/Lib/site-packages/pip/_internal/utils/__pycache__/compatibility_tags.cpython-39.pyc,4107,9ff2b8094e809f6c2262b784a687310aff0aaf33202a939b7700088d68b7423a,discarded-generated-environment,,"Bundled Python virtual environment; reproducible dependency artifact, not source."
Secret Sharing/Super NTT/polyntt/$(VENV)/Lib/site-packages/pip/_internal/utils/__pycache__/datetime.cpython-39.pyc,508,fe9b355e3cec23134534939e3a2d6488124df5760968c85da1d1650804689df9,discarded-generated-environment,,"Bundled Python virtual environment; reproducible dependency artifact, not source."
Secret Sharing/Super NTT/polyntt/$(VENV)/Lib/site-packages/pip/_internal/utils/__pycache__/deprecation.cpython-39.pyc,2971,2e1eddb297c25c0bd77f0bbdd06ec944cf6a59eebbc770bb51c9debea4d2272c,discarded-generated-environment,,"Bundled Python virtual environment; reproducible dependency artifact, not source."
Secret Sharing/Super NTT/polyntt/$(VENV)/Lib/site-packages/pip/_internal/utils/__pycache__/direct_url_helpers.cpython-39.pyc,1818,971d6325a85b4e0bed3255dd18e3fa1fab38e33a92e5c91f3b4f6e7988179cef,discarded-generated-environment,,"Bundled Python virtual environment; reproducible dependency artifact, not source."
Secret Sharing/Super NTT/polyntt/$(VENV)/Lib/site-packages/pip/_internal/utils/__pycache__/distutils_args.cpython-39.pyc,1094,08c98ac2b41d120ba9ba633da41f797e5597ae8bcb4808ceea36a752ae757874,discarded-generated-environment,,"Bundled Python virtual environment; reproducible dependency artifact, not source."
Secret Sharing/Super NTT/polyntt/$(VENV)/Lib/site-packages/pip/_internal/utils/__pycache__/encoding.cpython-39.pyc,1298,6a093026b54b98677938dec9c8c17291e80c3586c27c7201d36235bbebab54dd,discarded-generated-environment,,"Bundled Python virtual environment; reproducible dependency artifact, not source."
Secret Sharing/Super NTT/polyntt/$(VENV)/Lib/site-packages/pip/_internal/utils/__pycache__/entrypoints.cpython-39.pyc,1299,b5791cd80307e7589c38f720e19c4e731ba95d9e76043209cd9799088e2a6dd9,discarded-generated-environment,,"Bundled Python virtual environment; reproducible dependency artifact, not source."
Secret Sharing/Super NTT/polyntt/$(VENV)/Lib/site-packages/pip/_internal/utils/__pycache__/filesystem.cpython-39.pyc,5135,26ccf2990f05daef08e27a6e8359e0551ba1736230bb6c3aaa3a8cd6442a6b37,discarded-generated-environment,,"Bundled Python virtual environment; reproducible dependency artifact, not source."
Secret Sharing/Super NTT/polyntt/$(VENV)/Lib/site-packages/pip/_internal/utils/__pycache__/filetypes.cpython-39.pyc,801,4a0914440e796bab9ee9220d7e6c2148e848682e64c4239f45951dd9ef3c0b50,discarded-generated-environment,,"Bundled Python virtual environment; reproducible dependency artifact, not source."
Secret Sharing/Super NTT/polyntt/$(VENV)/Lib/site-packages/pip/_internal/utils/__pycache__/glibc.cpython-39.pyc,1611,31656694ba1a27ac879011442b591a6270998440f0798919db15299664c9f640,discarded-generated-environment,,"Bundled Python virtual environment; reproducible dependency artifact, not source."
Secret Sharing/Super NTT/polyntt/$(VENV)/Lib/site-packages/pip/_internal/utils/__pycache__/hashes.cpython-39.pyc,4993,7c961bc76816647f9cf72ed7077593bdbd49b710e76e8a8b4d03f6c19897827b,discarded-generated-environment,,"Bundled Python virtual environment; reproducible dependency artifact, not source."
Secret Sharing/Super NTT/polyntt/$(VENV)/Lib/site-packages/pip/_internal/utils/__pycache__/inject_securetransport.cpython-39.pyc,962,4e73ef91e94753ab3ad7ef09de43dedefdde5e6680affc6a69088a37f72566b9,discarded-generated-environment,,"Bundled Python virtual environment; reproducible dependency artifact, not source."
Secret Sharing/Super NTT/polyntt/$(VENV)/Lib/site-packages/pip/_internal/utils/__pycache__/logging.cpython-39.pyc,9042,ad74a497ff7f00a6064f15137fa3a04e2d4d03656dcd3765761a8a59662246df,discarded-generated-environment,,"Bundled Python virtual environment; reproducible dependency artifact, not source."
Secret Sharing/Super NTT/polyntt/$(VENV)/Lib/site-packages/pip/_internal/utils/__pycache__/misc.cpython-39.pyc,21662,86f9074715269cb1c23fcde33b80a5ade410e93a54224327e28bee1c6086fb5b,discarded-generated-environment,,"Bundled Python virtual environment; reproducible dependency artifact, not source."
Secret Sharing/Super NTT/polyntt/$(VENV)/Lib/site-packages/pip/_internal/utils/__pycache__/models.cpython-39.pyc,1893,95a10b7f39e465ff725f3d3f467abb74383930e230880618f7230f4c75d8fcc5,discarded-generated-environment,,"Bundled Python virtual environment; reproducible dependency artifact, not source."
Secret Sharing/Super NTT/polyntt/$(VENV)/Lib/site-packages/pip/_internal/utils/__pycache__/packaging.cpython-39.pyc,2517,0c31944a3f70cc461b65d376fcb809a583f4fcbf369fa01fab92c2fc19ffbefc,discarded-generated-environment,,"Bundled Python virtual environment; reproducible dependency artifact, not source."
Secret Sharing/Super NTT/polyntt/$(VENV)/Lib/site-packages/pip/_internal/utils/__pycache__/parallel.cpython-39.pyc,3034,f07893078ba64737eecb0b2eade0e0ce92788fb64fd50e6aa0bc99e8302c351a,discarded-generated-environment,,"Bundled Python virtual environment; reproducible dependency artifact, not source."
Secret Sharing/Super NTT/polyntt/$(VENV)/Lib/site-packages/pip/_internal/utils/__pycache__/pkg_resources.cpython-39.pyc,1715,8187ad113e1e1fc3381e191806d3b6093d98b20adf20f50bd8784fe3e7223979,discarded-generated-environment,,"Bundled Python virtual environment; reproducible dependency artifact, not source."
Secret Sharing/Super NTT/polyntt/$(VENV)/Lib/site-packages/pip/_internal/utils/__pycache__/setuptools_build.cpython-39.pyc,2959,477922f8a453984bbac07bcdc8e3a25405a3997a0259e7a4ad1b04273cb45b4d,discarded-generated-environment,,"Bundled Python virtual environment; reproducible dependency artifact, not source."
Secret Sharing/Super NTT/polyntt/$(VENV)/Lib/site-packages/pip/_internal/utils/__pycache__/subprocess.cpython-39.pyc,5696,3e9c3f1e3fbaa009e799f501e384ea7a62e2f9e2034e94e64502bc7ae13a9746,discarded-generated-environment,,"Bundled Python virtual environment; reproducible dependency artifact, not source."
Secret Sharing/Super NTT/polyntt/$(VENV)/Lib/site-packages/pip/_internal/utils/__pycache__/temp_dir.cpython-39.pyc,6833,606edb21cefaab5f32a24355f725aa12a37bef3618ebe954e2b8679a80ca55ce,discarded-generated-environment,,"Bundled Python virtual environment; reproducible dependency artifact, not source."
Secret Sharing/Super NTT/polyntt/$(VENV)/Lib/site-packages/pip/_internal/utils/__pycache__/unpacking.cpython-39.pyc,6477,e2da4725e8e068b8e8b1275e3a3da040fbbcbd3a5e3380b93769a41248c6d585,discarded-generated-environment,,"Bundled Python virtual environment; reproducible dependency artifact, not source."
Secret Sharing/Super NTT/polyntt/$(VENV)/Lib/site-packages/pip/_internal/utils/__pycache__/urls.cpython-39.pyc,1533,d76743a89e9f8285aaf1034305179d475329264a73da1f13f2061b058d2a3715,discarded-generated-environment,,"Bundled Python virtual environment; reproducible dependency artifact, not source."
Secret Sharing/Super NTT/polyntt/$(VENV)/Lib/site-packages/pip/_internal/utils/__pycache__/virtualenv.cpython-39.pyc,3212,1242cb27bd72f5db7266f7fb39b1bf4d35788bf6d27dfa018262129490dd6699,discarded-generated-environment,,"Bundled Python virtual environment; reproducible dependency artifact, not source."
Secret Sharing/Super NTT/polyntt/$(VENV)/Lib/site-packages/pip/_internal/utils/__pycache__/wheel.cpython-39.pyc,5963,d7429130081eee64d5cc6daa1c8022ed02d3a18ecf17c1399ca91412932fc75c,discarded-generated-environment,,"Bundled Python virtual environment; reproducible dependency artifact, not source."
Secret Sharing/Super NTT/polyntt/$(VENV)/Lib/site-packages/pip/_internal/utils/__pycache__/_log.cpython-39.pyc,1514,fa92ef3df2e49db78773f3cc7de4c5bc44a9b13acc9bf14d79b0e543e153abfd,discarded-generated-environment,,"Bundled Python virtual environment; reproducible dependency artifact, not source."
Secret Sharing/Super NTT/polyntt/$(VENV)/Lib/site-packages/pip/_internal/utils/__pycache__/__init__.cpython-39.pyc,189,98b43561ced3795983d6578fdd3d0f4df59d47f27e4840fc0efddda81a814930,discarded-generated-environment,,"Bundled Python virtual environment; reproducible dependency artifact, not source."
Secret Sharing/Super NTT/polyntt/$(VENV)/Lib/site-packages/pip/_internal/vcs/bazaar.py,2962,032fef37ef3bbd8484cc1a974f7455c25e34be5939ea3de3cbf01f41b323e2ea,discarded-generated-environment,,"Bundled Python virtual environment; reproducible dependency artifact, not source."
Secret Sharing/Super NTT/polyntt/$(VENV)/Lib/site-packages/pip/_internal/vcs/git.py,17347,5434b3425921d77f74c70e8f321e9f9de240672735b3da87660ba6df03b70ce5,discarded-generated-environment,,"Bundled Python virtual environment; reproducible dependency artifact, not source."
Secret Sharing/Super NTT/polyntt/$(VENV)/Lib/site-packages/pip/_internal/vcs/mercurial.py,5076,5b0a1359941d40df457144c836f21e6f456de3a509fe52dd7f604075e6bd4e27,discarded-generated-environment,,"Bundled Python virtual environment; reproducible dependency artifact, not source."
Secret Sharing/Super NTT/polyntt/$(VENV)/Lib/site-packages/pip/_internal/vcs/subversion.py,11866,151318c7babe6fab245aebfa214eed2720bc266f0f3db94c9c7ed637fb9c5d65,discarded-generated-environment,,"Bundled Python virtual environment; reproducible dependency artifact, not source."
Secret Sharing/Super NTT/polyntt/$(VENV)/Lib/site-packages/pip/_internal/vcs/versioncontrol.py,23276,8cc2a2b701386d0e398ce28aa26071801ca99b64dcb8319659d4d498f6be3144,discarded-generated-environment,,"Bundled Python virtual environment; reproducible dependency artifact, not source."
Secret Sharing/Super NTT/polyntt/$(VENV)/Lib/site-packages/pip/_internal/vcs/__init__.py,596,500aafce96e2d156d9a3751beac904799030fa8a08651fb35ff5a909bc720a85,discarded-generated-environment,,"Bundled Python virtual environment; reproducible dependency artifact, not source."
Secret Sharing/Super NTT/polyntt/$(VENV)/Lib/site-packages/pip/_internal/vcs/__pycache__/bazaar.cpython-39.pyc,2998,98522f4961ab5f21f56253e38e6b9d8a92641c856eb46dc731f45eb4dcb002b0,discarded-generated-environment,,"Bundled Python virtual environment; reproducible dependency artifact, not source."
Secret Sharing/Super NTT/polyntt/$(VENV)/Lib/site-packages/pip/_internal/vcs/__pycache__/git.cpython-39.pyc,11713,ff83356ac597d8dc3c8cf064614ce3ddba8d3a93c59a1eb6a4e3557fb5e34396,discarded-generated-environment,,"Bundled Python virtual environment; reproducible dependency artifact, not source."
Secret Sharing/Super NTT/polyntt/$(VENV)/Lib/site-packages/pip/_internal/vcs/__pycache__/mercurial.cpython-39.pyc,4645,f7c497423eea2d4124e2f4435092c29767fe25336891e1f33a8a69504697e9d0,discarded-generated-environment,,"Bundled Python virtual environment; reproducible dependency artifact, not source."
Secret Sharing/Super NTT/polyntt/$(VENV)/Lib/site-packages/pip/_internal/vcs/__pycache__/subversion.cpython-39.pyc,7959,b113793f4cb855303f93c2623a703211d20128f61f9344219282e08bad9ab774,discarded-generated-environment,,"Bundled Python virtual environment; reproducible dependency artifact, not source."
Secret Sharing/Super NTT/polyntt/$(VENV)/Lib/site-packages/pip/_internal/vcs/__pycache__/versioncontrol.cpython-39.pyc,19482,af87a1eea550943214c0400cb021e25efd9648d406c90f73995f1b2e4e19a13e,discarded-generated-environment,,"Bundled Python virtual environment; reproducible dependency artifact, not source."
Secret Sharing/Super NTT/polyntt/$(VENV)/Lib/site-packages/pip/_internal/vcs/__pycache__/__init__.cpython-39.pyc,512,40b529fc1e3aa81e1d395e692e28fdd391fb3888a2f29f74d80efa067dfc612f,discarded-generated-environment,,"Bundled Python virtual environment; reproducible dependency artifact, not source."
Secret Sharing/Super NTT/polyntt/$(VENV)/Lib/site-packages/pip/_internal/wheel_builder.py,11740,856eb7666001afae6b3a24910475eed63054744670e4b662c342da4016f3d252,discarded-generated-environment,,"Bundled Python virtual environment; reproducible dependency artifact, not source."
Secret Sharing/Super NTT/polyntt/$(VENV)/Lib/site-packages/pip/_internal/__init__.py,573,9e7142bb1acf32000bac80f14a8cbe1fa663e16e1463ad03fae2f5689caad297,discarded-generated-environment,,"Bundled Python virtual environment; reproducible dependency artifact, not source."
Secret Sharing/Super NTT/polyntt/$(VENV)/Lib/site-packages/pip/_internal/__pycache__/build_env.cpython-39.pyc,9089,fe533b59a833321a60826524ecea860c7e4b7aa2ba2706b0599401b6c050937d,discarded-generated-environment,,"Bundled Python virtual environment; reproducible dependency artifact, not source."
Secret Sharing/Super NTT/polyntt/$(VENV)/Lib/site-packages/pip/_internal/__pycache__/cache.cpython-39.pyc,7840,221753b4950eb532de5ec1547382c302415e0cb2501bb90f24862efcd1260788,discarded-generated-environment,,"Bundled Python virtual environment; reproducible dependency artifact, not source."
Secret Sharing/Super NTT/polyntt/$(VENV)/Lib/site-packages/pip/_internal/__pycache__/configuration.cpython-39.pyc,10692,1fc45a55cf2718e5ad22e6c47ac1352fc0a2455a92c87a0ed110ebba6c51c45d,discarded-generated-environment,,"Bundled Python virtual environment; reproducible dependency artifact, not source."
Secret Sharing/Super NTT/polyntt/$(VENV)/Lib/site-packages/pip/_internal/__pycache__/exceptions.cpython-39.pyc,15641,fee98816829adbffb3dd634c1c3e6d2d0f803c5c905d20eabeaf8eb1e503e2bc,discarded-generated-environment,,"Bundled Python virtual environment; reproducible dependency artifact, not source."
Secret Sharing/Super NTT/polyntt/$(VENV)/Lib/site-packages/pip/_internal/__pycache__/main.cpython-39.pyc,574,4a39f7e82b47bf1d98b147fbc73f29e4524e3e047afa76e55d81f2b563054c33,discarded-generated-environment,,"Bundled Python virtual environment; reproducible dependency artifact, not source."
Secret Sharing/Super NTT/polyntt/$(VENV)/Lib/site-packages/pip/_internal/__pycache__/pyproject.cpython-39.pyc,3453,a3577004e6a6de1f8670238501c5ec6dd1daf92272a8f2077b51002879ff5b2e,discarded-generated-environment,,"Bundled Python virtual environment; reproducible dependency artifact, not source."
Secret Sharing/Super NTT/polyntt/$(VENV)/Lib/site-packages/pip/_internal/__pycache__/self_outdated_check.cpython-39.pyc,4337,37db517be91ba7462527f9c0ec9931e26ffc199085a58d9676baef7f63814d1b,discarded-generated-environment,,"Bundled Python virtual environment; reproducible dependency artifact, not source."
Secret Sharing/Super NTT/polyntt/$(VENV)/Lib/site-packages/pip/_internal/__pycache__/wheel_builder.cpython-39.pyc,8275,d9466a08b79f013f0ae6fac001e33a259b88274bc62a09d091be4b3354f36ff3,discarded-generated-environment,,"Bundled Python virtual environment; reproducible dependency artifact, not source."
Secret Sharing/Super NTT/polyntt/$(VENV)/Lib/site-packages/pip/_internal/__pycache__/__init__.cpython-39.pyc,750,f7894a81076361d4c400adc192b7923e62bfc2fa4be117e002d405b862ce9d48,discarded-generated-environment,,"Bundled Python virtual environment; reproducible dependency artifact, not source."
Secret Sharing/Super NTT/polyntt/$(VENV)/Lib/site-packages/pip/_vendor/appdirs.py,25907,33a218449b5d6609923c25c248c051074553dcff0c7456d60836d22eb07611b8,discarded-generated-environment,,"Bundled Python virtual environment; reproducible dependency artifact, not source."
Secret Sharing/Super NTT/polyntt/$(VENV)/Lib/site-packages/pip/_vendor/cachecontrol/adapter.py,4882,b12c1a49877ddc821f085538b4e3204a8e9bd8b0adfe0052690523f24b4914e0,discarded-generated-environment,,"Bundled Python virtual environment; reproducible dependency artifact, not source."
Secret Sharing/Super NTT/polyntt/$(VENV)/Lib/site-packages/pip/_vendor/cachecontrol/cache.py,805,d5f738c093fc1d8b75c9c9c95de130e690a97812f60aac71ea0f456f40180d64,discarded-generated-environment,,"Bundled Python virtual environment; reproducible dependency artifact, not source."
Secret Sharing/Super NTT/polyntt/$(VENV)/Lib/site-packages/pip/_vendor/cachecontrol/caches/file_cache.py,4153,9d854ab09b5787a8095ef767d625b2ae1c6f930a50acaf9e2a8311cee8b090a9,discarded-generated-environment,,"Bundled Python virtual environment; reproducible dependency artifact, not source."
Secret Sharing/Super NTT/polyntt/$(VENV)/Lib/site-packages/pip/_vendor/cachecontrol/caches/redis_cache.py,856,1f17a5329342a3e758af67e2243c0cde1861466c5462d079b579b51a90004f86,discarded-generated-environment,,"Bundled Python virtual environment; reproducible dependency artifact, not source."
Secret Sharing/Super NTT/polyntt/$(VENV)/Lib/site-packages/pip/_vendor/cachecontrol/caches/__init__.py,86,fa01cd298bda783d243a4e4cef878eaec4a020a52d0ba8ba19f6e6ba01b0784a,discarded-generated-environment,,"Bundled Python virtual environment; reproducible dependency artifact, not source."
Secret Sharing/Super NTT/polyntt/$(VENV)/Lib/site-packages/pip/_vendor/cachecontrol/caches/__pycache__/file_cache.cpython-39.pyc,3307,12ddb40ee9800c9bb17d9be36f58ba1ef130405935b48a4b830020722fe136a7,discarded-generated-environment,,"Bundled Python virtual environment; reproducible dependency artifact, not source."
Secret Sharing/Super NTT/polyntt/$(VENV)/Lib/site-packages/pip/_vendor/cachecontrol/caches/__pycache__/redis_cache.cpython-39.pyc,1563,cc610505acc6b13ce9cb1cb153308a177202f60ad0765fd6c4cbdf07878f0b62,discarded-generated-environment,,"Bundled Python virtual environment; reproducible dependency artifact, not source."
Secret Sharing/Super NTT/polyntt/$(VENV)/Lib/site-packages/pip/_vendor/cachecontrol/caches/__pycache__/__init__.cpython-39.pyc,291,08da89a500c83c5e7df55b42dc8f92fe6c0997f5ead76c0ea4176229ab2ee931,discarded-generated-environment,,"Bundled Python virtual environment; reproducible dependency artifact, not source."
Secret Sharing/Super NTT/polyntt/$(VENV)/Lib/site-packages/pip/_vendor/cachecontrol/compat.py,695,90736f31176deacfd7c2aabff6a266afda2edf060c38c50cc4f3dcc0dc53f0c7,discarded-generated-environment,,"Bundled Python virtual environment; reproducible dependency artifact, not source."
Secret Sharing/Super NTT/polyntt/$(VENV)/Lib/site-packages/pip/_vendor/cachecontrol/controller.py,14149,096117de979d20cf6ceb4b2e7f8cd93ed9bf26f5609efa203062bf3a2046e45f,discarded-generated-environment,,"Bundled Python virtual environment; reproducible dependency artifact, not source."
Secret Sharing/Super NTT/polyntt/$(VENV)/Lib/site-packages/pip/_vendor/cachecontrol/filewrapper.py,2533,bc008a3bc2e5ceefd95b28d5d45c67d4c0384c653ad0de4ddc64ab0057406364,discarded-generated-environment,,"Bundled Python virtual environment; reproducible dependency artifact, not source."
Secret Sharing/Super NTT/polyntt/$(VENV)/Lib/site-packages/pip/_vendor/cachecontrol/heuristics.py,4070,045187277c90731bd98b37e8f742cb674e13fd9e574825ef168b6ba7b52cd2c7,discarded-generated-environment,,"Bundled Python virtual environment; reproducible dependency artifact, not source."
Secret Sharing/Super NTT/polyntt/$(VENV)/Lib/site-packages/pip/_vendor/cachecontrol/serialize.py,7091,bc86b88efab8c7f29238b74421e7689275f669760742e8cb0c5578f85db50e7a,discarded-generated-environment,,"Bundled Python virtual environment; reproducible dependency artifact, not source."
Secret Sharing/Super NTT/polyntt/$(VENV)/Lib/site-packages/pip/_vendor/cachecontrol/wrapper.py,690,e4b5f4b89c2435052d612130dda1a61aef5663cc068a977cd6627c946d1dd0ce,discarded-generated-environment,,"Bundled Python virtual environment; reproducible dependency artifact, not source."
Secret Sharing/Super NTT/polyntt/$(VENV)/Lib/site-packages/pip/_vendor/cachecontrol/_cmd.py,1295,511184d0aac0f3b41e9021b74863dab6548f4f9ef57594c38cd6be6575f7a437,discarded-generated-environment,,"Bundled Python virtual environment; reproducible dependency artifact, not source."
Secret Sharing/Super NTT/polyntt/$(VENV)/Lib/site-packages/pip/_vendor/cachecontrol/__init__.py,302,a49b40694c4eb0c3e7cad2350378ee009917603afc92b7529ec838620dce0448,discarded-generated-environment,,"Bundled Python virtual environment; reproducible dependency artifact, not source."
Secret Sharing/Super NTT/polyntt/$(VENV)/Lib/site-packages/pip/_vendor/cachecontrol/__pycache__/adapter.cpython-39.pyc,3073,bf236026f6729f92d93f612ed270c1a5db9df4af7ab22ca4036bf41a12149a2a,discarded-generated-environment,,"Bundled Python virtual environment; reproducible dependency artifact, not source."
Secret Sharing/Super NTT/polyntt/$(VENV)/Lib/site-packages/pip/_vendor/cachecontrol/__pycache__/cache.cpython-39.pyc,1820,4d557e063c6d1a729cb4ba1cc7b4ae25f83002d04862a694a0b78ea4f0c6cade,discarded-generated-environment,,"Bundled Python virtual environment; reproducible dependency artifact, not source."
Secret Sharing/Super NTT/polyntt/$(VENV)/Lib/site-packages/pip/_vendor/cachecontrol/__pycache__/compat.cpython-39.pyc,744,565b2b6f066d5abff76c673344e16a73c6287334d619ab79162db5fe7f0f222e,discarded-generated-environment,,"Bundled Python virtual environment; reproducible dependency artifact, not source."
Secret Sharing/Super NTT/polyntt/$(VENV)/Lib/site-packages/pip/_vendor/cachecontrol/__pycache__/controller.cpython-39.pyc,7761,d44ebafb18e653d4be631949503a143c2a503a6068be56b7edf7ff57b0408d06,discarded-generated-environment,,"Bundled Python virtual environment; reproducible dependency artifact, not source."
Secret Sharing/Super NTT/polyntt/$(VENV)/Lib/site-packages/pip/_vendor/cachecontrol/__pycache__/filewrapper.cpython-39.pyc,2169,8f22d0d2a86e803839d76cea3e2a7b7216ca5d84edae8a5cf262b5ce46ee1c76,discarded-generated-environment,,"Bundled Python virtual environment; reproducible dependency artifact, not source."
Secret Sharing/Super NTT/polyntt/$(VENV)/Lib/site-packages/pip/_vendor/cachecontrol/__pycache__/heuristics.cpython-39.pyc,4701,cf01971d866b1da394ca5edbc2f52d00fa38ffdbd49fa2a61469673b3cf0f209,discarded-generated-environment,,"Bundled Python virtual environment; reproducible dependency artifact, not source."
Secret Sharing/Super NTT/polyntt/$(VENV)/Lib/site-packages/pip/_vendor/cachecontrol/__pycache__/serialize.cpython-39.pyc,4220,e033a1cbfd611d535d39095d54f80968462b806a0020ea862a26e4fad5973692,discarded-generated-environment,,"Bundled Python virtual environment; reproducible dependency artifact, not source."
Secret Sharing/Super NTT/polyntt/$(VENV)/Lib/site-packages/pip/_vendor/cachecontrol/__pycache__/wrapper.cpython-39.pyc,671,b334c95da4a557c0c4bbb03f5dc6223a82df2f0395d5bb682df88ee087dfa912,discarded-generated-environment,,"Bundled Python virtual environment; reproducible dependency artifact, not source."
Secret Sharing/Super NTT/polyntt/$(VENV)/Lib/site-packages/pip/_vendor/cachecontrol/__pycache__/_cmd.cpython-39.pyc,1568,fcbddfbcd11c0e22c546cd30bb205f319a4bce9fd60b5d517ef8a016db17d467,discarded-generated-environment,,"Bundled Python virtual environment; reproducible dependency artifact, not source."
Secret Sharing/Super NTT/polyntt/$(VENV)/Lib/site-packages/pip/_vendor/cachecontrol/__pycache__/__init__.cpython-39.pyc,547,de81010f4604dff5c7c979a84af4af3bd3c0de248be365a4a81ccb7a686ec360,discarded-generated-environment,,"Bundled Python virtual environment; reproducible dependency artifact, not source."
Secret Sharing/Super NTT/polyntt/$(VENV)/Lib/site-packages/pip/_vendor/certifi/cacert.pem,259465,de2fa17c4d8ae68dc204a1b6b58b7a7a12569367cfeb8a3a4e1f377c73e83e9e,discarded-generated-environment,,"Bundled Python virtual environment; reproducible dependency artifact, not source."
Secret Sharing/Super NTT/polyntt/$(VENV)/Lib/site-packages/pip/_vendor/certifi/core.py,2840,80e15dd331d8971e24aeb2c49fdf367ac3ad9b3ddd8e21b40454838608e5bdc2,discarded-generated-environment,,"Bundled Python virtual environment; reproducible dependency artifact, not source."
Secret Sharing/Super NTT/polyntt/$(VENV)/Lib/site-packages/pip/_vendor/certifi/__init__.py,62,f9befcb5789b6e5d2ab600b3bfdb5cf6fea8cf070d5fdd79953f537f86bd95db,discarded-generated-environment,,"Bundled Python virtual environment; reproducible dependency artifact, not source."
Secret Sharing/Super NTT/polyntt/$(VENV)/Lib/site-packages/pip/_vendor/certifi/__main__.py,255,d64dc2afde6f0b1c464460e58eb5b7c0c76965d2f73617f4bb59fe936a9db026,discarded-generated-environment,,"Bundled Python virtual environment; reproducible dependency artifact, not source."
Secret Sharing/Super NTT/polyntt/$(VENV)/Lib/site-packages/pip/_vendor/certifi/__pycache__/core.cpython-39.pyc,1541,8d3d1e75a9f965ad4dfe698caf9ba6f5123363da656f37fb70447986d9f41ee9,discarded-generated-environment,,"Bundled Python virtual environment; reproducible dependency artifact, not source."
Secret Sharing/Super NTT/polyntt/$(VENV)/Lib/site-packages/pip/_vendor/certifi/__pycache__/__init__.cpython-39.pyc,273,d1f5ddf7b60105eeab11e3092d24adf97eafedbd207cde57f75456ce81dc98e4,discarded-generated-environment,,"Bundled Python virtual environment; reproducible dependency artifact, not source."
Secret Sharing/Super NTT/polyntt/$(VENV)/Lib/site-packages/pip/_vendor/certifi/__pycache__/__main__.cpython-39.pyc,450,2b5d1c93f15a26d38765be8a91f0a67596defaf6c86b138118ad4994bd338179,discarded-generated-environment,,"Bundled Python virtual environment; reproducible dependency artifact, not source."
Secret Sharing/Super NTT/polyntt/$(VENV)/Lib/site-packages/pip/_vendor/chardet/big5freq.py,31254,0ffccae46cb3a15b117acd0790b2738a5b45417d1b2822ceac57bdff10ef3bff,discarded-generated-environment,,"Bundled Python virtual environment; reproducible dependency artifact, not source."
Secret Sharing/Super NTT/polyntt/$(VENV)/Lib/site-packages/pip/_vendor/chardet/big5prober.py,1757,901c476dd7ad0693deef1ae56fe7bdf748a8b7ae20fde1922dddf6941eff8773,discarded-generated-environment,,"Bundled Python virtual environment; reproducible dependency artifact, not source."
Secret Sharing/Super NTT/polyntt/$(VENV)/Lib/site-packages/pip/_vendor/chardet/chardistribution.py,9411,df0a164bad8aac6a282b2ab3e334129e315b2696ba57b834d9d68089b4f0725f,discarded-generated-environment,,"Bundled Python virtual environment; reproducible dependency artifact, not source."
Secret Sharing/Super NTT/polyntt/$(VENV)/Lib/site-packages/pip/_vendor/chardet/charsetgroupprober.py,3839,1992d17873fa151467e3786f48ea060b161a984acacf2a7a460390c55782de48,discarded-generated-environment,,"Bundled Python virtual environment; reproducible dependency artifact, not source."
Secret Sharing/Super NTT/polyntt/$(VENV)/Lib/site-packages/pip/_vendor/chardet/charsetprober.py,5110,2929b0244ae3ca9ca3d1b459982e45e5e33b73c61080b6088d95e29ed64db2d8,discarded-generated-environment,,"Bundled Python virtual environment; reproducible dependency artifact, not source."
Secret Sharing/Super NTT/polyntt/$(VENV)/Lib/site-packages/pip/_vendor/chardet/cli/chardetect.py,2747,5cae73aa3506d9ae3ecba78b1d9f13858729e96594add96610bc4dca971cd921,discarded-generated-environment,,"Bundled Python virtual environment; reproducible dependency artifact, not source."
Secret Sharing/Super NTT/polyntt/$(VENV)/Lib/site-packages/pip/_vendor/chardet/cli/__init__.py,1,01ba4719c80b6fe911b091a7c05124b64eeece964e09c058ef8f9805daca546b,discarded-generated-environment,,"Bundled Python virtual environment; reproducible dependency artifact, not source."
Secret Sharing/Super NTT/polyntt/$(VENV)/Lib/site-packages/pip/_vendor/chardet/cli/__pycache__/chardetect.cpython-39.pyc,2687,0ce6a2e63b76b4a2f937f8e839ec36ea5d8c6b97e9728d448b486a6139e4ffac,discarded-generated-environment,,"Bundled Python virtual environment; reproducible dependency artifact, not source."
Secret Sharing/Super NTT/polyntt/$(VENV)/Lib/site-packages/pip/_vendor/chardet/cli/__pycache__/__init__.cpython-39.pyc,193,06c7b3b3520a2da050452322a5cbd46c120bea11a4daa269f99feda1c4784146,discarded-generated-environment,,"Bundled Python virtual environment; reproducible dependency artifact, not source."
Secret Sharing/Super NTT/polyntt/$(VENV)/Lib/site-packages/pip/_vendor/chardet/codingstatemachine.py,3590,558a7fe9ccb2922e6c1e05c34999d75b8ab5a1e94773772ef40c904d7eeeba0f,discarded-generated-environment,,"Bundled Python virtual environment; reproducible dependency artifact, not source."
Secret Sharing/Super NTT/polyntt/$(VENV)/Lib/site-packages/pip/_vendor/chardet/compat.py,1200,e34cebeb0202670927c72b8b18670838fcaf7bc0d379b0426dbbedb6f9e6a794,discarded-generated-environment,,"Bundled Python virtual environment; reproducible dependency artifact, not source."
Secret Sharing/Super NTT/polyntt/$(VENV)/Lib/site-packages/pip/_vendor/chardet/cp949prober.py,1855,4d9e37e105fccf306c9d4bcbffcc26e004154d9d9992a10440bfe5370f5ff68c,discarded-generated-environment,,"Bundled Python virtual environment; reproducible dependency artifact, not source."
Secret Sharing/Super NTT/polyntt/$(VENV)/Lib/site-packages/pip/_vendor/chardet/enums.py,1661,0229b075bf5ab357492996853541f63a158854155de9990927f58ae6c358f1c5,discarded-generated-environment,,"Bundled Python virtual environment; reproducible dependency artifact, not source."
Secret Sharing/Super NTT/polyntt/$(VENV)/Lib/site-packages/pip/_vendor/chardet/escprober.py,3950,924caa560d58c370c8380309d9b765c9081415086e1c05bc7541ac913a0d5927,discarded-generated-environment,,"Bundled Python virtual environment; reproducible dependency artifact, not source."
Secret Sharing/Super NTT/polyntt/$(VENV)/Lib/site-packages/pip/_vendor/chardet/escsm.py,10510,46e5e580dbd32036ab9ddbe594d0a4e56641229742c50d2471df4402ec5487ce,discarded-generated-environment,,"Bundled Python virtual environment; reproducible dependency artifact, not source."
Secret Sharing/Super NTT/polyntt/$(VENV)/Lib/site-packages/pip/_vendor/chardet/eucjpprober.py,3749,883f09769d084918e08e254dedfd1ef3119e409e46336a1e675740f276d2794c,discarded-generated-environment,,"Bundled Python virtual environment; reproducible dependency artifact, not source."
Secret Sharing/Super NTT/polyntt/$(VENV)/Lib/site-packages/pip/_vendor/chardet/euckrfreq.py,13546,fbb19d9af8167b3e3e78ee12b97a5aeed0620e2e6f45743c5af74503355a49fa,discarded-generated-environment,,"Bundled Python virtual environment; reproducible dependency artifact, not source."
Secret Sharing/Super NTT/polyntt/$(VENV)/Lib/site-packages/pip/_vendor/chardet/euckrprober.py,1748,32a14c4d05f15b81dbcc8a59f652831c1dc637c48fe328877a74e67fc83f3f16,discarded-generated-environment,,"Bundled Python virtual environment; reproducible dependency artifact, not source."
Secret Sharing/Super NTT/polyntt/$(VENV)/Lib/site-packages/pip/_vendor/chardet/euctwfreq.py,31621,368d56c9db853a00795484d403b3cbc82e6825137347231b07168a235975e8c0,discarded-generated-environment,,"Bundled Python virtual environment; reproducible dependency artifact, not source."
Secret Sharing/Super NTT/polyntt/$(VENV)/Lib/site-packages/pip/_vendor/chardet/euctwprober.py,1747,d77a7a10fe3245ac6a9cfe221edc47389e91db3c47ab5fe6f214d18f3559f797,discarded-generated-environment,,"Bundled Python virtual environment; reproducible dependency artifact, not source."
Secret Sharing/Super NTT/polyntt/$(VENV)/Lib/site-packages/pip/_vendor/chardet/gb2312freq.py,20715,257f25b3078a2e69c2c2693c507110b0b824affacffe411bbe2bc2e2a3ceae57,discarded-generated-environment,,"Bundled Python virtual environment; reproducible dependency artifact, not source."
Secret Sharing/Super NTT/polyntt/$(VENV)/Lib/site-packages/pip/_vendor/chardet/gb2312prober.py,1754,806bc85a2f568438c4fb14171ef348cab9cbbc46cc01883251267ae4751fca5c,discarded-generated-environment,,"Bundled Python virtual environment; reproducible dependency artifact, not source."
Secret Sharing/Super NTT/polyntt/$(VENV)/Lib/site-packages/pip/_vendor/chardet/hebrewprober.py,13838,737499f8aee1bf2cc663a251019c4983027fb144bd93459892f318d34601605a,discarded-generated-environment,,"Bundled Python virtual environment; reproducible dependency artifact, not source."
Secret Sharing/Super NTT/polyntt/$(VENV)/Lib/site-packages/pip/_vendor/chardet/jisfreq.py,25777,be9989bf606ed09f209cc5513c730579f4d1be8fe16b59abc8b8a0f0207080e8,discarded-generated-environment,,"Bundled Python virtual environment; reproducible dependency artifact, not source."
Secret Sharing/Super NTT/polyntt/$(VENV)/Lib/site-packages/pip/_vendor/chardet/jpcntx.py,19643,3d894da915104fc2ccddc4f91661c63f48a2b1c1654d6103f763002ef06e9e0a,discarded-generated-environment,,"Bundled Python virtual environment; reproducible dependency artifact, not source."
Secret Sharing/Super NTT/polyntt/$(VENV)/Lib/site-packages/pip/_vendor/chardet/langbulgarianmodel.py,105697,ae4f42269bb13b46ce6dba0972fea03605aea2c61999df2a10476ce72ec34bf6,discarded-generated-environment,,"Bundled Python virtual environment; reproducible dependency artifact, not source."
Secret Sharing/Super NTT/polyntt/$(VENV)/Lib/site-packages/pip/_vendor/chardet/langgreekmodel.py,99571,4beb8d4358a10bbe72841bd2bb1db880b159bf743272d3300ba3b12c9757f9bc,discarded-generated-environment,,"Bundled Python virtual environment; reproducible dependency artifact, not source."
Secret Sharing/Super NTT/polyntt/$(VENV)/Lib/site-packages/pip/_vendor/chardet/langhebrewmodel.py,98776,0f33cfe933c61bff8f57bb6ab29bbf77c76eb9eaa6eee37ee5e434687530d468,discarded-generated-environment,,"Bundled Python virtual environment; reproducible dependency artifact, not source."
Secret Sharing/Super NTT/polyntt/$(VENV)/Lib/site-packages/pip/_vendor/chardet/langhungarianmodel.py,102498,46d247ec365db26687ab22b8e8a9269e4e70407889c093cf252aaa225a5e6517,discarded-generated-environment,,"Bundled Python virtual environment; reproducible dependency artifact, not source."
Secret Sharing/Super NTT/polyntt/$(VENV)/Lib/site-packages/pip/_vendor/chardet/langrussianmodel.py,131180,4c7a893a14b189341c1dba03352739ca87dcda4a175d01471728edcae9ed51f3,discarded-generated-environment,,"Bundled Python virtual environment; reproducible dependency artifact, not source."
Secret Sharing/Super NTT/polyntt/$(VENV)/Lib/site-packages/pip/_vendor/chardet/langthaimodel.py,103312,475c171e750cb5e8e9c342671ff24ef177586ac304eb08d5aa9d733fb4ca2e08,discarded-generated-environment,,"Bundled Python virtual environment; reproducible dependency artifact, not source."
Secret Sharing/Super NTT/polyntt/$(VENV)/Lib/site-packages/pip/_vendor/chardet/langturkishmodel.py,95946,adfc1a9d3a6d4f04b2704e3e3fe41ab0f9b377e5d56207afcadce3944cc106ef,discarded-generated-environment,,"Bundled Python virtual environment; reproducible dependency artifact, not source."
Secret Sharing/Super NTT/polyntt/$(VENV)/Lib/site-packages/pip/_vendor/chardet/latin1prober.py,5370,4b6228391845937f451053a54855ad815c9b4623fa87b0652e574755c94d914f,discarded-generated-environment,,"Bundled Python virtual environment; reproducible dependency artifact, not source."
Secret Sharing/Super NTT/polyntt/$(VENV)/Lib/site-packages/pip/_vendor/chardet/mbcharsetprober.py,3413,011f797851fdbeea927ef2d064df8be628de6b6e4d3810a85eac3cb393bdc4b4,discarded-generated-environment,,"Bundled Python virtual environment; reproducible dependency artifact, not source."
Secret Sharing/Super NTT/polyntt/$(VENV)/Lib/site-packages/pip/_vendor/chardet/mbcsgroupprober.py,2012,87a4d19e762ad8ec46d56743e493b2c5c755a67edd1b4abebc1f275abe666e1e,discarded-generated-environment,,"Bundled Python virtual environment; reproducible dependency artifact, not source."
Secret Sharing/Super NTT/polyntt/$(VENV)/Lib/site-packages/pip/_vendor/chardet/mbcssm.py,25481,498df6c15205dc7cdc8d8dc1684b29cbd99eb5b3522b120807444a3e7eed8e92,discarded-generated-environment,,"Bundled Python virtual environment; reproducible dependency artifact, not source."
Secret Sharing/Super NTT/polyntt/$(VENV)/Lib/site-packages/pip/_vendor/chardet/metadata/languages.py,19474,e35b4bab778b4ab0446c455542954616af4aee8d659fd6f51e9635974842510a,discarded-generated-environment,,"Bundled Python virtual environment; reproducible dependency artifact, not source."
Secret Sharing/Super NTT/polyntt/$(VENV)/Lib/site-packages/pip/_vendor/chardet/metadata/__init__.py,0,e3b0c44298fc1c149afbf4c8996fb92427ae41e4649b934ca495991b7852b855,discarded-generated-environment,,"Bundled Python virtual environment; reproducible dependency artifact, not source."
Secret Sharing/Super NTT/polyntt/$(VENV)/Lib/site-packages/pip/_vendor/chardet/metadata/__pycache__/languages.cpython-39.pyc,7929,189f5db3922ca4d2fb1f29eb64ac3f29b9c8ecbaeebcd0227d9a17ca032d44d5,discarded-generated-environment,,"Bundled Python virtual environment; reproducible dependency artifact, not source."
Secret Sharing/Super NTT/polyntt/$(VENV)/Lib/site-packages/pip/_vendor/chardet/metadata/__pycache__/__init__.cpython-39.pyc,198,68015e9018e468fe6962dfdb0b1fa4ddb38e20ebeffa055e8fff51367a59c153,discarded-generated-environment,,"Bundled Python virtual environment; reproducible dependency artifact, not source."
Secret Sharing/Super NTT/polyntt/$(VENV)/Lib/site-packages/pip/_vendor/chardet/sbcharsetprober.py,6136,9e6c8ccaec731bcec337a2b7464d8c53324b30b47af4cad6a5d9c7ccec155304,discarded-generated-environment,,"Bundled Python virtual environment; reproducible dependency artifact, not source."
Secret Sharing/Super NTT/polyntt/$(VENV)/Lib/site-packages/pip/_vendor/chardet/sbcsgroupprober.py,4309,86a79f42e5e6885c83040ace8ee8c7ea177a5855e5383d64582b310e18f1e557,discarded-generated-environment,,"Bundled Python virtual environment; reproducible dependency artifact, not source."
Secret Sharing/Super NTT/polyntt/$(VENV)/Lib/site-packages/pip/_vendor/chardet/sjisprober.py,3774,208b7e9598f4589a8ae2b9946732993f8189944f0a504b45615b98f7a7a4e4c4,discarded-generated-environment,,"Bundled Python virtual environment; reproducible dependency artifact, not source."
Secret Sharing/Super NTT/polyntt/$(VENV)/Lib/site-packages/pip/_vendor/chardet/universaldetector.py,12503,0e96535c25f49d41d7c6443db2be06671181fe1bde67a856b77b8cf7872058ab,discarded-generated-environment,,"Bundled Python virtual environment; reproducible dependency artifact, not source."
Secret Sharing/Super NTT/polyntt/$(VENV)/Lib/site-packages/pip/_vendor/chardet/utf8prober.py,2766,21d0fcbf7cd63ac07c38b8b23e2fb2fdfab08a9445c55f4d73578a04b4ae204c,discarded-generated-environment,,"Bundled Python virtual environment; reproducible dependency artifact, not source."
Secret Sharing/Super NTT/polyntt/$(VENV)/Lib/site-packages/pip/_vendor/chardet/version.py,242,0380882c501df0c4551b51e85cfa78e622bd44b956c95ef76b512dc04f13be7f,discarded-generated-environment,,"Bundled Python virtual environment; reproducible dependency artifact, not source."
Secret Sharing/Super NTT/polyntt/$(VENV)/Lib/site-packages/pip/_vendor/chardet/__init__.py,3271,99665a5a6bd9921c1f044013f4ed58ea74537cace14fb1478504d302e8dba940,discarded-generated-environment,,"Bundled Python virtual environment; reproducible dependency artifact, not source."
Secret Sharing/Super NTT/polyntt/$(VENV)/Lib/site-packages/pip/_vendor/chardet/__pycache__/big5freq.cpython-39.pyc,27176,cb4b909623440ff29a8dbbe30b97926d56eabb78c4a7f5b896de7e22e04b7e04,discarded-generated-environment,,"Bundled Python virtual environment; reproducible dependency artifact, not source."
Secret Sharing/Super NTT/polyntt/$(VENV)/Lib/site-packages/pip/_vendor/chardet/__pycache__/big5prober.cpython-39.pyc,1131,6475d8141b85793fb2252fea4f262e6b0128d02b2bde62891c44aa6a66129df4,discarded-generated-environment,,"Bundled Python virtual environment; reproducible dependency artifact, not source."
Secret Sharing/Super NTT/polyntt/$(VENV)/Lib/site-packages/pip/_vendor/chardet/__pycache__/chardistribution.cpython-39.pyc,6217,4b5769679f214de1399c809ce8f0882f5f4cc38007efad6d9624a577ec270e8d,discarded-generated-environment,,"Bundled Python virtual environment; reproducible dependency artifact, not source."
Secret Sharing/Super NTT/polyntt/$(VENV)/Lib/site-packages/pip/_vendor/chardet/__pycache__/charsetgroupprober.cpython-39.pyc,2258,0a89955e71ef3ba6d5a259445bea7bc5ee458ef56ea0e5e020b899e16390f654,discarded-generated-environment,,"Bundled Python virtual environment; reproducible dependency artifact, not source."
Secret Sharing/Super NTT/polyntt/$(VENV)/Lib/site-packages/pip/_vendor/chardet/__pycache__/charsetprober.cpython-39.pyc,3480,f1e4c889a1769f55c2ac850b259868a7673377771d8c47b9337b3ef24b3d4ef7,discarded-generated-environment,,"Bundled Python virtual environment; reproducible dependency artifact, not source."
Secret Sharing/Super NTT/polyntt/$(VENV)/Lib/site-packages/pip/_vendor/chardet/__pycache__/codingstatemachine.cpython-39.pyc,2907,85b174d62ac1aab51ab364a5ec3f2d18dfaf6351114c37b82c210ea4383cabdf,discarded-generated-environment,,"Bundled Python virtual environment; reproducible dependency artifact, not source."
Secret Sharing/Super NTT/polyntt/$(VENV)/Lib/site-packages/pip/_vendor/chardet/__pycache__/compat.cpython-39.pyc,396,aba83c80a63e9f477218e920a8e18434ea38acd401088391daf6f65145fc0ec1,discarded-generated-environment,,"Bundled Python virtual environment; reproducible dependency artifact, not source."
Secret Sharing/Super NTT/polyntt/$(VENV)/Lib/site-packages/pip/_vendor/chardet/__pycache__/cp949prober.cpython-39.pyc,1138,9a47bc254ae585a2fc39b4f9adca2ad9197f7c94a50f9e10345808259d0b270c,discarded-generated-environment,,"Bundled Python virtual environment; reproducible dependency artifact, not source."
Secret Sharing/Super NTT/polyntt/$(VENV)/Lib/site-packages/pip/_vendor/chardet/__pycache__/enums.cpython-39.pyc,2645,5cba72e036c5327aa60111dbfebedb39682747b7982ad5ffe631681acdc9aa3b,discarded-generated-environment,,"Bundled Python virtual environment; reproducible dependency artifact, not source."
Secret Sharing/Super NTT/polyntt/$(VENV)/Lib/site-packages/pip/_vendor/chardet/__pycache__/escprober.cpython-39.pyc,2630,5dfe940982a997e622d3408a16106093334671ec40acc9b190109ea119b491c7,discarded-generated-environment,,"Bundled Python virtual environment; reproducible dependency artifact, not source."
Secret Sharing/Super NTT/polyntt/$(VENV)/Lib/site-packages/pip/_vendor/chardet/__pycache__/escsm.cpython-39.pyc,7079,47f167e36976130f0513a30584837aa1444fdef6f2c823eb5509e986ae92b5d3,discarded-generated-environment,,"Bundled Python virtual environment; reproducible dependency artifact, not source."
Secret Sharing/Super NTT/polyntt/$(VENV)/Lib/site-packages/pip/_vendor/chardet/__pycache__/eucjpprober.cpython-39.pyc,2444,d2f1dfe3ccb57ec782011c98cb3aa40c004f321781c70d2d006a206360eaff6f,discarded-generated-environment,,"Bundled Python virtual environment; reproducible dependency artifact, not source."
Secret Sharing/Super NTT/polyntt/$(VENV)/Lib/site-packages/pip/_vendor/chardet/__pycache__/euckrfreq.cpython-39.pyc,12060,c3021d3d9e2636358fe96bb0c8dd7aeeba112f055120f7962107379da6ab341f,discarded-generated-environment,,"Bundled Python virtual environment; reproducible dependency artifact, not source."
Secret Sharing/Super NTT/polyntt/$(VENV)/Lib/site-packages/pip/_vendor/chardet/__pycache__/euckrprober.cpython-39.pyc,1139,eb94a591013a12f29a0ae3c469030945b4232837f1aa6d8152740a0b0762ee9c,discarded-generated-environment,,"Bundled Python virtual environment; reproducible dependency artifact, not source."
Secret Sharing/Super NTT/polyntt/$(VENV)/Lib/site-packages/pip/_vendor/chardet/__pycache__/euctwfreq.cpython-39.pyc,27180,94326598dc24355a7315c477818bcfb8f5b7afaf0fc8d0e522a17c1d6b388ad8,discarded-generated-environment,,"Bundled Python virtual environment; reproducible dependency artifact, not source."
Secret Sharing/Super NTT/polyntt/$(VENV)/Lib/site-packages/pip/_vendor/chardet/__pycache__/euctwprober.cpython-39.pyc,1139,1fa68ad1554bf17a1d7bad35c6f407f3d5420a75c4635bb35a5b1d10d2c23e48,discarded-generated-environment,,"Bundled Python virtual environment; reproducible dependency artifact, not source."
Secret Sharing/Super NTT/polyntt/$(VENV)/Lib/site-packages/pip/_vendor/chardet/__pycache__/gb2312freq.cpython-39.pyc,19104,f06dd5e52cf3b4a2f6545d6d24e22e7c6722866e0d7245c749942dd1e7d74978,discarded-generated-environment,,"Bundled Python virtual environment; reproducible dependency artifact, not source."
Secret Sharing/Super NTT/polyntt/$(VENV)/Lib/site-packages/pip/_vendor/chardet/__pycache__/gb2312prober.cpython-39.pyc,1147,8fcaf8b24712e6fc649630b14d303186a804cf77442b2cac8ef4deea05bd6db3,discarded-generated-environment,,"Bundled Python virtual environment; reproducible dependency artifact, not source."
Secret Sharing/Super NTT/polyntt/$(VENV)/Lib/site-packages/pip/_vendor/chardet/__pycache__/hebrewprober.cpython-39.pyc,3016,6061d3429de5266f4f4e44f77a27e520bf5cda7419d49f28c7f08ff25cc5cc94,discarded-generated-environment,,"Bundled Python virtual environment; reproducible dependency artifact, not source."
Secret Sharing/Super NTT/polyntt/$(VENV)/Lib/site-packages/pip/_vendor/chardet/__pycache__/jisfreq.cpython-39.pyc,22132,60bfcbdef1d77968085b90ca0a717aa8ba196bc19cbf188c3749e0f3ad242369,discarded-generated-environment,,"Bundled Python virtual environment; reproducible dependency artifact, not source."
Secret Sharing/Super NTT/polyntt/$(VENV)/Lib/site-packages/pip/_vendor/chardet/__pycache__/jpcntx.cpython-39.pyc,37605,46b158fd59e960e1226a734424776c5945e69e5813f947568950930b3e7950c1,discarded-generated-environment,,"Bundled Python virtual environment; reproducible dependency artifact, not source."
Secret Sharing/Super NTT/polyntt/$(VENV)/Lib/site-packages/pip/_vendor/chardet/__pycache__/langbulgarianmodel.cpython-39.pyc,21807,ead035a313efa4f79e5129acc3e6ad86f24aed10a84f745ac5f2ceb59b2e5405,discarded-generated-environment,,"Bundled Python virtual environment; reproducible dependency artifact, not source."
Secret Sharing/Super NTT/polyntt/$(VENV)/Lib/site-packages/pip/_vendor/chardet/__pycache__/langgreekmodel.cpython-39.pyc,20483,6d8483192b81844d859f9d2fcc6b9f3b72365d2a6beb728dbb6f92e622de40b3,discarded-generated-environment,,"Bundled Python virtual environment; reproducible dependency artifact, not source."
Secret Sharing/Super NTT/polyntt/$(VENV)/Lib/site-packages/pip/_vendor/chardet/__pycache__/langhebrewmodel.cpython-39.pyc,20551,3c1ad8dce90e120bfd7edcce83655237335f35c9cb01950c3d2895ad76ca62db,discarded-generated-environment,,"Bundled Python virtual environment; reproducible dependency artifact, not source."
Secret Sharing/Super NTT/polyntt/$(VENV)/Lib/site-packages/pip/_vendor/chardet/__pycache__/langhungarianmodel.cpython-39.pyc,21752,f426a3e992b2ea08b5331d59891866280ad2954afcb4f5b9dfc2a08cc042b2ca,discarded-generated-environment,,"Bundled Python virtual environment; reproducible dependency artifact, not source."
Secret Sharing/Super NTT/polyntt/$(VENV)/Lib/site-packages/pip/_vendor/chardet/__pycache__/langrussianmodel.cpython-39.pyc,26355,1d1f56efbd64021c2a34be53e0f8703952a74777879dd6d9631a67befd399f48,discarded-generated-environment,,"Bundled Python virtual environment; reproducible dependency artifact, not source."
Secret Sharing/Super NTT/polyntt/$(VENV)/Lib/site-packages/pip/_vendor/chardet/__pycache__/langthaimodel.cpython-39.pyc,20727,8d3d01d3e2355753aeab2492243554e9d9d281b41d925528d2ebbc2f4c4c8918,discarded-generated-environment,,"Bundled Python virtual environment; reproducible dependency artifact, not source."
Secret Sharing/Super NTT/polyntt/$(VENV)/Lib/site-packages/pip/_vendor/chardet/__pycache__/langturkishmodel.cpython-39.pyc,20567,e45677154e4c20e6f54de58f955040642bbcb181dc28abfa9ec9fa55eeda12e9,discarded-generated-environment,,"Bundled Python virtual environment; reproducible dependency artifact, not source."
Secret Sharing/Super NTT/polyntt/$(VENV)/Lib/site-packages/pip/_vendor/chardet/__pycache__/latin1prober.cpython-39.pyc,2952,89b34a5059739ea34d4f3af1483a3f9c92f80312d216c2dc84559341a32b1887,discarded-generated-environment,,"Bundled Python virtual environment; reproducible dependency artifact, not source."
Secret Sharing/Super NTT/polyntt/$(VENV)/Lib/site-packages/pip/_vendor/chardet/__pycache__/mbcharsetprober.cpython-39.pyc,2259,d6d8cf2d72acbb27f678e6f42e50943f5d18dea87892fc43fb34336eb05344d8,discarded-generated-environment,,"Bundled Python virtual environment; reproducible dependency artifact, not source."
Secret Sharing/Super NTT/polyntt/$(VENV)/Lib/site-packages/pip/_vendor/chardet/__pycache__/mbcsgroupprober.cpython-39.pyc,1128,2060deb0accfad291bb123ef3420f3bb29ab947212a044dd81ffc96c6ab6dbdc,discarded-generated-environment,,"Bundled Python virtual environment; reproducible dependency artifact, not source."
Secret Sharing/Super NTT/polyntt/$(VENV)/Lib/site-packages/pip/_vendor/chardet/__pycache__/mbcssm.cpython-39.pyc,15715,581398449bc48dc100c9679dcda942befe7486785b8f3d5d6b6229fa25337676,discarded-generated-environment,,"Bundled Python virtual environment; reproducible dependency artifact, not source."
Secret Sharing/Super NTT/polyntt/$(VENV)/Lib/site-packages/pip/_vendor/chardet/__pycache__/sbcharsetprober.cpython-39.pyc,3112,a329acdd19eb96398bf5f0740db1620dbd29b16c75b9c33a5189647c1831f4b7,discarded-generated-environment,,"Bundled Python virtual environment; reproducible dependency artifact, not source."
Secret Sharing/Super NTT/polyntt/$(VENV)/Lib/site-packages/pip/_vendor/chardet/__pycache__/sbcsgroupprober.cpython-39.pyc,1697,51fb969b8866aed5000bee8f929aa2dcd30cc2ea8730258bc08caede80634531,discarded-generated-environment,,"Bundled Python virtual environment; reproducible dependency artifact, not source."
Secret Sharing/Super NTT/polyntt/$(VENV)/Lib/site-packages/pip/_vendor/chardet/__pycache__/sjisprober.cpython-39.pyc,2480,bbc2a285b3a56764492d64f1b92f4639d131b2b9bf7857c938ed0896539a83a3,discarded-generated-environment,,"Bundled Python virtual environment; reproducible dependency artifact, not source."
Secret Sharing/Super NTT/polyntt/$(VENV)/Lib/site-packages/pip/_vendor/chardet/__pycache__/universaldetector.cpython-39.pyc,5828,cfe6884a3dce696ee4e5771c5ed384e84fe49377a039431b15faea071a2d751e,discarded-generated-environment,,"Bundled Python virtual environment; reproducible dependency artifact, not source."
Secret Sharing/Super NTT/polyntt/$(VENV)/Lib/site-packages/pip/_vendor/chardet/__pycache__/utf8prober.cpython-39.pyc,1989,beacdf813a443a5bdb189b1332fa7a0fd95ff92d3364a6bc9d97b98fea841f4c,discarded-generated-environment,,"Bundled Python virtual environment; reproducible dependency artifact, not source."
Secret Sharing/Super NTT/polyntt/$(VENV)/Lib/site-packages/pip/_vendor/chardet/__pycache__/version.cpython-39.pyc,436,c2891fa1ac80fa8fbadf6ba819f6af07f4ec3d0a9f637b65f7c708c86fff738e,discarded-generated-environment,,"Bundled Python virtual environment; reproducible dependency artifact, not source."
Secret Sharing/Super NTT/polyntt/$(VENV)/Lib/site-packages/pip/_vendor/chardet/__pycache__/__init__.cpython-39.pyc,1897,dc87a3bff123f0efeff171a3832da10f727cc21dfe3dbbe22d38541e75dceaa3,discarded-generated-environment,,"Bundled Python virtual environment; reproducible dependency artifact, not source."
Secret Sharing/Super NTT/polyntt/$(VENV)/Lib/site-packages/pip/_vendor/colorama/ansi.py,2522,4e8a7811e12e69074159db5e28c11c18e4de29e175f50f96a3febf0a3e643b34,discarded-generated-environment,,"Bundled Python virtual environment; reproducible dependency artifact, not source."
Secret Sharing/Super NTT/polyntt/$(VENV)/Lib/site-packages/pip/_vendor/colorama/ansitowin32.py,10517,c95ec212609bd7d3239c928e0d9104bcc1ff7e76c98709e9ce8e2cc59b865e60,discarded-generated-environment,,"Bundled Python virtual environment; reproducible dependency artifact, not source."
Secret Sharing/Super NTT/polyntt/$(VENV)/Lib/site-packages/pip/_vendor/colorama/initialise.py,1915,3e9ae8bc3371313aefa0d1c570bd8d663a47d97cc373c04bc4bc6212b7d49789,discarded-generated-environment,,"Bundled Python virtual environment; reproducible dependency artifact, not source."
Secret Sharing/Super NTT/polyntt/$(VENV)/Lib/site-packages/pip/_vendor/colorama/win32.py,5404,6c9f0897d8f0681379049f1b98de85a18675418b8c2afda3f1f1ab5e1ed3263c,discarded-generated-environment,,"Bundled Python virtual environment; reproducible dependency artifact, not source."
Secret Sharing/Super NTT/polyntt/$(VENV)/Lib/site-packages/pip/_vendor/colorama/winterm.py,6438,db2ff66fb66cbf7e1f780b0febb98b39573e060ab9d667581a8e7bd55a6b96b3,discarded-generated-environment,,"Bundled Python virtual environment; reproducible dependency artifact, not source."
Secret Sharing/Super NTT/polyntt/$(VENV)/Lib/site-packages/pip/_vendor/colorama/__init__.py,239,a42744aebcb32d2cc35b93fead13c194f2ea6c1b4844d241e9c320a1e267b399,discarded-generated-environment,,"Bundled Python virtual environment; reproducible dependency artifact, not source."
Secret Sharing/Super NTT/polyntt/$(VENV)/Lib/site-packages/pip/_vendor/colorama/__pycache__/ansi.cpython-39.pyc,3226,fc19940f831f747d50849c89858cf66c5da08383f4c32a90a058f16515e5f07f,discarded-generated-environment,,"Bundled Python virtual environment; reproducible dependency artifact, not source."
Secret Sharing/Super NTT/polyntt/$(VENV)/Lib/site-packages/pip/_vendor/colorama/__pycache__/ansitowin32.cpython-39.pyc,7692,78f3c7ceb138955d50f54ad315d45e6a55cfa32e910d330528bb52b644a0187e,discarded-generated-environment,,"Bundled Python virtual environment; reproducible dependency artifact, not source."
Secret Sharing/Super NTT/polyntt/$(VENV)/Lib/site-packages/pip/_vendor/colorama/__pycache__/initialise.cpython-39.pyc,1708,c9c9cc6c7a26570da8e41a4761d58d430bb2d2b1edba84addae91af53ef44388,discarded-generated-environment,,"Bundled Python virtual environment; reproducible dependency artifact, not source."
Secret Sharing/Super NTT/polyntt/$(VENV)/Lib/site-packages/pip/_vendor/colorama/__pycache__/win32.cpython-39.pyc,3940,b04ecac4cae3cbc7f2a5c28ac928bf06081b722956a0a08f5dc0ed5fc9d1171d,discarded-generated-environment,,"Bundled Python virtual environment; reproducible dependency artifact, not source."
Secret Sharing/Super NTT/polyntt/$(VENV)/Lib/site-packages/pip/_vendor/colorama/__pycache__/winterm.cpython-39.pyc,4662,e8a184f34cbe0e4b3c08f23cb9b804918618259c5bd6bee88e010671efc4cc1d,discarded-generated-environment,,"Bundled Python virtual environment; reproducible dependency artifact, not source."
Secret Sharing/Super NTT/polyntt/$(VENV)/Lib/site-packages/pip/_vendor/colorama/__pycache__/__init__.cpython-39.pyc,441,0e15dd7eb73a272f4a74038cc0a27d3452c81f98950fac10b468c9f4c1b26a73,discarded-generated-environment,,"Bundled Python virtual environment; reproducible dependency artifact, not source."
Secret Sharing/Super NTT/polyntt/$(VENV)/Lib/site-packages/pip/_vendor/distlib/compat.py,41408,003039eb1880c5aaf7994eaa7a694184d6ecac53e8b174613b8e11cec6c93ea9,discarded-generated-environment,,"Bundled Python virtual environment; reproducible dependency artifact, not source."
Secret Sharing/Super NTT/polyntt/$(VENV)/Lib/site-packages/pip/_vendor/distlib/database.py,51059,2a5d18bcf40a73839ca558bb939705ce2c9d335c4e2bc8aa7712c65e06d91d5e,discarded-generated-environment,,"Bundled Python virtual environment; reproducible dependency artifact, not source."
Secret Sharing/Super NTT/polyntt/$(VENV)/Lib/site-packages/pip/_vendor/distlib/index.py,20739,51f72298d5b5f4007b20a59a9b855a25b5ee081bc0aca7d2c61575e84c1abf31,discarded-generated-environment,,"Bundled Python virtual environment; reproducible dependency artifact, not source."
Secret Sharing/Super NTT/polyntt/$(VENV)/Lib/site-packages/pip/_vendor/distlib/locators.py,51965,00a941de866f7ce4e0e04d02b5fc0ecee8c52f5f57e55e17500e1e1dd28ebb8e,discarded-generated-environment,,"Bundled Python virtual environment; reproducible dependency artifact, not source."
Secret Sharing/Super NTT/polyntt/$(VENV)/Lib/site-packages/pip/_vendor/distlib/manifest.py,14811,9d0121626828ade681673c85cf062c5f124046eddfa38124ba7535eb7535ea21,discarded-generated-environment,,"Bundled Python virtual environment; reproducible dependency artifact, not source."
Secret Sharing/Super NTT/polyntt/$(VENV)/Lib/site-packages/pip/_vendor/distlib/markers.py,4344,3ae9cc487d5221bbcb2ede33d95104442965e16365cf6b43ae0d6649708d523e,discarded-generated-environment,,"Bundled Python virtual environment; reproducible dependency artifact, not source."
Secret Sharing/Super NTT/polyntt/$(VENV)/Lib/site-packages/pip/_vendor/distlib/metadata.py,39109,bdab68c4576606bea27beb1355754d3ce3c6deec0c0d62539c41029e6ef10c2c,discarded-generated-environment,,"Bundled Python virtual environment; reproducible dependency artifact, not source."
Secret Sharing/Super NTT/polyntt/$(VENV)/Lib/site-packages/pip/_vendor/distlib/resources.py,10820,2f06cf92c73403524c6e2e979ee3dd301527f375fb04fb85356a8f184288ebdf,discarded-generated-environment,,"Bundled Python virtual environment; reproducible dependency artifact, not source."
Secret Sharing/Super NTT/polyntt/$(VENV)/Lib/site-packages/pip/_vendor/distlib/scripts.py,17248,603e7f922a0f0feab26d8c10e06c72bbe151e1f7f1733cb681d06e538208f6a0,discarded-generated-environment,,"Bundled Python virtual environment; reproducible dependency artifact, not source."
Secret Sharing/Super NTT/polyntt/$(VENV)/Lib/site-packages/pip/_vendor/distlib/t32.exe,96768,352df104254095ddf925514d99bfb5411c95b5386e90caf06557979f82e16844,discarded-generated-environment,,"Bundled Python virtual environment; reproducible dependency artifact, not source."
Secret Sharing/Super NTT/polyntt/$(VENV)/Lib/site-packages/pip/_vendor/distlib/t64.exe,105984,a00a877acefcad45953343ad56a22152f7aaba5fcf2a10215d84169d47fbcd1d,discarded-generated-environment,,"Bundled Python virtual environment; reproducible dependency artifact, not source."
Secret Sharing/Super NTT/polyntt/$(VENV)/Lib/site-packages/pip/_vendor/distlib/util.py,67558,78828a279329e2e9c730e5738b14484711aae2dcb9fa1fcfa05999fe5a6f9243,discarded-generated-environment,,"Bundled Python virtual environment; reproducible dependency artifact, not source."
Secret Sharing/Super NTT/polyntt/$(VENV)/Lib/site-packages/pip/_vendor/distlib/version.py,23508,fe078ebfe707a15f86f1d433288f20eb3f05d17785794a9d27fd46d4aea2cab4,discarded-generated-environment,,"Bundled Python virtual environment; reproducible dependency artifact, not source."
Secret Sharing/Super NTT/polyntt/$(VENV)/Lib/site-packages/pip/_vendor/distlib/w32.exe,90112,949b6765d794c53656c9afc45b90d9a2cfcae6bb30444086b29225f19242217b,discarded-generated-environment,,"Bundled Python virtual environment; reproducible dependency artifact, not source."
Secret Sharing/Super NTT/polyntt/$(VENV)/Lib/site-packages/pip/_vendor/distlib/w64.exe,99840,d1a473a0dd813bd3565b810dcb8ff8bc7907478a994c564d55200925894e0d32,discarded-generated-environment,,"Bundled Python virtual environment; reproducible dependency artifact, not source."
Secret Sharing/Super NTT/polyntt/$(VENV)/Lib/site-packages/pip/_vendor/distlib/wheel.py,43062,5ba690428d928b40b35a209aaa54be36ef02a079c36e670632a47108726683f4,discarded-generated-environment,,"Bundled Python virtual environment; reproducible dependency artifact, not source."
Secret Sharing/Super NTT/polyntt/$(VENV)/Lib/site-packages/pip/_vendor/distlib/_backport/misc.py,971,29679c20d75b14d3b148e3f57c617af340899da0ba4b87c146012d6984f0d228,discarded-generated-environment,,"Bundled Python virtual environment; reproducible dependency artifact, not source."
Secret Sharing/Super NTT/polyntt/$(VENV)/Lib/site-packages/pip/_vendor/distlib/_backport/shutil.py,25707,217fc6d8d3eac1e70989b9080e37b4e1baaed31a4791f490d8668674456a3396,discarded-generated-environment,,"Bundled Python virtual environment; reproducible dependency artifact, not source."
Secret Sharing/Super NTT/polyntt/$(VENV)/Lib/site-packages/pip/_vendor/distlib/_backport/sysconfig.cfg,2617,b3064ac6af516397bdaf73d70ab96f40f32cbce7625990531cb11ba92f0b24b5,discarded-generated-environment,,"Bundled Python virtual environment; reproducible dependency artifact, not source."
Secret Sharing/Super NTT/polyntt/$(VENV)/Lib/site-packages/pip/_vendor/distlib/_backport/sysconfig.py,26854,0501c595bea9b9b0a5fddbd3d4d8edcc8b61ca5a1f8ca8aca31db7f6cb438345,discarded-generated-environment,,"Bundled Python virtual environment; reproducible dependency artifact, not source."
Secret Sharing/Super NTT/polyntt/$(VENV)/Lib/site-packages/pip/_vendor/distlib/_backport/tarfile.py,92628,221a7bad745c8db20ac3c08e9bdc1278f57d0111976d217d8065c0327d90f8a5,discarded-generated-environment,,"Bundled Python virtual environment; reproducible dependency artifact, not source."
Secret Sharing/Super NTT/polyntt/$(VENV)/Lib/site-packages/pip/_vendor/distlib/_backport/__init__.py,274,6ea4bf753387eae5bd88681dd2ecdfa4f8e8eaf678c693d9ee4c9f649daf35ac,discarded-generated-environment,,"Bundled Python virtual environment; reproducible dependency artifact, not source."
Secret Sharing/Super NTT/polyntt/$(VENV)/Lib/site-packages/pip/_vendor/distlib/_backport/__pycache__/misc.cpython-39.pyc,1101,899d6f6a82fe2169c2802c34f58aea3ec32f4ffe4f1c72e825c676b0f0950a48,discarded-generated-environment,,"Bundled Python virtual environment; reproducible dependency artifact, not source."
Secret Sharing/Super NTT/polyntt/$(VENV)/Lib/site-packages/pip/_vendor/distlib/_backport/__pycache__/shutil.cpython-39.pyc,21675,4821b3561eaec4e8f97ce86ae290fb673169953ea50cc7395dc9af3f84f212d8,discarded-generated-environment,,"Bundled Python virtual environment; reproducible dependency artifact, not source."
Secret Sharing/Super NTT/polyntt/$(VENV)/Lib/site-packages/pip/_vendor/distlib/_backport/__pycache__/sysconfig.cpython-39.pyc,15965,b8c3a8fc1979037c1c0cf67d99e233877e7e497b8000ed1bfea1db43360db1fc,discarded-generated-environment,,"Bundled Python virtual environment; reproducible dependency artifact, not source."
Secret Sharing/Super NTT/polyntt/$(VENV)/Lib/site-packages/pip/_vendor/distlib/_backport/__pycache__/tarfile.cpython-39.pyc,62729,f07b6a5e27822adb749b674e92689be874f0fe810488d3fa41ac576ead48076f,discarded-generated-environment,,"Bundled Python virtual environment; reproducible dependency artifact, not source."
Secret Sharing/Super NTT/polyntt/$(VENV)/Lib/site-packages/pip/_vendor/distlib/_backport/__pycache__/__init__.cpython-39.pyc,481,1df9bdcbaa45a77b2bf18c078793e1aa3eb05778a4ef6f71487d9117d6f931b2,discarded-generated-environment,,"Bundled Python virtual environment; reproducible dependency artifact, not source."
Secret Sharing/Super NTT/polyntt/$(VENV)/Lib/site-packages/pip/_vendor/distlib/__init__.py,581,6c73563af66c2c4e044bd4b814403c0b23feac36336ad560a7d1876e94e76f62,discarded-generated-environment,,"Bundled Python virtual environment; reproducible dependency artifact, not source."
Secret Sharing/Super NTT/polyntt/$(VENV)/Lib/site-packages/pip/_vendor/distlib/__pycache__/compat.cpython-39.pyc,32156,7eb0f1d173b2a02a5aacea634443da23506554303f2e670cb60edaa410118c6d,discarded-generated-environment,,"Bundled Python virtual environment; reproducible dependency artifact, not source."
Secret Sharing/Super NTT/polyntt/$(VENV)/Lib/site-packages/pip/_vendor/distlib/__pycache__/database.cpython-39.pyc,42478,9db7631e3813541052e3d83f9ca4e4bb49531746f0b9c3cad2031dad3e9ee650,discarded-generated-environment,,"Bundled Python virtual environment; reproducible dependency artifact, not source."
Secret Sharing/Super NTT/polyntt/$(VENV)/Lib/site-packages/pip/_vendor/distlib/__pycache__/index.cpython-39.pyc,17287,92105411e8c0c875e02616a5da74e7aca6af1a13affa970083c50f66f56a1953,discarded-generated-environment,,"Bundled Python virtual environment; reproducible dependency artifact, not source."
Secret Sharing/Super NTT/polyntt/$(VENV)/Lib/site-packages/pip/_vendor/distlib/__pycache__/locators.cpython-39.pyc,38251,282f6e5503123a6c8a6743f7dfa22110db6414d82cfccf4cb56f8d2c21281509,discarded-generated-environment,,"Bundled Python virtual environment; reproducible dependency artifact, not source."
Secret Sharing/Super NTT/polyntt/$(VENV)/Lib/site-packages/pip/_vendor/distlib/__pycache__/manifest.cpython-39.pyc,10190,c0354c679e2311731faac34461ffa3a90dcdf9dd90ea5afd2da2af5674a0a138,discarded-generated-environment,,"Bundled Python virtual environment; reproducible dependency artifact, not source."
Secret Sharing/Super NTT/polyntt/$(VENV)/Lib/site-packages/pip/_vendor/distlib/__pycache__/markers.cpython-39.pyc,4434,4f0bd291707bb25a3411ccd3957d9dd593bda0d656f13dcf303a85bfa1b08fe1,discarded-generated-environment,,"Bundled Python virtual environment; reproducible dependency artifact, not source."
Secret Sharing/Super NTT/polyntt/$(VENV)/Lib/site-packages/pip/_vendor/distlib/__pycache__/metadata.cpython-39.pyc,26585,9aae2c51a2dfe097c0ab8125524859b66030b3fa62641df3438bd89a55c67358,discarded-generated-environment,,"Bundled Python virtual environment; reproducible dependency artifact, not source."
Secret Sharing/Super NTT/polyntt/$(VENV)/Lib/site-packages/pip/_vendor/distlib/__pycache__/resources.cpython-39.pyc,11008,e3d2db4fc105942c55d88fd77e728675427750d8a2d9d7cf324b5e7398e7d4db,discarded-generated-environment,,"Bundled Python virtual environment; reproducible dependency artifact, not source."
Secret Sharing/Super NTT/polyntt/$(VENV)/Lib/site-packages/pip/_vendor/distlib/__pycache__/scripts.cpython-39.pyc,11091,4597decbce457231495bd0d13d05e6d2782f731f4cb67d1358238f6591d8e6ae,discarded-generated-environment,,"Bundled Python virtual environment; reproducible dependency artifact, not source."
Secret Sharing/Super NTT/polyntt/$(VENV)/Lib/site-packages/pip/_vendor/distlib/__pycache__/util.cpython-39.pyc,52593,f7c1056ffd091a56d2765735e307625d296eb417032c4f5baa232b3496277e9b,discarded-generated-environment,,"Bundled Python virtual environment; reproducible dependency artifact, not source."
Secret Sharing/Super NTT/polyntt/$(VENV)/Lib/site-packages/pip/_vendor/distlib/__pycache__/version.cpython-39.pyc,20345,ba0ace4f5ec337ef8e3819a35154fe46ef9bf1d2f26286aa200deaaa30b3c83f,discarded-generated-environment,,"Bundled Python virtual environment; reproducible dependency artifact, not source."
Secret Sharing/Super NTT/polyntt/$(VENV)/Lib/site-packages/pip/_vendor/distlib/__pycache__/wheel.cpython-39.pyc,27218,b58f2a0d8124b3929ac6b89b9e46fd06b9d894c20bd8bbcdd822e47e6165b5a0,discarded-generated-environment,,"Bundled Python virtual environment; reproducible dependency artifact, not source."
Secret Sharing/Super NTT/polyntt/$(VENV)/Lib/site-packages/pip/_vendor/distlib/__pycache__/__init__.cpython-39.pyc,1054,e34e595363d0df3130afe5375a13aa9999b34ab5342294dcff43f7cd0365486b,discarded-generated-environment,,"Bundled Python virtual environment; reproducible dependency artifact, not source."
Secret Sharing/Super NTT/polyntt/$(VENV)/Lib/site-packages/pip/_vendor/distro.py,43628,c713088766b72a68a9a5e5841f3ca74dd1d3dff8d9334a3ea68b3474058944e3,discarded-generated-environment,,"Bundled Python virtual environment; reproducible dependency artifact, not source."
Secret Sharing/Super NTT/polyntt/$(VENV)/Lib/site-packages/pip/_vendor/html5lib/constants.py,83464,2e5fb2ccb53f8dc8f2008fe1e7bce4a99eda416139b79c40e32fe3420a14521c,discarded-generated-environment,,"Bundled Python virtual environment; reproducible dependency artifact, not source."
Secret Sharing/Super NTT/polyntt/$(VENV)/Lib/site-packages/pip/_vendor/html5lib/filters/alphabeticalattributes.py,919,95589973624c09c9578bfe6076ebe6773ad1c6d3b95e8f4e3676c70550acca45,discarded-generated-environment,,"Bundled Python virtual environment; reproducible dependency artifact, not source."
Secret Sharing/Super NTT/polyntt/$(VENV)/Lib/site-packages/pip/_vendor/html5lib/filters/base.py,286,cfe214f590188e9b15b2a995b7b92e582eb78d1d7584332be8256bbee6a8f16d,discarded-generated-environment,,"Bundled Python virtual environment; reproducible dependency artifact, not source."
Secret Sharing/Super NTT/polyntt/$(VENV)/Lib/site-packages/pip/_vendor/html5lib/filters/inject_meta_charset.py,2945,7a00d75041d79801bde74e31cf42ba00b0e0624bd4ac2daad7961455e3655508,discarded-generated-environment,,"Bundled Python virtual environment; reproducible dependency artifact, not source."
Secret Sharing/Super NTT/polyntt/$(VENV)/Lib/site-packages/pip/_vendor/html5lib/filters/lint.py,3643,8e4eaae7ac58d288e261fbe974ff8e6529bd793a9c01d46a842a0f22d7a63d80,discarded-generated-environment,,"Bundled Python virtual environment; reproducible dependency artifact, not source."
Secret Sharing/Super NTT/polyntt/$(VENV)/Lib/site-packages/pip/_vendor/html5lib/filters/optionaltags.py,10588,f25593ef927468138798f81f9aa4c749f3e93cca74d53f3834abb409179dc5c1,discarded-generated-environment,,"Bundled Python virtual environment; reproducible dependency artifact, not source."
Secret Sharing/Super NTT/polyntt/$(VENV)/Lib/site-packages/pip/_vendor/html5lib/filters/sanitizer.py,26897,9baa069a40619060279f69d5e83e2113bf12099e961272bdaca759077b970487,discarded-generated-environment,,"Bundled Python virtual environment; reproducible dependency artifact, not source."
Secret Sharing/Super NTT/polyntt/$(VENV)/Lib/site-packages/pip/_vendor/html5lib/filters/whitespace.py,1214,f1e5aa671778502e33945196ea2c98e9ffb6bae4fca4e09200b737219b7bfede,discarded-generated-environment,,"Bundled Python virtual environment; reproducible dependency artifact, not source."
Secret Sharing/Super NTT/polyntt/$(VENV)/Lib/site-packages/pip/_vendor/html5lib/filters/__init__.py,0,e3b0c44298fc1c149afbf4c8996fb92427ae41e4649b934ca495991b7852b855,discarded-generated-environment,,"Bundled Python virtual environment; reproducible dependency artifact, not source."
Secret Sharing/Super NTT/polyntt/$(VENV)/Lib/site-packages/pip/_vendor/html5lib/filters/__pycache__/alphabeticalattributes.cpython-39.pyc,1320,0432059003fcb0e512e739b4d42c47be1467019173d64af230e0623138fe0789,discarded-generated-environment,,"Bundled Python virtual environment; reproducible dependency artifact, not source."
Secret Sharing/Super NTT/polyntt/$(VENV)/Lib/site-packages/pip/_vendor/html5lib/filters/__pycache__/base.cpython-39.pyc,868,4602bcc5da17036e8c1b7dec50269da209dd6a89ede9dbc0f69e3c1bff811939,discarded-generated-environment,,"Bundled Python virtual environment; reproducible dependency artifact, not source."
Secret Sharing/Super NTT/polyntt/$(VENV)/Lib/site-packages/pip/_vendor/html5lib/filters/__pycache__/inject_meta_charset.cpython-39.pyc,1874,fa3a59cc6b2a522de941844959b6e1ae704c4daacee2693ac070537566cef62a,discarded-generated-environment,,"Bundled Python virtual environment; reproducible dependency artifact, not source."
Secret Sharing/Super NTT/polyntt/$(VENV)/Lib/site-packages/pip/_vendor/html5lib/filters/__pycache__/lint.cpython-39.pyc,2616,e7a1e972b1b6109057344f6e96b1ab3834eca57d5aa8db599ddb54239701bb47,discarded-generated-environment,,"Bundled Python virtual environment; reproducible dependency artifact, not source."
Secret Sharing/Super NTT/polyntt/$(VENV)/Lib/site-packages/pip/_vendor/html5lib/filters/__pycache__/optionaltags.cpython-39.pyc,2761,764aa1747c50b45a2ccd4d445671e3e4c1742d05b5b390a8f5955c93437c580c,discarded-generated-environment,,"Bundled Python virtual environment; reproducible dependency artifact, not source."
Secret Sharing/Super NTT/polyntt/$(VENV)/Lib/site-packages/pip/_vendor/html5lib/filters/__pycache__/sanitizer.cpython-39.pyc,16884,b13a9ba190b13b75908e7707fdc013990bb0881341e57c47c206c6ac8410c290,discarded-generated-environment,,"Bundled Python virtual environment; reproducible dependency artifact, not source."
Secret Sharing/Super NTT/polyntt/$(VENV)/Lib/site-packages/pip/_vendor/html5lib/filters/__pycache__/whitespace.cpython-39.pyc,1366,9e71fbd042393a9febd8057c6b2ee5e3f1db87c7713b45d02f35e1571fde0077,discarded-generated-environment,,"Bundled Python virtual environment; reproducible dependency artifact, not source."
Secret Sharing/Super NTT/polyntt/$(VENV)/Lib/site-packages/pip/_vendor/html5lib/filters/__pycache__/__init__.cpython-39.pyc,198,8cb308e5d262a24f32f745061706f6ecf94ca8fdcaecf721235b0a989b21bce7,discarded-generated-environment,,"Bundled Python virtual environment; reproducible dependency artifact, not source."
Secret Sharing/Super NTT/polyntt/$(VENV)/Lib/site-packages/pip/_vendor/html5lib/html5parser.py,117186,6a7afe697adefc899fae4437e5cfeb7ed297c42f34bc909110a7b4e93ab5e470,discarded-generated-environment,,"Bundled Python virtual environment; reproducible dependency artifact, not source."
Secret Sharing/Super NTT/polyntt/$(VENV)/Lib/site-packages/pip/_vendor/html5lib/serializer.py,15759,fcfa6f719174edcc04ef1afdb8a919aa1e5fe1411a23c96d094db13c9cda4e99,discarded-generated-environment,,"Bundled Python virtual environment; reproducible dependency artifact, not source."
Secret Sharing/Super NTT/polyntt/$(VENV)/Lib/site-packages/pip/_vendor/html5lib/treeadapters/genshi.py,1715,087dbba40b032a6bb864690052bc2dcbbbb429ab862c26512cf33368edcce6fa,discarded-generated-environment,,"Bundled Python virtual environment; reproducible dependency artifact, not source."
Secret Sharing/Super NTT/polyntt/$(VENV)/Lib/site-packages/pip/_vendor/html5lib/treeadapters/sax.py,1776,04a4bcc284139ca8aa79f7c7b310a152a2f8ab6651ff06f97dcf4c277cd00bcb,discarded-generated-environment,,"Bundled Python virtual environment; reproducible dependency artifact, not source."
Secret Sharing/Super NTT/polyntt/$(VENV)/Lib/site-packages/pip/_vendor/html5lib/treeadapters/__init__.py,679,034ad8e605c87b86c93a248644efe3fed1619e04413bc4193f33ed3f0e5d173a,discarded-generated-environment,,"Bundled Python virtual environment; reproducible dependency artifact, not source."
Secret Sharing/Super NTT/polyntt/$(VENV)/Lib/site-packages/pip/_vendor/html5lib/treeadapters/__pycache__/genshi.cpython-39.pyc,1543,d6f03096f6ea70d0cb667e083b3c4b7b084f26c5ad1d0edbeb04f3e03ccbaf83,discarded-generated-environment,,"Bundled Python virtual environment; reproducible dependency artifact, not source."
Secret Sharing/Super NTT/polyntt/$(VENV)/Lib/site-packages/pip/_vendor/html5lib/treeadapters/__pycache__/sax.cpython-39.pyc,1462,14209655290d9c81df16d9f0b540afbe7fb5ba8af6e7e9b81787bb057c2f0369,discarded-generated-environment,,"Bundled Python virtual environment; reproducible dependency artifact, not source."
Secret Sharing/Super NTT/polyntt/$(VENV)/Lib/site-packages/pip/_vendor/html5lib/treeadapters/__pycache__/__init__.cpython-39.pyc,935,a11dbcd0212e58699dc2f659d1851b2ef77ddf170abaf2a1568e88fde1f41e2c,discarded-generated-environment,,"Bundled Python virtual environment; reproducible dependency artifact, not source."
Secret Sharing/Super NTT/polyntt/$(VENV)/Lib/site-packages/pip/_vendor/html5lib/treebuilders/base.py,14565,cfea39d6fb7daff9762031b9222a1338a1b36677b8172dff15cfbbcedace8782,discarded-generated-environment,,"Bundled Python virtual environment; reproducible dependency artifact, not source."
Secret Sharing/Super NTT/polyntt/$(VENV)/Lib/site-packages/pip/_vendor/html5lib/treebuilders/dom.py,8925,db6c216f40bbd735c8b1a8b999a9a0eaacc11228a070122f683cb802cc376add,discarded-generated-environment,,"Bundled Python virtual environment; reproducible dependency artifact, not source."
Secret Sharing/Super NTT/polyntt/$(VENV)/Lib/site-packages/pip/_vendor/html5lib/treebuilders/etree.py,12836,c39645a4a93a6c0c67af00f6fc1ac5e44542eefcf3d0bdcb322f52c6b6dcffcc,discarded-generated-environment,,"Bundled Python virtual environment; reproducible dependency artifact, not source."
Secret Sharing/Super NTT/polyntt/$(VENV)/Lib/site-packages/pip/_vendor/html5lib/treebuilders/etree_lxml.py,14766,f60a838ecf88c6c3e10586b9729befd85675299946f371a2baccb69459af2241,discarded-generated-environment,,"Bundled Python virtual environment; reproducible dependency artifact, not source."
Secret Sharing/Super NTT/polyntt/$(VENV)/Lib/site-packages/pip/_vendor/html5lib/treebuilders/__init__.py,3592,032b12272bcf7e290230cb1356f6b1c2480389e10b0f975f47c149200baaee16,discarded-generated-environment,,"Bundled Python virtual environment; reproducible dependency artifact, not source."
Secret Sharing/Super NTT/polyntt/$(VENV)/Lib/site-packages/pip/_vendor/html5lib/treebuilders/__pycache__/base.cpython-39.pyc,11314,74c4b2bcfed84110ad8cb1f7ee4641404e7774b6f6c88fb8f2f98ae54df80148,discarded-generated-environment,,"Bundled Python virtual environment; reproducible dependency artifact, not source."
Secret Sharing/Super NTT/polyntt/$(VENV)/Lib/site-packages/pip/_vendor/html5lib/treebuilders/__pycache__/dom.cpython-39.pyc,9451,0e6e532d7d904d4f97782562eda45002643314bfabf626b90b9a24df4ac6a62b,discarded-generated-environment,,"Bundled Python virtual environment; reproducible dependency artifact, not source."
Secret Sharing/Super NTT/polyntt/$(VENV)/Lib/site-packages/pip/_vendor/html5lib/treebuilders/__pycache__/etree.cpython-39.pyc,11819,31c40b2a0f8dd12a3059c923c9b3745d5fc126edf0bd6c59e9601e2b7dfce949,discarded-generated-environment,,"Bundled Python virtual environment; reproducible dependency artifact, not source."
Secret Sharing/Super NTT/polyntt/$(VENV)/Lib/site-packages/pip/_vendor/html5lib/treebuilders/__pycache__/etree_lxml.cpython-39.pyc,13002,9140fdd1997e635e679d985096ab9623391a99b139ff6ccd86007d12c63ca9b8,discarded-generated-environment,,"Bundled Python virtual environment; reproducible dependency artifact, not source."
Secret Sharing/Super NTT/polyntt/$(VENV)/Lib/site-packages/pip/_vendor/html5lib/treebuilders/__pycache__/__init__.cpython-39.pyc,3330,01b660477c73f0667a03d560a8c87782a7bda76bfd968dacc8f421d9c12f2a5e,discarded-generated-environment,,"Bundled Python virtual environment; reproducible dependency artifact, not source."
Secret Sharing/Super NTT/polyntt/$(VENV)/Lib/site-packages/pip/_vendor/html5lib/treewalkers/base.py,7476,a2e88eb2e4b3bc8d0a8337563fc3e5c4869236cf5f6a585b8a29c011cfd42096,discarded-generated-environment,,"Bundled Python virtual environment; reproducible dependency artifact, not source."
Secret Sharing/Super NTT/polyntt/$(VENV)/Lib/site-packages/pip/_vendor/html5lib/treewalkers/dom.py,1413,107c8547c0fc958367c8353d971fc82a2815251c9e7141ae6b498e8bb1c1ba47,discarded-generated-environment,,"Bundled Python virtual environment; reproducible dependency artifact, not source."
Secret Sharing/Super NTT/polyntt/$(VENV)/Lib/site-packages/pip/_vendor/html5lib/treewalkers/etree.py,4551,c68d4be66f55b647e91492b4a459a42d56a386a618562b15667de4f646293e42,discarded-generated-environment,,"Bundled Python virtual environment; reproducible dependency artifact, not source."
Secret Sharing/Super NTT/polyntt/$(VENV)/Lib/site-packages/pip/_vendor/html5lib/treewalkers/etree_lxml.py,6357,fdbd0b01558b715bbd59a53ffb0dc3f1fd08452a426e37faebb57edcd45d853c,discarded-generated-environment,,"Bundled Python virtual environment; reproducible dependency artifact, not source."
Secret Sharing/Super NTT/polyntt/$(VENV)/Lib/site-packages/pip/_vendor/html5lib/treewalkers/genshi.py,2309,e03d8f1026799f764ddeabb78cc97dc98ec1f358e7400a414125657da22e61b0,discarded-generated-environment,,"Bundled Python virtual environment; reproducible dependency artifact, not source."
Secret Sharing/Super NTT/polyntt/$(VENV)/Lib/site-packages/pip/_vendor/html5lib/treewalkers/__init__.py,5719,3813ed7354d4e661b2cb5f100ccc4a132604cf4c3115450d8f9bf4f978266216,discarded-generated-environment,,"Bundled Python virtual environment; reproducible dependency artifact, not source."
Secret Sharing/Super NTT/polyntt/$(VENV)/Lib/site-packages/pip/_vendor/html5lib/treewalkers/__pycache__/base.cpython-39.pyc,6995,d7469f83e770678aea4a4b8ff3222a1f48675e86b3bd3c87e0439f24c26a9ad1,discarded-generated-environment,,"Bundled Python virtual environment; reproducible dependency artifact, not source."
Secret Sharing/Super NTT/polyntt/$(VENV)/Lib/site-packages/pip/_vendor/html5lib/treewalkers/__pycache__/dom.cpython-39.pyc,1730,2cefff45b82e35128e9c42d2498573b20d2a3abf054508f4ab21ba18af5a75c5,discarded-generated-environment,,"Bundled Python virtual environment; reproducible dependency artifact, not source."
Secret Sharing/Super NTT/polyntt/$(VENV)/Lib/site-packages/pip/_vendor/html5lib/treewalkers/__pycache__/etree.cpython-39.pyc,3492,7966311da82540a8c80ed1a1779269ed75495ee5f94afb350ba5d4623bb47daa,discarded-generated-environment,,"Bundled Python virtual environment; reproducible dependency artifact, not source."
Secret Sharing/Super NTT/polyntt/$(VENV)/Lib/site-packages/pip/_vendor/html5lib/treewalkers/__pycache__/etree_lxml.cpython-39.pyc,6629,e66eb5435f2565e5018e47a648fea98553c2058e5f9da8f40b92f1e92da1c109,discarded-generated-environment,,"Bundled Python virtual environment; reproducible dependency artifact, not source."
Secret Sharing/Super NTT/polyntt/$(VENV)/Lib/site-packages/pip/_vendor/html5lib/treewalkers/__pycache__/genshi.cpython-39.pyc,1886,720767be4e05bb39db64e8326d70cf787731fa39a2a3d0e473f3f5d6a0378e22,discarded-generated-environment,,"Bundled Python virtual environment; reproducible dependency artifact, not source."
Secret Sharing/Super NTT/polyntt/$(VENV)/Lib/site-packages/pip/_vendor/html5lib/treewalkers/__pycache__/__init__.cpython-39.pyc,3996,3910225325f6fbaf2f839d352c47e74b07488b94f2d37f64ba4ce46cff0d1c42,discarded-generated-environment,,"Bundled Python virtual environment; reproducible dependency artifact, not source."
Secret Sharing/Super NTT/polyntt/$(VENV)/Lib/site-packages/pip/_vendor/html5lib/_ihatexml.py,16728,89f3b017ba57aa6c938485dcddba1673deace0c0decea46b455a7b1700d8505b,discarded-generated-environment,,"Bundled Python virtual environment; reproducible dependency artifact, not source."
Secret Sharing/Super NTT/polyntt/$(VENV)/Lib/site-packages/pip/_vendor/html5lib/_inputstream.py,32353,8c4acd012325920b3b32938cf557bf55d2c3272145c1e0232ee855bad673df75,discarded-generated-environment,,"Bundled Python virtual environment; reproducible dependency artifact, not source."
Secret Sharing/Super NTT/polyntt/$(VENV)/Lib/site-packages/pip/_vendor/html5lib/_tokenizer.py,77040,d389a0036b0d4e78aeb65d9fc45bfe7a2e5b9ece2245a3f15575c787f1eb57fe,discarded-generated-environment,,"Bundled Python virtual environment; reproducible dependency artifact, not source."
Secret Sharing/Super NTT/polyntt/$(VENV)/Lib/site-packages/pip/_vendor/html5lib/_trie/py.py,1775,c179902eb6517f833258dca0d26de1f359bd22784b47b189d34da6208661fbca,discarded-generated-environment,,"Bundled Python virtual environment; reproducible dependency artifact, not source."
Secret Sharing/Super NTT/polyntt/$(VENV)/Lib/site-packages/pip/_vendor/html5lib/_trie/_base.py,1013,09ac9b63232ba3cb844506236f2dad4de4946ad9d60df5aba1437d37b7adcb9c,discarded-generated-environment,,"Bundled Python virtual environment; reproducible dependency artifact, not source."
Secret Sharing/Super NTT/polyntt/$(VENV)/Lib/site-packages/pip/_vendor/html5lib/_trie/__init__.py,109,9ea7e03bdd74df6f411152794f8a6c57042d8ddda2272117436f97f1cd58c705,discarded-generated-environment,,"Bundled Python virtual environment; reproducible dependency artifact, not source."
Secret Sharing/Super NTT/polyntt/$(VENV)/Lib/site-packages/pip/_vendor/html5lib/_trie/__pycache__/py.cpython-39.pyc,2255,396439bd8ae54d48a6466ffb3450cc3a1b87c596be8939739d355f67ca37343a,discarded-generated-environment,,"Bundled Python virtual environment; reproducible dependency artifact, not source."
Secret Sharing/Super NTT/polyntt/$(VENV)/Lib/site-packages/pip/_vendor/html5lib/_trie/__pycache__/_base.cpython-39.pyc,1594,130ec841d3486a207c46498e468e775f872802dcbd76e11c2f6f031e5368cb64,discarded-generated-environment,,"Bundled Python virtual environment; reproducible dependency artifact, not source."
Secret Sharing/Super NTT/polyntt/$(VENV)/Lib/site-packages/pip/_vendor/html5lib/_trie/__pycache__/__init__.cpython-39.pyc,350,13234185ed2087a10ff126f0c26721aefb96b1379ff9b154cb75c307de831c2a,discarded-generated-environment,,"Bundled Python virtual environment; reproducible dependency artifact, not source."
Secret Sharing/Super NTT/polyntt/$(VENV)/Lib/site-packages/pip/_vendor/html5lib/_utils.py,4931,0f1f402a7b64b118c54f5bde063ec8dfada97f93a021a4f4ce0970ab8dd19df5,discarded-generated-environment,,"Bundled Python virtual environment; reproducible dependency artifact, not source."
Secret Sharing/Super NTT/polyntt/$(VENV)/Lib/site-packages/pip/_vendor/html5lib/__init__.py,1160,058cdc282a9e1228b9db10eba8116bba19e6b66922b875c5c8587e720950f269,discarded-generated-environment,,"Bundled Python virtual environment; reproducible dependency artifact, not source."
Secret Sharing/Super NTT/polyntt/$(VENV)/Lib/site-packages/pip/_vendor/html5lib/__pycache__/constants.cpython-39.pyc,66338,a39a71415204c36eee64fb2c4b515a3eac0cc4a6f203158864a2f1412e194ac5,discarded-generated-environment,,"Bundled Python virtual environment; reproducible dependency artifact, not source."
Secret Sharing/Super NTT/polyntt/$(VENV)/Lib/site-packages/pip/_vendor/html5lib/__pycache__/html5parser.cpython-39.pyc,91009,d228b84ad32430e830992eca37f61b62ca90c04a3e4da7f4141ae4f5540fd556,discarded-generated-environment,,"Bundled Python virtual environment; reproducible dependency artifact, not source."
Secret Sharing/Super NTT/polyntt/$(VENV)/Lib/site-packages/pip/_vendor/html5lib/__pycache__/serializer.cpython-39.pyc,10811,5d9c930963e1ecd2a8d5423fba5f18898eb31b690bd79f26fe07a5e34bd6f23b,discarded-generated-environment,,"Bundled Python virtual environment; reproducible dependency artifact, not source."
Secret Sharing/Super NTT/polyntt/$(VENV)/Lib/site-packages/pip/_vendor/html5lib/__pycache__/_ihatexml.cpython-39.pyc,13769,47add0bb75b81006e17e74d69fde065609dd82fdeff540e83a7910499e9590ff,discarded-generated-environment,,"Bundled Python virtual environment; reproducible dependency artifact, not source."
Secret Sharing/Super NTT/polyntt/$(VENV)/Lib/site-packages/pip/_vendor/html5lib/__pycache__/_inputstream.cpython-39.pyc,21628,725a58a0145f2826b89c018314a53bdb0e6e44b48056fb1de8140ca7fbda5bfa,discarded-generated-environment,,"Bundled Python virtual environment; reproducible dependency artifact, not source."
Secret Sharing/Super NTT/polyntt/$(VENV)/Lib/site-packages/pip/_vendor/html5lib/__pycache__/_tokenizer.cpython-39.pyc,39723,e2222e0a6839e99d28581032c0fe98d1b0d5af41339136f09d5d994044f30022,discarded-generated-environment,,"Bundled Python virtual environment; reproducible dependency artifact, not source."
Secret Sharing/Super NTT/polyntt/$(VENV)/Lib/site-packages/pip/_vendor/html5lib/__pycache__/_utils.cpython-39.pyc,4800,52932b8b3e442b00fdd8f6617377d3a995c85deffb06cd584d84c19335c5f428,discarded-generated-environment,,"Bundled Python virtual environment; reproducible dependency artifact, not source."
Secret Sharing/Super NTT/polyntt/$(VENV)/Lib/site-packages/pip/_vendor/html5lib/__pycache__/__init__.cpython-39.pyc,1300,2f030cdb5f82e7f06e6580c5e8342c406221e95a22690986f4f2697142014158,discarded-generated-environment,,"Bundled Python virtual environment; reproducible dependency artifact, not source."
Secret Sharing/Super NTT/polyntt/$(VENV)/Lib/site-packages/pip/_vendor/idna/codec.py,3453,42c3c50f725ef20375eeb7ecd787bbcd31915a59cbedb35fd99a9c1d3455607b,discarded-generated-environment,,"Bundled Python virtual environment; reproducible dependency artifact, not source."
Secret Sharing/Super NTT/polyntt/$(VENV)/Lib/site-packages/pip/_vendor/idna/compat.py,360,e40f71474e29b911c2b328c135ec199554a26abb61ecad5b66ac8439ea1bd5f0,discarded-generated-environment,,"Bundled Python virtual environment; reproducible dependency artifact, not source."
Secret Sharing/Super NTT/polyntt/$(VENV)/Lib/site-packages/pip/_vendor/idna/core.py,12826,89cab63f5dd2e89323a1780a86177a8a185bcbb42c9d994d7e7887e9f2f27fa5,discarded-generated-environment,,"Bundled Python virtual environment; reproducible dependency artifact, not source."
Secret Sharing/Super NTT/polyntt/$(VENV)/Lib/site-packages/pip/_vendor/idna/idnadata.py,42350,725e31f512ddc3564cb4411bbcac00b17f8877701d2233b95371daa0a33a546b,discarded-generated-environment,,"Bundled Python virtual environment; reproducible dependency artifact, not source."
Secret Sharing/Super NTT/polyntt/$(VENV)/Lib/site-packages/pip/_vendor/idna/intranges.py,1933,12a817c32013027f824c00889ea1fdb58b18022b4607655c439d1166dfc2a63b,discarded-generated-environment,,"Bundled Python virtual environment; reproducible dependency artifact, not source."
Secret Sharing/Super NTT/polyntt/$(VENV)/Lib/site-packages/pip/_vendor/idna/package_data.py,21,ff4dbc0787ef69d4486973303188e1b903cfdc0c5322dd48444ed7e910d1e0c9,discarded-generated-environment,,"Bundled Python virtual environment; reproducible dependency artifact, not source."
Secret Sharing/Super NTT/polyntt/$(VENV)/Lib/site-packages/pip/_vendor/idna/uts46data.py,201849,0c6cf00d0bfc2628d8d7b23fee89dda37b2d8c58cd9e3bd501b03ecf49355ce1,discarded-generated-environment,,"Bundled Python virtual environment; reproducible dependency artifact, not source."
Secret Sharing/Super NTT/polyntt/$(VENV)/Lib/site-packages/pip/_vendor/idna/__init__.py,849,28940dd5e401afc8882b948aac9e3b957bf11b4049ecb9b7f16e334f4bfff259,discarded-generated-environment,,"Bundled Python virtual environment; reproducible dependency artifact, not source."
Secret Sharing/Super NTT/polyntt/$(VENV)/Lib/site-packages/pip/_vendor/idna/__pycache__/codec.cpython-39.pyc,2876,7751f1641816696b7c12d452015408c3e373de161e24c7d91874d52a27d8fee0,discarded-generated-environment,,"Bundled Python virtual environment; reproducible dependency artifact, not source."
Secret Sharing/Super NTT/polyntt/$(VENV)/Lib/site-packages/pip/_vendor/idna/__pycache__/compat.cpython-39.pyc,682,504378796f37bf34f4683077eac55d473079eb1a5d56400b23be9af20f52ec62,discarded-generated-environment,,"Bundled Python virtual environment; reproducible dependency artifact, not source."
Secret Sharing/Super NTT/polyntt/$(VENV)/Lib/site-packages/pip/_vendor/idna/__pycache__/core.cpython-39.pyc,9150,d50c50a041119d94283b2f463ff34c7b1be1b3b68a285d2ee64f4963656bb8e2,discarded-generated-environment,,"Bundled Python virtual environment; reproducible dependency artifact, not source."
Secret Sharing/Super NTT/polyntt/$(VENV)/Lib/site-packages/pip/_vendor/idna/__pycache__/idnadata.cpython-39.pyc,22136,0fc2081d5063ea39cab2a3d4b6ea15e1b8af51026859e97796b641fd1c89fd84,discarded-generated-environment,,"Bundled Python virtual environment; reproducible dependency artifact, not source."
Secret Sharing/Super NTT/polyntt/$(VENV)/Lib/site-packages/pip/_vendor/idna/__pycache__/intranges.cpython-39.pyc,1858,8c7ef3e21013aa92028dc4bf2ce144835b8b795a0a0734026a9c161561aab721,discarded-generated-environment,,"Bundled Python virtual environment; reproducible dependency artifact, not source."
Secret Sharing/Super NTT/polyntt/$(VENV)/Lib/site-packages/pip/_vendor/idna/__pycache__/package_data.cpython-39.pyc,209,5e31639c5d2dde2c434be54232dcb0e72b21ee24020ee5619341e47da81f2ae1,discarded-generated-environment,,"Bundled Python virtual environment; reproducible dependency artifact, not source."
Secret Sharing/Super NTT/polyntt/$(VENV)/Lib/site-packages/pip/_vendor/idna/__pycache__/uts46data.cpython-39.pyc,146169,7966f6eeebed7562cd283a746db473614456b256cb9206168eaae7983096cec5,discarded-generated-environment,,"Bundled Python virtual environment; reproducible dependency artifact, not source."
Secret Sharing/Super NTT/polyntt/$(VENV)/Lib/site-packages/pip/_vendor/idna/__pycache__/__init__.cpython-39.pyc,845,c323a46db47668ade83b4ea55fbf90d11d09a7b98425d77fd55775e088355fc0,discarded-generated-environment,,"Bundled Python virtual environment; reproducible dependency artifact, not source."
Secret Sharing/Super NTT/polyntt/$(VENV)/Lib/site-packages/pip/_vendor/msgpack/exceptions.py,1081,7424d67a2f1da64accb100dc8d093be004e5f47b08047d326edf3338f36a3187,discarded-generated-environment,,"Bundled Python virtual environment; reproducible dependency artifact, not source."
Secret Sharing/Super NTT/polyntt/$(VENV)/Lib/site-packages/pip/_vendor/msgpack/ext.py,6088,e25df9e98e2c54472f0a56b6761fdc2f9eef87818c8597dade4b961c51d8cfa0,discarded-generated-environment,,"Bundled Python virtual environment; reproducible dependency artifact, not source."
Secret Sharing/Super NTT/polyntt/$(VENV)/Lib/site-packages/pip/_vendor/msgpack/fallback.py,38026,469bf52dd7b2f1ff2e7919d0ce70f80112819fd7713363f2c153645c8f0811e1,discarded-generated-environment,,"Bundled Python virtual environment; reproducible dependency artifact, not source."
Secret Sharing/Super NTT/polyntt/$(VENV)/Lib/site-packages/pip/_vendor/msgpack/_version.py,20,745474de80029e3e25b0a775467c03ec13cc89523f14cca074e2f54ce044c3f5,discarded-generated-environment,,"Bundled Python virtual environment; reproducible dependency artifact, not source."
Secret Sharing/Super NTT/polyntt/$(VENV)/Lib/site-packages/pip/_vendor/msgpack/__init__.py,1118,da027072c4c8680b4233418c8b6ad4fbf63a9082de790baa464ad0db68d200d7,discarded-generated-environment,,"Bundled Python virtual environment; reproducible dependency artifact, not source."
Secret Sharing/Super NTT/polyntt/$(VENV)/Lib/site-packages/pip/_vendor/msgpack/__pycache__/exceptions.cpython-39.pyc,1850,1471766fa8d407205455362c84a3e86bed770bb6a7a1718f046e465284310c81,discarded-generated-environment,,"Bundled Python virtual environment; reproducible dependency artifact, not source."
Secret Sharing/Super NTT/polyntt/$(VENV)/Lib/site-packages/pip/_vendor/msgpack/__pycache__/ext.cpython-39.pyc,6278,dd5e2bdb3612036b671f0010938a4c021d4949d859a73cc773f2e75bb753205b,discarded-generated-environment,,"Bundled Python virtual environment; reproducible dependency artifact, not source."
Secret Sharing/Super NTT/polyntt/$(VENV)/Lib/site-packages/pip/_vendor/msgpack/__pycache__/fallback.cpython-39.pyc,26724,a7efac448df0b29bb2f943678d650c077d754aaa1ba4c0b9cfdb11c9e0c35cd9,discarded-generated-environment,,"Bundled Python virtual environment; reproducible dependency artifact, not source."
Secret Sharing/Super NTT/polyntt/$(VENV)/Lib/site-packages/pip/_vendor/msgpack/__pycache__/_version.cpython-39.pyc,216,7def4d64e05abcf75638cbc19ac83c64a9f67ed9f5af91ed0a5e6d945b3aa352,discarded-generated-environment,,"Bundled Python virtual environment; reproducible dependency artifact, not source."
Secret Sharing/Super NTT/polyntt/$(VENV)/Lib/site-packages/pip/_vendor/msgpack/__pycache__/__init__.cpython-39.pyc,1412,af9c36e3ca0a09c5fad2c347e0f34474803ec6632a7a5d2a55a3530d80a30edd,discarded-generated-environment,,"Bundled Python virtual environment; reproducible dependency artifact, not source."
Secret Sharing/Super NTT/polyntt/$(VENV)/Lib/site-packages/pip/_vendor/packaging/markers.py,8487,00904e718f0eab4918739ef42aeb8f4e4beeaa302586e7da13673db0251b9bae,discarded-generated-environment,,"Bundled Python virtual environment; reproducible dependency artifact, not source."
Secret Sharing/Super NTT/polyntt/$(VENV)/Lib/site-packages/pip/_vendor/packaging/requirements.py,4676,36d0e53c1b688e99f52140bce623233cdb149ae7e3a529709cd03e5dbe26e4d0,discarded-generated-environment,,"Bundled Python virtual environment; reproducible dependency artifact, not source."
Secret Sharing/Super NTT/polyntt/$(VENV)/Lib/site-packages/pip/_vendor/packaging/specifiers.py,30964,319f9f61c34bdeeee936bb7eea0d8440eec06d15e48dcf923c46305cc41b2e67,discarded-generated-environment,,"Bundled Python virtual environment; reproducible dependency artifact, not source."
Secret Sharing/Super NTT/polyntt/$(VENV)/Lib/site-packages/pip/_vendor/packaging/tags.py,15714,6a421ead8c3c5b4b33e0e5bd1c7a3381ac169dbb7618638f9b7b2f896d23a306,discarded-generated-environment,,"Bundled Python virtual environment; reproducible dependency artifact, not source."
Secret Sharing/Super NTT/polyntt/$(VENV)/Lib/site-packages/pip/_vendor/packaging/utils.py,4200,7498de6addc14be4d89f546b505570b9f50c6ac6edccb7d8468cbf1d710d7854,discarded-generated-environment,,"Bundled Python virtual environment; reproducible dependency artifact, not source."
Secret Sharing/Super NTT/polyntt/$(VENV)/Lib/site-packages/pip/_vendor/packaging/version.py,14665,fdf2d136b16bc5870755fca8f2f93d8fcb3a24cf0dff1b12c5516be91272728f,discarded-generated-environment,,"Bundled Python virtual environment; reproducible dependency artifact, not source."
Secret Sharing/Super NTT/polyntt/$(VENV)/Lib/site-packages/pip/_vendor/packaging/_manylinux.py,11488,5dc6e25c1faa723bf76dca21a7a37df1332938fe3f8f79be88e03ca6d2b61966,discarded-generated-environment,,"Bundled Python virtual environment; reproducible dependency artifact, not source."
Secret Sharing/Super NTT/polyntt/$(VENV)/Lib/site-packages/pip/_vendor/packaging/_musllinux.py,4378,cf9c9e1b5ca038fc78b94c8b76a8fea7c0e4e5405be47fdbd0d2235bdca8f280,discarded-generated-environment,,"Bundled Python virtual environment; reproducible dependency artifact, not source."
Secret Sharing/Super NTT/polyntt/$(VENV)/Lib/site-packages/pip/_vendor/packaging/_structures.py,1629,4cc8808056dd50e3e621f0c87e21dcdca161489f24323a1fd904b923ed8dc90f,discarded-generated-environment,,"Bundled Python virtual environment; reproducible dependency artifact, not source."
Secret Sharing/Super NTT/polyntt/$(VENV)/Lib/site-packages/pip/_vendor/packaging/__about__.py,661,a7f390968a87dac69a75c6d4426584b162bce7b748ebf7dfe44dda4a20aa1850,discarded-generated-environment,,"Bundled Python virtual environment; reproducible dependency artifact, not source."
Secret Sharing/Super NTT/polyntt/$(VENV)/Lib/site-packages/pip/_vendor/packaging/__init__.py,497,6fd2a4e4c17b2b18612e07039a2516ba437e2dab561713dd36e8348e83e11d29,discarded-generated-environment,,"Bundled Python virtual environment; reproducible dependency artifact, not source."
Secret Sharing/Super NTT/polyntt/$(VENV)/Lib/site-packages/pip/_vendor/packaging/__pycache__/markers.cpython-39.pyc,9451,cf2c2d5cac2dc6fd534a1eafc7edfb5391f582eb4745531615572d81630466e0,discarded-generated-environment,,"Bundled Python virtual environment; reproducible dependency artifact, not source."
Secret Sharing/Super NTT/polyntt/$(VENV)/Lib/site-packages/pip/_vendor/packaging/__pycache__/requirements.cpython-39.pyc,3972,74fefd92a6e25c01e745ad129699924af52fba233fcff7920def7d856ac8d64b,discarded-generated-environment,,"Bundled Python virtual environment; reproducible dependency artifact, not source."
Secret Sharing/Super NTT/polyntt/$(VENV)/Lib/site-packages/pip/_vendor/packaging/__pycache__/specifiers.cpython-39.pyc,22208,90593ee6262af8070d767440bb275da3f3e3ff83ae4197ccbf7d7d795ea649d8,discarded-generated-environment,,"Bundled Python virtual environment; reproducible dependency artifact, not source."
Secret Sharing/Super NTT/polyntt/$(VENV)/Lib/site-packages/pip/_vendor/packaging/__pycache__/tags.cpython-39.pyc,12287,f24b45ea54c0edecea024159e81b6e682b6f5fa884c09926d02a83baf5419dc6,discarded-generated-environment,,"Bundled Python virtual environment; reproducible dependency artifact, not source."
Secret Sharing/Super NTT/polyntt/$(VENV)/Lib/site-packages/pip/_vendor/packaging/__pycache__/utils.cpython-39.pyc,3609,94d224b8668766e0bb6d05ff452db1ec4e80f8a2f1a431cf5f045341eaf9bc75,discarded-generated-environment,,"Bundled Python virtual environment; reproducible dependency artifact, not source."
Secret Sharing/Super NTT/polyntt/$(VENV)/Lib/site-packages/pip/_vendor/packaging/__pycache__/version.cpython-39.pyc,13150,c287536ab9c3479d37519ff270f2afd9363d83d5862de3e3b16ee1e83b1574d5,discarded-generated-environment,,"Bundled Python virtual environment; reproducible dependency artifact, not source."
Secret Sharing/Super NTT/polyntt/$(VENV)/Lib/site-packages/pip/_vendor/packaging/__pycache__/_manylinux.cpython-39.pyc,7292,d56de5e50903c2fc49bb2fbb7dd2b89dd70fb963aa835b8a7eb4295f4b81b917,discarded-generated-environment,,"Bundled Python virtual environment; reproducible dependency artifact, not source."
Secret Sharing/Super NTT/polyntt/$(VENV)/Lib/site-packages/pip/_vendor/packaging/__pycache__/_musllinux.cpython-39.pyc,4607,524f7b43be0350f8135d3579dd98f090c5af46fee155c3f9dcf2064d2b4bad72,discarded-generated-environment,,"Bundled Python virtual environment; reproducible dependency artifact, not source."
Secret Sharing/Super NTT/polyntt/$(VENV)/Lib/site-packages/pip/_vendor/packaging/__pycache__/_structures.cpython-39.pyc,3080,92488fcf6f67874541aea3239ba3315bbaea1f44561214f6bf538122c4e96eb9,discarded-generated-environment,,"Bundled Python virtual environment; reproducible dependency artifact, not source."
Secret Sharing/Super NTT/polyntt/$(VENV)/Lib/site-packages/pip/_vendor/packaging/__pycache__/__about__.cpython-39.pyc,588,94cf21d2e7bc36a9e93c2fd14f625ba48d3f4bb61b1ed54734065b3ef9b66239,discarded-generated-environment,,"Bundled Python virtual environment; reproducible dependency artifact, not source."
Secret Sharing/Super NTT/polyntt/$(VENV)/Lib/site-packages/pip/_vendor/packaging/__pycache__/__init__.cpython-39.pyc,444,f58101b85e07a34cb2a20bb174c8ba80b74ca597b9fb2c97d9dc6eaccf0afd81,discarded-generated-environment,,"Bundled Python virtual environment; reproducible dependency artifact, not source."
Secret Sharing/Super NTT/polyntt/$(VENV)/Lib/site-packages/pip/_vendor/pep517/build.py,3469,32a37f5baa396bda1ab930b4bba5b97082c61637fdc76055f4174c2de63ad217,discarded-generated-environment,,"Bundled Python virtual environment; reproducible dependency artifact, not source."
Secret Sharing/Super NTT/polyntt/$(VENV)/Lib/site-packages/pip/_vendor/pep517/check.py,6096,0181b6cafa739adb0bf35d1cef9679fa785a5daed2c602bc00fcb0fbfc79dce9,discarded-generated-environment,,"Bundled Python virtual environment; reproducible dependency artifact, not source."
Secret Sharing/Super NTT/polyntt/$(VENV)/Lib/site-packages/pip/_vendor/pep517/colorlog.py,4098,4e4f40b989bf70b17704a4c1a124c9b7d6d1af29f4685a232103b06df5544f14,discarded-generated-environment,,"Bundled Python virtual environment; reproducible dependency artifact, not source."
Secret Sharing/Super NTT/polyntt/$(VENV)/Lib/site-packages/pip/_vendor/pep517/compat.py,1071,7f0d8fcba96a2f024b7e9e8c2a65efb759b8b1b6e0a14d43fbf81c49cbf3f0e5,discarded-generated-environment,,"Bundled Python virtual environment; reproducible dependency artifact, not source."
Secret Sharing/Super NTT/polyntt/$(VENV)/Lib/site-packages/pip/_vendor/pep517/dirtools.py,1129,da69009002f4991cff7a56058d12ae7a44c9562a47d734e7e2d6dfd440debfce,discarded-generated-environment,,"Bundled Python virtual environment; reproducible dependency artifact, not source."
Secret Sharing/Super NTT/polyntt/$(VENV)/Lib/site-packages/pip/_vendor/pep517/envbuild.py,6112,2dc493d0c01299c40d2ce16a0cfc43a12d648e4825c7c17a784868049f835a48,discarded-generated-environment,,"Bundled Python virtual environment; reproducible dependency artifact, not source."
Secret Sharing/Super NTT/polyntt/$(VENV)/Lib/site-packages/pip/_vendor/pep517/in_process/_in_process.py,10833,60925ffaa68bec1055760087b8c853a71f8bb701b51081957e5cb8aedbac7622,discarded-generated-environment,,"Bundled Python virtual environment; reproducible dependency artifact, not source."
Secret Sharing/Super NTT/polyntt/$(VENV)/Lib/site-packages/pip/_vendor/pep517/in_process/__init__.py,563,3325a8022f091dd701bfbc97b96a544950036f1e8b481f6b661ee44c881d03c6,discarded-generated-environment,,"Bundled Python virtual environment; reproducible dependency artifact, not source."
Secret Sharing/Super NTT/polyntt/$(VENV)/Lib/site-packages/pip/_vendor/pep517/in_process/__pycache__/_in_process.cpython-39.pyc,9929,cdf7d4b2860f0a828b4dffefe6a4ac767a48babf212749a65f2fd437256080e4,discarded-generated-environment,,"Bundled Python virtual environment; reproducible dependency artifact, not source."
Secret Sharing/Super NTT/polyntt/$(VENV)/Lib/site-packages/pip/_vendor/pep517/in_process/__pycache__/__init__.cpython-39.pyc,913,fa0b0e52a5649977df3a07f9e3ba6c518f25920dad6ca66fa93ecd92d414a872,discarded-generated-environment,,"Bundled Python virtual environment; reproducible dependency artifact, not source."
Secret Sharing/Super NTT/polyntt/$(VENV)/Lib/site-packages/pip/_vendor/pep517/meta.py,2463,f269cce650e74f8cd742905396225b4467deb07ee28a81f0a336c3c402cf4bd6,discarded-generated-environment,,"Bundled Python virtual environment; reproducible dependency artifact, not source."
Secret Sharing/Super NTT/polyntt/$(VENV)/Lib/site-packages/pip/_vendor/pep517/wrappers.py,13258,a8259f1149db139dfcecfc9097b713f31bf874371ae2e360ae8ff46e700ee119,discarded-generated-environment,,"Bundled Python virtual environment; reproducible dependency artifact, not source."
Secret Sharing/Super NTT/polyntt/$(VENV)/Lib/site-packages/pip/_vendor/pep517/__init__.py,130,a838156c35a9058a53bedc40dad8a589f5e5c70ccecd1a88a1d2d975bc9a8724,discarded-generated-environment,,"Bundled Python virtual environment; reproducible dependency artifact, not source."
Secret Sharing/Super NTT/polyntt/$(VENV)/Lib/site-packages/pip/_vendor/pep517/__pycache__/build.cpython-39.pyc,3576,d1db11b0d6dbf3fccab9f5625fde74fd31f4348903be31b38ad044a519383626,discarded-generated-environment,,"Bundled Python virtual environment; reproducible dependency artifact, not source."
Secret Sharing/Super NTT/polyntt/$(VENV)/Lib/site-packages/pip/_vendor/pep517/__pycache__/check.cpython-39.pyc,5123,d58259171498b53ba1ad7b4ea2bb254178a298e211aa0ec30d27a703905571d1,discarded-generated-environment,,"Bundled Python virtual environment; reproducible dependency artifact, not source."
Secret Sharing/Super NTT/polyntt/$(VENV)/Lib/site-packages/pip/_vendor/pep517/__pycache__/colorlog.cpython-39.pyc,2936,4ea73e2a33e1a2f7a75dff04207650fb33bd057e706a58fb0f2a9e1c283834e3,discarded-generated-environment,,"Bundled Python virtual environment; reproducible dependency artifact, not source."
Secret Sharing/Super NTT/polyntt/$(VENV)/Lib/site-packages/pip/_vendor/pep517/__pycache__/compat.cpython-39.pyc,1291,0e0d1119d2843ea10dd9329a0cf11195f422fd768e7aa4983aa7467bb97ecf85,discarded-generated-environment,,"Bundled Python virtual environment; reproducible dependency artifact, not source."
Secret Sharing/Super NTT/polyntt/$(VENV)/Lib/site-packages/pip/_vendor/pep517/__pycache__/dirtools.cpython-39.pyc,1345,662c7d62b229e552f06cd3c444d53526eb3302a27a6f7f880aeb21dc95127e30,discarded-generated-environment,,"Bundled Python virtual environment; reproducible dependency artifact, not source."
Secret Sharing/Super NTT/polyntt/$(VENV)/Lib/site-packages/pip/_vendor/pep517/__pycache__/envbuild.cpython-39.pyc,4522,69bfca9960976164a33d0adb83862021a1b5a5d6da7ebe6d816dbb137e5db0db,discarded-generated-environment,,"Bundled Python virtual environment; reproducible dependency artifact, not source."
Secret Sharing/Super NTT/polyntt/$(VENV)/Lib/site-packages/pip/_vendor/pep517/__pycache__/meta.cpython-39.pyc,2918,b410b8fe655eae0364f95f8926caa1a9272fecd6ed7d57616e65aa8288517092,discarded-generated-environment,,"Bundled Python virtual environment; reproducible dependency artifact, not source."
Secret Sharing/Super NTT/polyntt/$(VENV)/Lib/site-packages/pip/_vendor/pep517/__pycache__/wrappers.cpython-39.pyc,12268,fbc9adfd931b155010413ff11dbaafff674cc5e2a30a198b9a0c602473312ccf,discarded-generated-environment,,"Bundled Python virtual environment; reproducible dependency artifact, not source."
Secret Sharing/Super NTT/polyntt/$(VENV)/Lib/site-packages/pip/_vendor/pep517/__pycache__/__init__.cpython-39.pyc,311,246480ac92ea24a447580c50f870c0886da2e20a2068e337cda3bbed87aa652b,discarded-generated-environment,,"Bundled Python virtual environment; reproducible dependency artifact, not source."
Secret Sharing/Super NTT/polyntt/$(VENV)/Lib/site-packages/pip/_vendor/pkg_resources/py31compat.py,562,09193c7e488f4432ec6e2e6965c2ac1c8fff3db9a1ffde0bf26afd432f406f65,discarded-generated-environment,,"Bundled Python virtual environment; reproducible dependency artifact, not source."
Secret Sharing/Super NTT/polyntt/$(VENV)/Lib/site-packages/pip/_vendor/pkg_resources/__init__.py,108277,5e91817ef4bd7da7c0e9b9b9af1eef9f1771b3bcaaca873f367a73280a6427ae,discarded-generated-environment,,"Bundled Python virtual environment; reproducible dependency artifact, not source."
Secret Sharing/Super NTT/polyntt/$(VENV)/Lib/site-packages/pip/_vendor/pkg_resources/__pycache__/py31compat.cpython-39.pyc,648,681c4c2a985d6c505e19e4601f836bf4da2017a6219e562f8097f6cbd60c38a4,discarded-generated-environment,,"Bundled Python virtual environment; reproducible dependency artifact, not source."
Secret Sharing/Super NTT/polyntt/$(VENV)/Lib/site-packages/pip/_vendor/pkg_resources/__pycache__/__init__.cpython-39.pyc,100329,d1a04736a8625c9770e6b2ccb8488c12b388451d5a5f73943e45eb50a90653f4,discarded-generated-environment,,"Bundled Python virtual environment; reproducible dependency artifact, not source."
Secret Sharing/Super NTT/polyntt/$(VENV)/Lib/site-packages/pip/_vendor/progress/bar.py,2854,42e0ee54d7265e0a71b4db713b416aef6c4a8a0c4005a566c58181c3827767f1,discarded-generated-environment,,"Bundled Python virtual environment; reproducible dependency artifact, not source."
Secret Sharing/Super NTT/polyntt/$(VENV)/Lib/site-packages/pip/_vendor/progress/counter.py,1372,3339f206bbcf5ab3a519ee0c64094651bf6adda3837bafda35878013f54da180,discarded-generated-environment,,"Bundled Python virtual environment; reproducible dependency artifact, not source."
Secret Sharing/Super NTT/polyntt/$(VENV)/Lib/site-packages/pip/_vendor/progress/spinner.py,1380,93c25b0d6f784f4f965ee5dfc5920585da0d3d8a778df9e95ea0677d1bf97c6b,discarded-generated-environment,,"Bundled Python virtual environment; reproducible dependency artifact, not source."
Secret Sharing/Super NTT/polyntt/$(VENV)/Lib/site-packages/pip/_vendor/progress/__init__.py,4857,7dc6d0417a399e9d82a10ca1487e57a6b9227302d934b78f477b886a1ce748ed,discarded-generated-environment,,"Bundled Python virtual environment; reproducible dependency artifact, not source."
Secret Sharing/Super NTT/polyntt/$(VENV)/Lib/site-packages/pip/_vendor/progress/__pycache__/bar.cpython-39.pyc,2637,30e5ec8525d0d17441f421d5845967998974c99b2c53a4748d1a2b82657cafc8,discarded-generated-environment,,"Bundled Python virtual environment; reproducible dependency artifact, not source."
Secret Sharing/Super NTT/polyntt/$(VENV)/Lib/site-packages/pip/_vendor/progress/__pycache__/counter.cpython-39.pyc,1471,6b6641dc34b0c06bbd7df41288d9e1e9c2454a63af86588c5d32bebca4c79f72,discarded-generated-environment,,"Bundled Python virtual environment; reproducible dependency artifact, not source."
Secret Sharing/Super NTT/polyntt/$(VENV)/Lib/site-packages/pip/_vendor/progress/__pycache__/spinner.cpython-39.pyc,1388,95b7762e9c3484cce20798b8cb0fca660ec8946383e01aa4178bdd15af64c10f,discarded-generated-environment,,"Bundled Python virtual environment; reproducible dependency artifact, not source."
Secret Sharing/Super NTT/polyntt/$(VENV)/Lib/site-packages/pip/_vendor/progress/__pycache__/__init__.cpython-39.pyc,5655,b8da2b9ec2f3950ec3a0638b561dc392a2005074f637519c0497814ed7a11a75,discarded-generated-environment,,"Bundled Python virtual environment; reproducible dependency artifact, not source."
Secret Sharing/Super NTT/polyntt/$(VENV)/Lib/site-packages/pip/_vendor/pyparsing.py,273394,2756f8cf74bf2b0c895bb84a1a7a0dfa15d6f6980c23320fe904e1c98e7226ae,discarded-generated-environment,,"Bundled Python virtual environment; reproducible dependency artifact, not source."
Secret Sharing/Super NTT/polyntt/$(VENV)/Lib/site-packages/pip/_vendor/requests/adapters.py,21548,7be6e6284029355a85772971b8c2497e2687765992ff3856848304ce51ef1ae7,discarded-generated-environment,,"Bundled Python virtual environment; reproducible dependency artifact, not source."
Secret Sharing/Super NTT/polyntt/$(VENV)/Lib/site-packages/pip/_vendor/requests/api.py,6402,863ba83fbf48004997e83cacaf0f2dd37d9c2dfc0b1f16c8ff0338802e46f6dd,discarded-generated-environment,,"Bundled Python virtual environment; reproducible dependency artifact, not source."
Secret Sharing/Super NTT/polyntt/$(VENV)/Lib/site-packages/pip/_vendor/requests/auth.py,10207,38ca092152b244bcbd4c7afdd72f2bc72b19b9c9703c1f8ad57835cc1a265214,discarded-generated-environment,,"Bundled Python virtual environment; reproducible dependency artifact, not source."
Secret Sharing/Super NTT/polyntt/$(VENV)/Lib/site-packages/pip/_vendor/requests/certs.py,465,9d7455abd0ed1a6bffd4061bc234eef54ae001c749bf4e59be435e6a82ce6716,discarded-generated-environment,,"Bundled Python virtual environment; reproducible dependency artifact, not source."
Secret Sharing/Super NTT/polyntt/$(VENV)/Lib/site-packages/pip/_vendor/requests/compat.py,2045,2d05ae091e2a5e4eb0efea90a295f2cf458d1d47400f8d24d262a768011fd7e8,discarded-generated-environment,,"Bundled Python virtual environment; reproducible dependency artifact, not source."
Secret Sharing/Super NTT/polyntt/$(VENV)/Lib/site-packages/pip/_vendor/requests/cookies.py,18430,63e6ca5fa4ef5b716762513a02ed125ed55559c68d745bee030431c3e1b48932,discarded-generated-environment,,"Bundled Python virtual environment; reproducible dependency artifact, not source."
Secret Sharing/Super NTT/polyntt/$(VENV)/Lib/site-packages/pip/_vendor/requests/exceptions.py,3250,770222e75d91083a972764fcd672c2f3c9aa3cd854167388fc280a2835e14cef,discarded-generated-environment,,"Bundled Python virtual environment; reproducible dependency artifact, not source."
Secret Sharing/Super NTT/polyntt/$(VENV)/Lib/site-packages/pip/_vendor/requests/help.py,3972,77285ede57261d79c50b30e26558dc1a656fbcefe3b6c7c09be002e78da7770f,discarded-generated-environment,,"Bundled Python virtual environment; reproducible dependency artifact, not source."
Secret Sharing/Super NTT/polyntt/$(VENV)/Lib/site-packages/pip/_vendor/requests/hooks.py,757,411786cb2d1b45caf9ae4c02b8e6cd6a46d8b1cec492229e0701b8a877a4af64,discarded-generated-environment,,"Bundled Python virtual environment; reproducible dependency artifact, not source."
Secret Sharing/Super NTT/polyntt/$(VENV)/Lib/site-packages/pip/_vendor/requests/models.py,34924,f7f2d2fedd6de876db696144dd99311a698737657c060c738a2394f38aeb439d,discarded-generated-environment,,"Bundled Python virtual environment; reproducible dependency artifact, not source."
Secret Sharing/Super NTT/polyntt/$(VENV)/Lib/site-packages/pip/_vendor/requests/packages.py,695,9e32665627d8e1a49cb6e5b73cfe441510b18c4c0c4433ba27f7de1b674a5ac2,discarded-generated-environment,,"Bundled Python virtual environment; reproducible dependency artifact, not source."
Secret Sharing/Super NTT/polyntt/$(VENV)/Lib/site-packages/pip/_vendor/requests/sessions.py,30168,e7b3b8b9df7244be9e2d887e76d15ba82d643b877f13065c0a0617124ba395fb,discarded-generated-environment,,"Bundled Python virtual environment; reproducible dependency artifact, not source."
Secret Sharing/Super NTT/polyntt/$(VENV)/Lib/site-packages/pip/_vendor/requests/status_codes.py,4188,813efd3dbb3f7108c1829f9fbeb520835767d8340edf66c38f84c89e39cc3d27,discarded-generated-environment,,"Bundled Python virtual environment; reproducible dependency artifact, not source."
Secret Sharing/Super NTT/polyntt/$(VENV)/Lib/site-packages/pip/_vendor/requests/structures.py,3005,9ac02dafd9aad49c4777e251ca220b7dd165a5b270bef16e3f7adf5104ff4311,discarded-generated-environment,,"Bundled Python virtual environment; reproducible dependency artifact, not source."
Secret Sharing/Super NTT/polyntt/$(VENV)/Lib/site-packages/pip/_vendor/requests/utils.py,31394,53ffa2e96c4bc3eebb2848a3e37c476dcbcbd0375e43925b77885f89f589cd06,discarded-generated-environment,,"Bundled Python virtual environment; reproducible dependency artifact, not source."
Secret Sharing/Super NTT/polyntt/$(VENV)/Lib/site-packages/pip/_vendor/requests/_internal_utils.py,1096,671dcf9c451c7327ec07e89ed759d95405bca82949cb4831d6a34c13bae04f5f,discarded-generated-environment,,"Bundled Python virtual environment; reproducible dependency artifact, not source."
Secret Sharing/Super NTT/polyntt/$(VENV)/Lib/site-packages/pip/_vendor/requests/__init__.py,5113,838061d50621e892a3312e182e86f1d2e38babee35b0835a5e3bdb857d9523c8,discarded-generated-environment,,"Bundled Python virtual environment; reproducible dependency artifact, not source."
Secret Sharing/Super NTT/polyntt/$(VENV)/Lib/site-packages/pip/_vendor/requests/__pycache__/adapters.cpython-39.pyc,16971,79359bd1db7e45e33e24fe4e127b69d4574ce8710808a0db23149dc9f9973ae7,discarded-generated-environment,,"Bundled Python virtual environment; reproducible dependency artifact, not source."
Secret Sharing/Super NTT/polyntt/$(VENV)/Lib/site-packages/pip/_vendor/requests/__pycache__/api.cpython-39.pyc,6717,0de3d341fc0537174757b6b090210497590ec5168e097f4cdf9f633ce58db1fa,discarded-generated-environment,,"Bundled Python virtual environment; reproducible dependency artifact, not source."
Secret Sharing/Super NTT/polyntt/$(VENV)/Lib/site-packages/pip/_vendor/requests/__pycache__/auth.cpython-39.pyc,8329,18cabab90a1ac1ac66e7c8da737680171751d85d3f27d04796fa5d15fc9d8e8d,discarded-generated-environment,,"Bundled Python virtual environment; reproducible dependency artifact, not source."
Secret Sharing/Super NTT/polyntt/$(VENV)/Lib/site-packages/pip/_vendor/requests/__pycache__/certs.cpython-39.pyc,631,28a42c3df15cdd0c7bd7fba04a1bc0110588c947c3f90867eb764a3a9e01a4ad,discarded-generated-environment,,"Bundled Python virtual environment; reproducible dependency artifact, not source."
Secret Sharing/Super NTT/polyntt/$(VENV)/Lib/site-packages/pip/_vendor/requests/__pycache__/compat.cpython-39.pyc,1610,93855e42a5e111b7f4ab7dd6aa5a439fa76fc17a19973ebb43f494495f542888,discarded-generated-environment,,"Bundled Python virtual environment; reproducible dependency artifact, not source."
Secret Sharing/Super NTT/polyntt/$(VENV)/Lib/site-packages/pip/_vendor/requests/__pycache__/cookies.cpython-39.pyc,18820,71045a718cfe7cbaeab78841cd30fe477a07f0831e97c43f22c25fd7373ac52f,discarded-generated-environment,,"Bundled Python virtual environment; reproducible dependency artifact, not source."
Secret Sharing/Super NTT/polyntt/$(VENV)/Lib/site-packages/pip/_vendor/requests/__pycache__/exceptions.cpython-39.pyc,5403,6328335f383dc6abd99cd5225e772779ebfdfc89b065b50c5bdeaf3ca8a330ef,discarded-generated-environment,,"Bundled Python virtual environment; reproducible dependency artifact, not source."
Secret Sharing/Super NTT/polyntt/$(VENV)/Lib/site-packages/pip/_vendor/requests/__pycache__/help.cpython-39.pyc,2891,a506c2af70595b776b128710ce3b52760d6779661915690c556d205a587c0e9c,discarded-generated-environment,,"Bundled Python virtual environment; reproducible dependency artifact, not source."
Secret Sharing/Super NTT/polyntt/$(VENV)/Lib/site-packages/pip/_vendor/requests/__pycache__/hooks.cpython-39.pyc,988,733625c7f1fc3a620f7497ff8af77eeda3447093919ce6c48a3050e7195ab35d,discarded-generated-environment,,"Bundled Python virtual environment; reproducible dependency artifact, not source."
Secret Sharing/Super NTT/polyntt/$(VENV)/Lib/site-packages/pip/_vendor/requests/__pycache__/models.cpython-39.pyc,24468,44c857103e1e38ebcd477887d17d7fd2a57f31b39147d70b2876ff9a6174c48a,discarded-generated-environment,,"Bundled Python virtual environment; reproducible dependency artifact, not source."
Secret Sharing/Super NTT/polyntt/$(VENV)/Lib/site-packages/pip/_vendor/requests/__pycache__/packages.cpython-39.pyc,500,a29c0ab2646dd605c49bb27273eb744f539466446dc2b89a837d2e43a4365e3e,discarded-generated-environment,,"Bundled Python virtual environment; reproducible dependency artifact, not source."
Secret Sharing/Super NTT/polyntt/$(VENV)/Lib/site-packages/pip/_vendor/requests/__pycache__/sessions.cpython-39.pyc,19855,59b3627e00270882c6410b2d69a85c265eb1c03483b505b5b109104aaf8771b1,discarded-generated-environment,,"Bundled Python virtual environment; reproducible dependency artifact, not source."
Secret Sharing/Super NTT/polyntt/$(VENV)/Lib/site-packages/pip/_vendor/requests/__pycache__/status_codes.cpython-39.pyc,4237,ffcef7be5dc74380864539defcdf73b428e2713982397ce645d820a53a621c77,discarded-generated-environment,,"Bundled Python virtual environment; reproducible dependency artifact, not source."
Secret Sharing/Super NTT/polyntt/$(VENV)/Lib/site-packages/pip/_vendor/requests/__pycache__/structures.cpython-39.pyc,4458,aba019e31ba7f4a3411ab36d14bc97edc756b865de0dd192502fe0756476aab2,discarded-generated-environment,,"Bundled Python virtual environment; reproducible dependency artifact, not source."
Secret Sharing/Super NTT/polyntt/$(VENV)/Lib/site-packages/pip/_vendor/requests/__pycache__/utils.cpython-39.pyc,23322,75fbebb9dd02b88aba86ae6467b3b0ee58b584a8634ebc1e6420791ab09fddaf,discarded-generated-environment,,"Bundled Python virtual environment; reproducible dependency artifact, not source."
Secret Sharing/Super NTT/polyntt/$(VENV)/Lib/site-packages/pip/_vendor/requests/__pycache__/_internal_utils.cpython-39.pyc,1300,2743523b5fe4fda4491b1a3e75b92dfcd83b3e7d32e193bbeb85b78ebddee702,discarded-generated-environment,,"Bundled Python virtual environment; reproducible dependency artifact, not source."
Secret Sharing/Super NTT/polyntt/$(VENV)/Lib/site-packages/pip/_vendor/requests/__pycache__/__init__.cpython-39.pyc,4000,80a9c968417801da57a12c33bb23f40a72fa195a314b2aa02d745bf30b368998,discarded-generated-environment,,"Bundled Python virtual environment; reproducible dependency artifact, not source."
Secret Sharing/Super NTT/polyntt/$(VENV)/Lib/site-packages/pip/_vendor/requests/__pycache__/__version__.cpython-39.pyc,553,a7044b84c883dfa6463a248ad4cf32ea61588262662f2f7edb71f599a91fe6f6,discarded-generated-environment,,"Bundled Python virtual environment; reproducible dependency artifact, not source."
Secret Sharing/Super NTT/polyntt/$(VENV)/Lib/site-packages/pip/_vendor/requests/__version__.py,441,3d91323d348837f8d1200201e75c15ee9c3cd66dea030d089d247b3ab2995271,discarded-generated-environment,,"Bundled Python virtual environment; reproducible dependency artifact, not source."
Secret Sharing/Super NTT/polyntt/$(VENV)/Lib/site-packages/pip/_vendor/resolvelib/compat/collections_abc.py,156,bb2f31519f8d0c4c3dd7ab6e8145e6f0783008688c3b47fe45c767a647d77ceb,discarded-generated-environment,,"Bundled Python virtual environment; reproducible dependency artifact, not source."
Secret Sharing/Super NTT/polyntt/$(VENV)/Lib/site-packages/pip/_vendor/resolvelib/compat/__init__.py,0,e3b0c44298fc1c149afbf4c8996fb92427ae41e4649b934ca495991b7852b855,discarded-generated-environment,,"Bundled Python virtual environment; reproducible dependency artifact, not source."
Secret Sharing/Super NTT/polyntt/$(VENV)/Lib/site-packages/pip/_vendor/resolvelib/compat/__pycache__/collections_abc.cpython-39.pyc,373,915a1679d012cadcfd3f94332ab6b0fc27bee36dcd3cf6aaf9bc4c346f2fad89,discarded-generated-environment,,"Bundled Python virtual environment; reproducible dependency artifact, not source."
Secret Sharing/Super NTT/polyntt/$(VENV)/Lib/site-packages/pip/_vendor/resolvelib/compat/__pycache__/__init__.cpython-39.pyc,199,281638199dbd45049d19be39ae22bd8eaaa0591a68449477b273745305690d4f,discarded-generated-environment,,"Bundled Python virtual environment; reproducible dependency artifact, not source."
Secret Sharing/Super NTT/polyntt/$(VENV)/Lib/site-packages/pip/_vendor/resolvelib/providers.py,5638,6dfcc50d977b52a924012ee550cfc77986c0f87ce329f0e595efe99ffefdbe2a,discarded-generated-environment,,"Bundled Python virtual environment; reproducible dependency artifact, not source."
Secret Sharing/Super NTT/polyntt/$(VENV)/Lib/site-packages/pip/_vendor/resolvelib/reporters.py,1364,850bef5eeb8404ec8458ef0a0df2ec58a5635f9e5414c014c0ed1864c369cc0c,discarded-generated-environment,,"Bundled Python virtual environment; reproducible dependency artifact, not source."
Secret Sharing/Super NTT/polyntt/$(VENV)/Lib/site-packages/pip/_vendor/resolvelib/resolvers.py,17225,c13f373c78815910a494bfa72c9d7ef2c936077c81234e91b1ed47d7572b3ac2,discarded-generated-environment,,"Bundled Python virtual environment; reproducible dependency artifact, not source."
Secret Sharing/Super NTT/polyntt/$(VENV)/Lib/site-packages/pip/_vendor/resolvelib/structs.py,4794,215218a1feac03f378644884d42d548734d7e3de5bac2367c82760aba098ab6f,discarded-generated-environment,,"Bundled Python virtual environment; reproducible dependency artifact, not source."
Secret Sharing/Super NTT/polyntt/$(VENV)/Lib/site-packages/pip/_vendor/resolvelib/__init__.py,537,ba85b47605820f00295f9f6645f7e83c84a46461a4fd467522dfcf638a3f3da1,discarded-generated-environment,,"Bundled Python virtual environment; reproducible dependency artifact, not source."
Secret Sharing/Super NTT/polyntt/$(VENV)/Lib/site-packages/pip/_vendor/resolvelib/__pycache__/providers.cpython-39.pyc,6524,9dd29deb891545814671b9eb00afa212c65c86a9d570e9f85eef4db8c0acfe5d,discarded-generated-environment,,"Bundled Python virtual environment; reproducible dependency artifact, not source."
Secret Sharing/Super NTT/polyntt/$(VENV)/Lib/site-packages/pip/_vendor/resolvelib/__pycache__/reporters.cpython-39.pyc,2300,4da0be273b1e2aee0a8481740db0a170c1e8be529c54c1e1045eab412240f652,discarded-generated-environment,,"Bundled Python virtual environment; reproducible dependency artifact, not source."
Secret Sharing/Super NTT/polyntt/$(VENV)/Lib/site-packages/pip/_vendor/resolvelib/__pycache__/resolvers.cpython-39.pyc,15151,78e6738d36022ddf41e532f73c7c7887ac2e2970337d7f7fb96201ee4e72043e,discarded-generated-environment,,"Bundled Python virtual environment; reproducible dependency artifact, not source."
Secret Sharing/Super NTT/polyntt/$(VENV)/Lib/site-packages/pip/_vendor/resolvelib/__pycache__/structs.cpython-39.pyc,7277,b1a845f4ba8bbd1a45228d5798aa330fa952f734ac7b4a195bc58bb93e70e55e,discarded-generated-environment,,"Bundled Python virtual environment; reproducible dependency artifact, not source."
Secret Sharing/Super NTT/polyntt/$(VENV)/Lib/site-packages/pip/_vendor/resolvelib/__pycache__/__init__.cpython-39.pyc,604,0671e55c54d6d7e104f62fbd43c47004270346242dfdb7f9bfa31dfd7f0f1595,discarded-generated-environment,,"Bundled Python virtual environment; reproducible dependency artifact, not source."
Secret Sharing/Super NTT/polyntt/$(VENV)/Lib/site-packages/pip/_vendor/six.py,34549,4ce39f422ee71467ccac8bed76beb05f8c321c7f0ceda9279ae2dfa3670106b3,discarded-generated-environment,,"Bundled Python virtual environment; reproducible dependency artifact, not source."
Secret Sharing/Super NTT/polyntt/$(VENV)/Lib/site-packages/pip/_vendor/tenacity/after.py,1496,7659b2c71172daeaa92d70ebf37f0388477b8e0bf6006b61b161c661c198b1a2,discarded-generated-environment,,"Bundled Python virtual environment; reproducible dependency artifact, not source."
Secret Sharing/Super NTT/polyntt/$(VENV)/Lib/site-packages/pip/_vendor/tenacity/before.py,1376,ed7b6f4663b4751594a7c4959f6e0ebc8886163f3ee0e3f99ae4115225a02e1d,discarded-generated-environment,,"Bundled Python virtual environment; reproducible dependency artifact, not source."
Secret Sharing/Super NTT/polyntt/$(VENV)/Lib/site-packages/pip/_vendor/tenacity/before_sleep.py,1908,4e1c83bea294e7295efc8bd8433fdbe93a7a523512d0f855a7ace0a9897d53a6,discarded-generated-environment,,"Bundled Python virtual environment; reproducible dependency artifact, not source."
Secret Sharing/Super NTT/polyntt/$(VENV)/Lib/site-packages/pip/_vendor/tenacity/nap.py,1383,7d15af9f3d5a2336c8abd029de00240198031faa28e73c4cad4e99395072ab42,discarded-generated-environment,,"Bundled Python virtual environment; reproducible dependency artifact, not source."
Secret Sharing/Super NTT/polyntt/$(VENV)/Lib/site-packages/pip/_vendor/tenacity/retry.py,6645,eb647bd56e7d6d08ee37214ab0333b844d9a12410fb70341440d2d9ec12f8129,discarded-generated-environment,,"Bundled Python virtual environment; reproducible dependency artifact, not source."
Secret Sharing/Super NTT/polyntt/$(VENV)/Lib/site-packages/pip/_vendor/tenacity/stop.py,2790,b0a1e61daa12696eac2aeddd4f15152abd7eb2d56463b970e18f728d9537d334,discarded-generated-environment,,"Bundled Python virtual environment; reproducible dependency artifact, not source."
Secret Sharing/Super NTT/polyntt/$(VENV)/Lib/site-packages/pip/_vendor/tenacity/tornadoweb.py,2145,13c9563b69f07ba74982807e3761e1429ad82c32c1fd47528059eff8437ac0a1,discarded-generated-environment,,"Bundled Python virtual environment; reproducible dependency artifact, not source."
Secret Sharing/Super NTT/polyntt/$(VENV)/Lib/site-packages/pip/_vendor/tenacity/wait.py,6691,7bf49a6ba236b6c34ba422f5b7df3def03767c66f45d0310944e1b536b7d576c,discarded-generated-environment,,"Bundled Python virtual environment; reproducible dependency artifact, not source."
Secret Sharing/Super NTT/polyntt/$(VENV)/Lib/site-packages/pip/_vendor/tenacity/_asyncio.py,3314,1c46f4055244781244f4ffa6f5707187529c685f7a070a1eaa42422f9b1b55c4,discarded-generated-environment,,"Bundled Python virtual environment; reproducible dependency artifact, not source."
Secret Sharing/Super NTT/polyntt/$(VENV)/Lib/site-packages/pip/_vendor/tenacity/_utils.py,1944,fb2ebcb1c0dcca8aaf4c9b892741937e37520a58c46256c262f824ee733835d3,discarded-generated-environment,,"Bundled Python virtual environment; reproducible dependency artifact, not source."
Secret Sharing/Super NTT/polyntt/$(VENV)/Lib/site-packages/pip/_vendor/tenacity/__init__.py,18257,18b2ec4c50f805de550e04d1ea653f171c8eb2bc5ce3ca8e368ad569179b783e,discarded-generated-environment,,"Bundled Python virtual environment; reproducible dependency artifact, not source."
Secret Sharing/Super NTT/polyntt/$(VENV)/Lib/site-packages/pip/_vendor/tenacity/__pycache__/after.cpython-39.pyc,1208,91439ac982fc923d1eed9e981de5ab1bf352b41686852dc6cbbdd7318338ff40,discarded-generated-environment,,"Bundled Python virtual environment; reproducible dependency artifact, not source."
Secret Sharing/Super NTT/polyntt/$(VENV)/Lib/site-packages/pip/_vendor/tenacity/__pycache__/before.cpython-39.pyc,1096,bbe00b58f6517b897704490d1105dc484e47c2c50515765fe4da9e4300adb9fe,discarded-generated-environment,,"Bundled Python virtual environment; reproducible dependency artifact, not source."
Secret Sharing/Super NTT/polyntt/$(VENV)/Lib/site-packages/pip/_vendor/tenacity/__pycache__/before_sleep.cpython-39.pyc,1388,e5ecc784256885b1440ccf0006f45b2c75ceab57e8399fca23ab4f0498604259,discarded-generated-environment,,"Bundled Python virtual environment; reproducible dependency artifact, not source."
Secret Sharing/Super NTT/polyntt/$(VENV)/Lib/site-packages/pip/_vendor/tenacity/__pycache__/nap.cpython-39.pyc,1190,b89deca5ee11c4a50672bc4341adc1bf39b959e42557f4be15c99a7f350283df,discarded-generated-environment,,"Bundled Python virtual environment; reproducible dependency artifact, not source."
Secret Sharing/Super NTT/polyntt/$(VENV)/Lib/site-packages/pip/_vendor/tenacity/__pycache__/retry.cpython-39.pyc,8778,38ec8795ce8da408fce631b9239cbf39e82afe64b09f93b0ff48c3ab25d7692a,discarded-generated-environment,,"Bundled Python virtual environment; reproducible dependency artifact, not source."
Secret Sharing/Super NTT/polyntt/$(VENV)/Lib/site-packages/pip/_vendor/tenacity/__pycache__/stop.cpython-39.pyc,4242,3b8aa23866d310721b0c39b69c8e5338259d59bc8167e200c59df956d2f28278,discarded-generated-environment,,"Bundled Python virtual environment; reproducible dependency artifact, not source."
Secret Sharing/Super NTT/polyntt/$(VENV)/Lib/site-packages/pip/_vendor/tenacity/__pycache__/tornadoweb.cpython-39.pyc,1742,492be89362e2231539009aa21ae8922a08b07490329f41d424b89c98717dc64c,discarded-generated-environment,,"Bundled Python virtual environment; reproducible dependency artifact, not source."
Secret Sharing/Super NTT/polyntt/$(VENV)/Lib/site-packages/pip/_vendor/tenacity/__pycache__/wait.cpython-39.pyc,7954,3915930a80d89d283dcacf56fb74b683f1d3417564fab143b464f38ef3c8d32e,discarded-generated-environment,,"Bundled Python virtual environment; reproducible dependency artifact, not source."
Secret Sharing/Super NTT/polyntt/$(VENV)/Lib/site-packages/pip/_vendor/tenacity/__pycache__/_asyncio.cpython-39.pyc,2592,c7783e49c4e423e3ab314598c4045c44057e204810b5576bfca972683ccbe781,discarded-generated-environment,,"Bundled Python virtual environment; reproducible dependency artifact, not source."
Secret Sharing/Super NTT/polyntt/$(VENV)/Lib/site-packages/pip/_vendor/tenacity/__pycache__/_utils.cpython-39.pyc,1229,8366c364706a8ce0c13ee1e23ad9f124d8c5a71b1efc77fbbf954e19d8dd8268,discarded-generated-environment,,"Bundled Python virtual environment; reproducible dependency artifact, not source."
Secret Sharing/Super NTT/polyntt/$(VENV)/Lib/site-packages/pip/_vendor/tenacity/__pycache__/__init__.cpython-39.pyc,16277,0c6ffb10f37669bfce625dd0f899b3354b0500f476633de69eed9d71193a97ad,discarded-generated-environment,,"Bundled Python virtual environment; reproducible dependency artifact, not source."
Secret Sharing/Super NTT/polyntt/$(VENV)/Lib/site-packages/pip/_vendor/tomli/_parser.py,22415,e74043e28f586f314018063264ba990bc17cd4343b8965b2267ac737004a6ba0,discarded-generated-environment,,"Bundled Python virtual environment; reproducible dependency artifact, not source."
Secret Sharing/Super NTT/polyntt/$(VENV)/Lib/site-packages/pip/_vendor/tomli/_re.py,2681,e463df8172ad7a0ef0445085f83ce59003c8da29476e430adbe242e3d17e0094,discarded-generated-environment,,"Bundled Python virtual environment; reproducible dependency artifact, not source."
Secret Sharing/Super NTT/polyntt/$(VENV)/Lib/site-packages/pip/_vendor/tomli/__init__.py,230,cf5125b749cb02a5396340ce9fda7fffc4272d66af9443a947242291d6202aba,discarded-generated-environment,,"Bundled Python virtual environment; reproducible dependency artifact, not source."
Secret Sharing/Super NTT/polyntt/$(VENV)/Lib/site-packages/pip/_vendor/tomli/__pycache__/_parser.cpython-39.pyc,16352,93a5c3e08da4c001c6963c68932e89b9e96669b45d4226d3132d6cfded2c2021,discarded-generated-environment,,"Bundled Python virtual environment; reproducible dependency artifact, not source."
Secret Sharing/Super NTT/polyntt/$(VENV)/Lib/site-packages/pip/_vendor/tomli/__pycache__/_re.cpython-39.pyc,2427,ca335a72e28587918747ec643d53b009b3ade7b46e3513594012b733f0cff55c,discarded-generated-environment,,"Bundled Python virtual environment; reproducible dependency artifact, not source."
Secret Sharing/Super NTT/polyntt/$(VENV)/Lib/site-packages/pip/_vendor/tomli/__pycache__/__init__.cpython-39.pyc,377,ce6e66098d65ef2a7455846885c7c63d2f779667193dc4aab1cabe012fcc9cc7,discarded-generated-environment,,"Bundled Python virtual environment; reproducible dependency artifact, not source."
Secret Sharing/Super NTT/polyntt/$(VENV)/Lib/site-packages/pip/_vendor/urllib3/connection.py,18754,90096e6f0b16df7154494ae83d2547305fd9ceffaecd7fc1c1414c5d7f4fb7c7,discarded-generated-environment,,"Bundled Python virtual environment; reproducible dependency artifact, not source."
Secret Sharing/Super NTT/polyntt/$(VENV)/Lib/site-packages/pip/_vendor/urllib3/connectionpool.py,37131,8d73669b8cb72c959882d78d786718271f3ed24edbcca454fff0154d7cda21a9,discarded-generated-environment,,"Bundled Python virtual environment; reproducible dependency artifact, not source."
Secret Sharing/Super NTT/polyntt/$(VENV)/Lib/site-packages/pip/_vendor/urllib3/contrib/appengine.py,11034,95fce91c598988ef36b210a52c49b7401eb64988075a78e964e1ffd89854e537,discarded-generated-environment,,"Bundled Python virtual environment; reproducible dependency artifact, not source."
Secret Sharing/Super NTT/polyntt/$(VENV)/Lib/site-packages/pip/_vendor/urllib3/contrib/ntlmpool.py,4538,7a3f601af7c06f61add3495a7c5a78e52228473f90c2b438582866ea04260253,discarded-generated-environment,,"Bundled Python virtual environment; reproducible dependency artifact, not source."
Secret Sharing/Super NTT/polyntt/$(VENV)/Lib/site-packages/pip/_vendor/urllib3/contrib/pyopenssl.py,16891,958231185593a2ca9b7cb9e465738183b8a063bd6246f33735439a0f4b2d510f,discarded-generated-environment,,"Bundled Python virtual environment; reproducible dependency artifact, not source."
Secret Sharing/Super NTT/polyntt/$(VENV)/Lib/site-packages/pip/_vendor/urllib3/contrib/securetransport.py,34434,4cde6af5d299d12779fef5bd6da473100108b5d27ee159475a6014ae570935fa,discarded-generated-environment,,"Bundled Python virtual environment; reproducible dependency artifact, not source."
Secret Sharing/Super NTT/polyntt/$(VENV)/Lib/site-packages/pip/_vendor/urllib3/contrib/socks.py,7097,6918bd7965e8f5911bf795d4c5e7f8676d421659e78db122028f473ac7a832de,discarded-generated-environment,,"Bundled Python virtual environment; reproducible dependency artifact, not source."
Secret Sharing/Super NTT/polyntt/$(VENV)/Lib/site-packages/pip/_vendor/urllib3/contrib/_appengine_environ.py,957,6c36f2384856d8228b25c42a00a032ac41cdf9a925b321c52aaeaf17c645b269,discarded-generated-environment,,"Bundled Python virtual environment; reproducible dependency artifact, not source."
Secret Sharing/Super NTT/polyntt/$(VENV)/Lib/site-packages/pip/_vendor/urllib3/contrib/_securetransport/bindings.py,17649,791cb5323fb0a60eec47af8e4af9d25788d46e3313e3ae1d2cdfc25b16c8455c,discarded-generated-environment,,"Bundled Python virtual environment; reproducible dependency artifact, not source."
Secret Sharing/Super NTT/polyntt/$(VENV)/Lib/site-packages/pip/_vendor/urllib3/contrib/_securetransport/low_level.py,13908,96021db12c9ca9f0745e6e41889cd719e20a4fbc9b0903053c902091cc0f6b5b,discarded-generated-environment,,"Bundled Python virtual environment; reproducible dependency artifact, not source."
Secret Sharing/Super NTT/polyntt/$(VENV)/Lib/site-packages/pip/_vendor/urllib3/contrib/_securetransport/__init__.py,0,e3b0c44298fc1c149afbf4c8996fb92427ae41e4649b934ca495991b7852b855,discarded-generated-environment,,"Bundled Python virtual environment; reproducible dependency artifact, not source."
Secret Sharing/Super NTT/polyntt/$(VENV)/Lib/site-packages/pip/_vendor/urllib3/contrib/_securetransport/__pycache__/bindings.cpython-39.pyc,10721,f34196f035d892844be4200b0cd7427a96250352032abc8ff45eb1e024eff7a0,discarded-generated-environment,,"Bundled Python virtual environment; reproducible dependency artifact, not source."
Secret Sharing/Super NTT/polyntt/$(VENV)/Lib/site-packages/pip/_vendor/urllib3/contrib/_securetransport/__pycache__/low_level.cpython-39.pyc,9170,5d79ad2e0c9ed670fd48fe3500edf3c2ab5aa0e2d9feb0bc21db01a4ed9fffc6,discarded-generated-environment,,"Bundled Python virtual environment; reproducible dependency artifact, not source."
Secret Sharing/Super NTT/polyntt/$(VENV)/Lib/site-packages/pip/_vendor/urllib3/contrib/_securetransport/__pycache__/__init__.cpython-39.pyc,214,5fcf92be7824bd6aeecf16503ef6d59e5c4992e6cabbbd4c7be181b9d7ba2616,discarded-generated-environment,,"Bundled Python virtual environment; reproducible dependency artifact, not source."
Secret Sharing/Super NTT/polyntt/$(VENV)/Lib/site-packages/pip/_vendor/urllib3/contrib/__init__.py,0,e3b0c44298fc1c149afbf4c8996fb92427ae41e4649b934ca495991b7852b855,discarded-generated-environment,,"Bundled Python virtual environment; reproducible dependency artifact, not source."
Secret Sharing/Super NTT/polyntt/$(VENV)/Lib/site-packages/pip/_vendor/urllib3/contrib/__pycache__/appengine.cpython-39.pyc,8270,99e32a8cb50fd0acb7dedd412322fb45b0fb04fa0c7c6fbb742afd3a927eb059,discarded-generated-environment,,"Bundled Python virtual environment; reproducible dependency artifact, not source."
Secret Sharing/Super NTT/polyntt/$(VENV)/Lib/site-packages/pip/_vendor/urllib3/contrib/__pycache__/ntlmpool.cpython-39.pyc,3624,f7306f5888e443890b4410aca19bd29226d81f46a78f168be1840aa994e236c1,discarded-generated-environment,,"Bundled Python virtual environment; reproducible dependency artifact, not source."
Secret Sharing/Super NTT/polyntt/$(VENV)/Lib/site-packages/pip/_vendor/urllib3/contrib/__pycache__/pyopenssl.cpython-39.pyc,15592,f0d6c7ce110fd33d42cad0328f6fab2418fd70371e8ee8cdef2900cb196cbc24,discarded-generated-environment,,"Bundled Python virtual environment; reproducible dependency artifact, not source."
Secret Sharing/Super NTT/polyntt/$(VENV)/Lib/site-packages/pip/_vendor/urllib3/contrib/__pycache__/securetransport.cpython-39.pyc,21908,6bb29ec8ff11aadee6ce47d3bd7ca189897c6b1ba1904f4b7da66ccba3cc8822,discarded-generated-environment,,"Bundled Python virtual environment; reproducible dependency artifact, not source."
Secret Sharing/Super NTT/polyntt/$(VENV)/Lib/site-packages/pip/_vendor/urllib3/contrib/__pycache__/socks.cpython-39.pyc,5633,bb77b8e48e7e88773b7a3558288403fd6e418bfe2e925bce9047aeae724fee17,discarded-generated-environment,,"Bundled Python virtual environment; reproducible dependency artifact, not source."
Secret Sharing/Super NTT/polyntt/$(VENV)/Lib/site-packages/pip/_vendor/urllib3/contrib/__pycache__/_appengine_environ.cpython-39.pyc,1417,d6af93d6c6f3c248d503248b498f4b577973af6769e09c459826837d77b071ac,discarded-generated-environment,,"Bundled Python virtual environment; reproducible dependency artifact, not source."
Secret Sharing/Super NTT/polyntt/$(VENV)/Lib/site-packages/pip/_vendor/urllib3/contrib/__pycache__/__init__.cpython-39.pyc,197,9cb13f340744f2f1f35186b97de12a334311bb478b9c5bb1ab3d4a78daec850b,discarded-generated-environment,,"Bundled Python virtual environment; reproducible dependency artifact, not source."
Secret Sharing/Super NTT/polyntt/$(VENV)/Lib/site-packages/pip/_vendor/urllib3/exceptions.py,8217,d0c9e7a372874cd7d745f63beb7f0db9f38f9146fa9973a6f8baa3fb8c76c3c0,discarded-generated-environment,,"Bundled Python virtual environment; reproducible dependency artifact, not source."
Secret Sharing/Super NTT/polyntt/$(VENV)/Lib/site-packages/pip/_vendor/urllib3/fields.py,8579,92f2c30a0fc9987d652e3514118fc52d2f14858ee106f0cfb951136d8f2676b3,discarded-generated-environment,,"Bundled Python virtual environment; reproducible dependency artifact, not source."
Secret Sharing/Super NTT/polyntt/$(VENV)/Lib/site-packages/pip/_vendor/urllib3/filepost.py,2440,e5bfeaaa04475652fbb8bb5d018073061f861e653901f255b7fd8dd174b73de6,discarded-generated-environment,,"Bundled Python virtual environment; reproducible dependency artifact, not source."
Secret Sharing/Super NTT/polyntt/$(VENV)/Lib/site-packages/pip/_vendor/urllib3/packages/backports/makefile.py,1417,9dbcedde2d1a80f54fd3b8eaaa08e16988cc9ae022fd6e44d04cb0662bd53bc1,discarded-generated-environment,,"Bundled Python virtual environment; reproducible dependency artifact, not source."
Secret Sharing/Super NTT/polyntt/$(VENV)/Lib/site-packages/pip/_vendor/urllib3/packages/backports/__init__.py,0,e3b0c44298fc1c149afbf4c8996fb92427ae41e4649b934ca495991b7852b855,discarded-generated-environment,,"Bundled Python virtual environment; reproducible dependency artifact, not source."
Secret Sharing/Super NTT/polyntt/$(VENV)/Lib/site-packages/pip/_vendor/urllib3/packages/backports/__pycache__/makefile.cpython-39.pyc,1306,899b557f11823a4b45c174cf49939b23c2fb32c973ea10c864d8da6be155b338,discarded-generated-environment,,"Bundled Python virtual environment; reproducible dependency artifact, not source."
Secret Sharing/Super NTT/polyntt/$(VENV)/Lib/site-packages/pip/_vendor/urllib3/packages/backports/__pycache__/__init__.cpython-39.pyc,208,3d2bc6049e87f1b17780f2572afb5d4c63f82cecff5ad36b87d06131834ce9d5,discarded-generated-environment,,"Bundled Python virtual environment; reproducible dependency artifact, not source."
Secret Sharing/Super NTT/polyntt/$(VENV)/Lib/site-packages/pip/_vendor/urllib3/packages/six.py,34666,d4b556ee58ea462ac595f1318f097ebf507bbd20143539b318cb3ea9acacdb38,discarded-generated-environment,,"Bundled Python virtual environment; reproducible dependency artifact, not source."
Secret Sharing/Super NTT/polyntt/$(VENV)/Lib/site-packages/pip/_vendor/urllib3/packages/ssl_match_hostname/_implementation.py,5679,e9d67eab4ef883b5e1b09dbb3050a091cb7c895359077b0c66f2a17fe294572d,discarded-generated-environment,,"Bundled Python virtual environment; reproducible dependency artifact, not source."
Secret Sharing/Super NTT/polyntt/$(VENV)/Lib/site-packages/pip/_vendor/urllib3/packages/ssl_match_hostname/__init__.py,927,6553300a41f1fa9cbc111b31c4cdc897e322444664b55fbc88b06609f4511c8e,discarded-generated-environment,,"Bundled Python virtual environment; reproducible dependency artifact, not source."
Secret Sharing/Super NTT/polyntt/$(VENV)/Lib/site-packages/pip/_vendor/urllib3/packages/ssl_match_hostname/__pycache__/_implementation.cpython-39.pyc,3301,23853e4af70f048fa444c0e11a7a7dc84f223765caa5890db56571984799bca7,discarded-generated-environment,,"Bundled Python virtual environment; reproducible dependency artifact, not source."
Secret Sharing/Super NTT/polyntt/$(VENV)/Lib/site-packages/pip/_vendor/urllib3/packages/ssl_match_hostname/__pycache__/__init__.cpython-39.pyc,570,6cb4ffe6fcecf5229e211b06753570af261b4b44ea8b13cebef5a4fc5b349e50,discarded-generated-environment,,"Bundled Python virtual environment; reproducible dependency artifact, not source."
Secret Sharing/Super NTT/polyntt/$(VENV)/Lib/site-packages/pip/_vendor/urllib3/packages/__init__.py,108,87804b843e2d2da071d5a75a0ed2977eea6c82a634c162d76ff7f5ff256557a0,discarded-generated-environment,,"Bundled Python virtual environment; reproducible dependency artifact, not source."
Secret Sharing/Super NTT/polyntt/$(VENV)/Lib/site-packages/pip/_vendor/urllib3/packages/__pycache__/six.cpython-39.pyc,27581,7454d8be42bded9b678852de36d48fad5d37e4aec9adf516da8f9dd51fb71de8,discarded-generated-environment,,"Bundled Python virtual environment; reproducible dependency artifact, not source."
Secret Sharing/Super NTT/polyntt/$(VENV)/Lib/site-packages/pip/_vendor/urllib3/packages/__pycache__/__init__.cpython-39.pyc,311,f86b904518da8a9989c60a722374998ff2d026e8b0dcb2a3c8e6d6fc4f645836,discarded-generated-environment,,"Bundled Python virtual environment; reproducible dependency artifact, not source."
Secret Sharing/Super NTT/polyntt/$(VENV)/Lib/site-packages/pip/_vendor/urllib3/poolmanager.py,19763,c21ce55fa51312038330e0b2d190cc50e351042cf9c3220cf19f68a57018f8b9,discarded-generated-environment,,"Bundled Python virtual environment; reproducible dependency artifact, not source."
Secret Sharing/Super NTT/polyntt/$(VENV)/Lib/site-packages/pip/_vendor/urllib3/request.py,5985,645488a97d02e968b38b179c0a1677fe8932bbb044bf4959bb5553d2cea1e123,discarded-generated-environment,,"Bundled Python virtual environment; reproducible dependency artifact, not source."
Secret Sharing/Super NTT/polyntt/$(VENV)/Lib/site-packages/pip/_vendor/urllib3/response.py,28203,846846061ed3904921fc8420e42d56ff1b8f36b8082afe415173f213eab42ee1,discarded-generated-environment,,"Bundled Python virtual environment; reproducible dependency artifact, not source."
Secret Sharing/Super NTT/polyntt/$(VENV)/Lib/site-packages/pip/_vendor/urllib3/util/connection.py,4920,2b29233485f351913378a10ea65e71bcab3a22c1125cff68f5e4eb8c4d16fd8b,discarded-generated-environment,,"Bundled Python virtual environment; reproducible dependency artifact, not source."
Secret Sharing/Super NTT/polyntt/$(VENV)/Lib/site-packages/pip/_vendor/urllib3/util/proxy.py,1604,1468a90049ef66d7b295d5cd8dc7b80c407b633c14f9ae657a9f32e52d2a1d08,discarded-generated-environment,,"Bundled Python virtual environment; reproducible dependency artifact, not source."
Secret Sharing/Super NTT/polyntt/$(VENV)/Lib/site-packages/pip/_vendor/urllib3/util/queue.py,498,9d1817f3f797fbf564bf1a17d3de905a8cfc3ecd101d4004c482c263fecf9dc3,discarded-generated-environment,,"Bundled Python virtual environment; reproducible dependency artifact, not source."
Secret Sharing/Super NTT/polyntt/$(VENV)/Lib/site-packages/pip/_vendor/urllib3/util/request.py,4123,367cda10a4353dabb0e4c14c57a1e68043072137f402e6bd7d0bb38b6b99cc67,discarded-generated-environment,,"Bundled Python virtual environment; reproducible dependency artifact, not source."
Secret Sharing/Super NTT/polyntt/$(VENV)/Lib/site-packages/pip/_vendor/urllib3/util/response.py,3510,189a60dc4822f6a6895d1c01879c2ff8c36e4566a7e4122ee34a117a8c563f6f,discarded-generated-environment,,"Bundled Python virtual environment; reproducible dependency artifact, not source."
Secret Sharing/Super NTT/polyntt/$(VENV)/Lib/site-packages/pip/_vendor/urllib3/util/retry.py,21391,b4e59f6692ecb9ced56e4e675a933090774ca170a9f74200bc7e31b6348346a4,discarded-generated-environment,,"Bundled Python virtual environment; reproducible dependency artifact, not source."
Secret Sharing/Super NTT/polyntt/$(VENV)/Lib/site-packages/pip/_vendor/urllib3/util/ssltransport.py,6931,17f52770e5c671cf8c81e5854c0d47e100adfd144d41745b17aa278dedd2c876,discarded-generated-environment,,"Bundled Python virtual environment; reproducible dependency artifact, not source."
Secret Sharing/Super NTT/polyntt/$(VENV)/Lib/site-packages/pip/_vendor/urllib3/util/ssl_.py,17177,5f8f80a96f756983e13f1ebec5b7faeb21c540a6eaa9f0bfe59b785a42d7d477,discarded-generated-environment,,"Bundled Python virtual environment; reproducible dependency artifact, not source."
Secret Sharing/Super NTT/polyntt/$(VENV)/Lib/site-packages/pip/_vendor/urllib3/util/timeout.py,10003,4126c150d381f7287a0270e7eb54ab2d0d21839a33d08f7eb97106f75009b888,discarded-generated-environment,,"Bundled Python virtual environment; reproducible dependency artifact, not source."
Secret Sharing/Super NTT/polyntt/$(VENV)/Lib/site-packages/pip/_vendor/urllib3/util/url.py,14047,41513371b1e2a5b5f2096c07e91e0ae1347e37c4f82cce795843303544c198b1,discarded-generated-environment,,"Bundled Python virtual environment; reproducible dependency artifact, not source."
Secret Sharing/Super NTT/polyntt/$(VENV)/Lib/site-packages/pip/_vendor/urllib3/util/wait.py,5404,dcc50a452014243076b60728eea454b245b4cd7180598bd1444e10d7feb194bb,discarded-generated-environment,,"Bundled Python virtual environment; reproducible dependency artifact, not source."
Secret Sharing/Super NTT/polyntt/$(VENV)/Lib/site-packages/pip/_vendor/urllib3/util/__init__.py,1155,2449929a6aaa2f26b0f0fe75814226661f06c20f62d7349ef83a2a022b67da77,discarded-generated-environment,,"Bundled Python virtual environment; reproducible dependency artifact, not source."
Secret Sharing/Super NTT/polyntt/$(VENV)/Lib/site-packages/pip/_vendor/urllib3/util/__pycache__/connection.cpython-39.pyc,3459,b136cc91c333354a8c9cedd3c16f584c7885dac3166968a1752a06918d8cf33b,discarded-generated-environment,,"Bundled Python virtual environment; reproducible dependency artifact, not source."
Secret Sharing/Super NTT/polyntt/$(VENV)/Lib/site-packages/pip/_vendor/urllib3/util/__pycache__/proxy.cpython-39.pyc,1343,3b25ddddbee376654241148d976548690ccbb8b6fdbff46c99aada3697d84656,discarded-generated-environment,,"Bundled Python virtual environment; reproducible dependency artifact, not source."
Secret Sharing/Super NTT/polyntt/$(VENV)/Lib/site-packages/pip/_vendor/urllib3/util/__pycache__/queue.cpython-39.pyc,1062,12757676a63165e2fa1b1662841e5c40aa5301998e843660ca2dcaf7882dae8a,discarded-generated-environment,,"Bundled Python virtual environment; reproducible dependency artifact, not source."
Secret Sharing/Super NTT/polyntt/$(VENV)/Lib/site-packages/pip/_vendor/urllib3/util/__pycache__/request.cpython-39.pyc,3450,aa823b9103aa514f771a02c6415119f3e1a1ee3b723c1c1664bcbdad45bc78f5,discarded-generated-environment,,"Bundled Python virtual environment; reproducible dependency artifact, not source."
Secret Sharing/Super NTT/polyntt/$(VENV)/Lib/site-packages/pip/_vendor/urllib3/util/__pycache__/response.cpython-39.pyc,2347,fa47a642f6e4cdebd2fe8b422c63515b2c3582a7806dde22a274aad8490e5838,discarded-generated-environment,,"Bundled Python virtual environment; reproducible dependency artifact, not source."
Secret Sharing/Super NTT/polyntt/$(VENV)/Lib/site-packages/pip/_vendor/urllib3/util/__pycache__/retry.cpython-39.pyc,15834,3d499a689b1e85f52b43f5939419655876fe64d1df572af9c0a8f75ce6328fe9,discarded-generated-environment,,"Bundled Python virtual environment; reproducible dependency artifact, not source."
Secret Sharing/Super NTT/polyntt/$(VENV)/Lib/site-packages/pip/_vendor/urllib3/util/__pycache__/ssltransport.cpython-39.pyc,7512,619b2dd7631f9e5f3c3c5efe867224ed768cdac1b75860d65c7cc38a1f5cb65f,discarded-generated-environment,,"Bundled Python virtual environment; reproducible dependency artifact, not source."
Secret Sharing/Super NTT/polyntt/$(VENV)/Lib/site-packages/pip/_vendor/urllib3/util/__pycache__/ssl_.cpython-39.pyc,11331,2832a9124ddbabd8c2bfcd0af61399d82b565cbde30d5fab0c22bacb433c76cd,discarded-generated-environment,,"Bundled Python virtual environment; reproducible dependency artifact, not source."
Secret Sharing/Super NTT/polyntt/$(VENV)/Lib/site-packages/pip/_vendor/urllib3/util/__pycache__/timeout.cpython-39.pyc,8945,9a46aa8ce11bf2e71d6acbad21b434d703fb2ad3f15a38acd45704ca00d5c5c8,discarded-generated-environment,,"Bundled Python virtual environment; reproducible dependency artifact, not source."
Secret Sharing/Super NTT/polyntt/$(VENV)/Lib/site-packages/pip/_vendor/urllib3/util/__pycache__/url.cpython-39.pyc,10670,6566838f4e22d49be442d5a7a13cc2f034c195b24381bbed3e0433d65bb61d18,discarded-generated-environment,,"Bundled Python virtual environment; reproducible dependency artifact, not source."
Secret Sharing/Super NTT/polyntt/$(VENV)/Lib/site-packages/pip/_vendor/urllib3/util/__pycache__/wait.cpython-39.pyc,3130,4a270158b9b5b4b5ba26a4a76e583668e72268f2aa7eb2fe9f50e78762d56927,discarded-generated-environment,,"Bundled Python virtual environment; reproducible dependency artifact, not source."
Secret Sharing/Super NTT/polyntt/$(VENV)/Lib/site-packages/pip/_vendor/urllib3/util/__pycache__/__init__.cpython-39.pyc,1107,a1a23866b4a39e4b0523921d5a2eacfdd44f36f9752a0cf6c4e454e21bb807e1,discarded-generated-environment,,"Bundled Python virtual environment; reproducible dependency artifact, not source."
Secret Sharing/Super NTT/polyntt/$(VENV)/Lib/site-packages/pip/_vendor/urllib3/_collections.py,10811,469d6657206073f52501ca7a3376add6c909057479278dcd6b0453bd6da0fd76,discarded-generated-environment,,"Bundled Python virtual environment; reproducible dependency artifact, not source."
Secret Sharing/Super NTT/polyntt/$(VENV)/Lib/site-packages/pip/_vendor/urllib3/_version.py,63,e9f24020f9c9913d26f70cd58c7ac572ae7062deb9752b43a5a45c8e3e6e828a,discarded-generated-environment,,"Bundled Python virtual environment; reproducible dependency artifact, not source."
Secret Sharing/Super NTT/polyntt/$(VENV)/Lib/site-packages/pip/_vendor/urllib3/__init__.py,2763,8f7cb31c86e65bb092f8829027df8f3d07ff60a3bc10e01ecbfacc5b4511eeeb,discarded-generated-environment,,"Bundled Python virtual environment; reproducible dependency artifact, not source."
Secret Sharing/Super NTT/polyntt/$(VENV)/Lib/site-packages/pip/_vendor/urllib3/__pycache__/connection.cpython-39.pyc,13368,7ebbf40636bfb4775dec74e4af996bc2ceef2537e019e934cc50410f62907b1c,discarded-generated-environment,,"Bundled Python virtual environment; reproducible dependency artifact, not source."
Secret Sharing/Super NTT/polyntt/$(VENV)/Lib/site-packages/pip/_vendor/urllib3/__pycache__/connectionpool.cpython-39.pyc,24464,ed4840f6c957ed2264c06323f6f8654b7e0de71d80e984e8d135cb1064826223,discarded-generated-environment,,"Bundled Python virtual environment; reproducible dependency artifact, not source."
Secret Sharing/Super NTT/polyntt/$(VENV)/Lib/site-packages/pip/_vendor/urllib3/__pycache__/exceptions.cpython-39.pyc,11644,51a9cacea507cb1653c2c9fb34de526b1ef61b42ff1d33c57d83e282b447f556,discarded-generated-environment,,"Bundled Python virtual environment; reproducible dependency artifact, not source."
Secret Sharing/Super NTT/polyntt/$(VENV)/Lib/site-packages/pip/_vendor/urllib3/__pycache__/fields.cpython-39.pyc,8159,f5b4fe1c1bfe1cbd68b7e42d6044c8199bb82d0efab04be8d87d34d65039d80c,discarded-generated-environment,,"Bundled Python virtual environment; reproducible dependency artifact, not source."
Secret Sharing/Super NTT/polyntt/$(VENV)/Lib/site-packages/pip/_vendor/urllib3/__pycache__/filepost.cpython-39.pyc,2760,977aa3e65946ca547353a96ce18bf971dc8000374bef71315f764f76e99cb6aa,discarded-generated-environment,,"Bundled Python virtual environment; reproducible dependency artifact, not source."
Secret Sharing/Super NTT/polyntt/$(VENV)/Lib/site-packages/pip/_vendor/urllib3/__pycache__/poolmanager.cpython-39.pyc,15162,10836188dea4a756fca8281b3053bd097aaaca3e6cae49cd6360179bc213e9c3,discarded-generated-environment,,"Bundled Python virtual environment; reproducible dependency artifact, not source."
Secret Sharing/Super NTT/polyntt/$(VENV)/Lib/site-packages/pip/_vendor/urllib3/__pycache__/request.cpython-39.pyc,5623,32768baea81026e7034732500e97cf4be58c2023b625d9a9bda1bf8706caa04b,discarded-generated-environment,,"Bundled Python virtual environment; reproducible dependency artifact, not source."
Secret Sharing/Super NTT/polyntt/$(VENV)/Lib/site-packages/pip/_vendor/urllib3/__pycache__/response.cpython-39.pyc,20834,e99604d9a03e9bbb1f3b611ccac20009bf76891634b07865a251fe676549790b,discarded-generated-environment,,"Bundled Python virtual environment; reproducible dependency artifact, not source."
Secret Sharing/Super NTT/polyntt/$(VENV)/Lib/site-packages/pip/_vendor/urllib3/__pycache__/_collections.cpython-39.pyc,10782,7ccd4e91a4d19540b6e90000463b26a024749d165c5e8de76ed5700ab07937fe,discarded-generated-environment,,"Bundled Python virtual environment; reproducible dependency artifact, not source."
Secret Sharing/Super NTT/polyntt/$(VENV)/Lib/site-packages/pip/_vendor/urllib3/__pycache__/_version.cpython-39.pyc,211,99e90b74ad7181f1d2cf42f924b943bff0720450348990962815db16694e7069,discarded-generated-environment,,"Bundled Python virtual environment; reproducible dependency artifact, not source."
Secret Sharing/Super NTT/polyntt/$(VENV)/Lib/site-packages/pip/_vendor/urllib3/__pycache__/__init__.cpython-39.pyc,2187,c923811b8b8e38e135d7366c3d479f4a483a45da12d155fa482a81e5e559bb5f,discarded-generated-environment,,"Bundled Python virtual environment; reproducible dependency artifact, not source."
Secret Sharing/Super NTT/polyntt/$(VENV)/Lib/site-packages/pip/_vendor/vendor.txt,364,1ae1614740c765aceb498672a18ee3dd7dd3fe618987e932da8a5c67e03b7b3a,discarded-generated-environment,,"Bundled Python virtual environment; reproducible dependency artifact, not source."
Secret Sharing/Super NTT/polyntt/$(VENV)/Lib/site-packages/pip/_vendor/webencodings/labels.py,8979,e003bf2b14dd76a1adacbf67b3b9003e36f409c37ac6c088c5b2b7ec763daf71,discarded-generated-environment,,"Bundled Python virtual environment; reproducible dependency artifact, not source."
Secret Sharing/Super NTT/polyntt/$(VENV)/Lib/site-packages/pip/_vendor/webencodings/mklabels.py,1305,19821ecb09e968b9cfd064a273c2c55a0774515bcefe5d4d73a62817ef3b47fe,discarded-generated-environment,,"Bundled Python virtual environment; reproducible dependency artifact, not source."
Secret Sharing/Super NTT/polyntt/$(VENV)/Lib/site-packages/pip/_vendor/webencodings/tests.py,6563,3ad18bca384d6357ef916d46bcb27f155f59a2a0bd027ca3afbab79314dbccdb,discarded-generated-environment,,"Bundled Python virtual environment; reproducible dependency artifact, not source."
Secret Sharing/Super NTT/polyntt/$(VENV)/Lib/site-packages/pip/_vendor/webencodings/x_user_defined.py,4307,c8ea9649d9a9cad19f52087f67a258803361a1cf81007cb279e4f5e45af8dad3,discarded-generated-environment,,"Bundled Python virtual environment; reproducible dependency artifact, not source."
Secret Sharing/Super NTT/polyntt/$(VENV)/Lib/site-packages/pip/_vendor/webencodings/__init__.py,10579,a8e04922e3f2ff8072607e96fdb360245faa610d83a14f9d2ac0eee724560978,discarded-generated-environment,,"Bundled Python virtual environment; reproducible dependency artifact, not source."
Secret Sharing/Super NTT/polyntt/$(VENV)/Lib/site-packages/pip/_vendor/webencodings/__pycache__/labels.cpython-39.pyc,3835,42588b8c505a4023b7d12c9d6409ea633140c3976d4f53978adce8a69ba893f6,discarded-generated-environment,,"Bundled Python virtual environment; reproducible dependency artifact, not source."
Secret Sharing/Super NTT/polyntt/$(VENV)/Lib/site-packages/pip/_vendor/webencodings/__pycache__/mklabels.cpython-39.pyc,1905,b8286c7818a7bd03a40c72c896c99f626076fb20e2b9528e23ecfb0cb9fcb115,discarded-generated-environment,,"Bundled Python virtual environment; reproducible dependency artifact, not source."
Secret Sharing/Super NTT/polyntt/$(VENV)/Lib/site-packages/pip/_vendor/webencodings/__pycache__/tests.cpython-39.pyc,5069,0a4ccc193014c24469e8662acaec07d95506e2e3a1a2166aad0775fae931edee,discarded-generated-environment,,"Bundled Python virtual environment; reproducible dependency artifact, not source."
Secret Sharing/Super NTT/polyntt/$(VENV)/Lib/site-packages/pip/_vendor/webencodings/__pycache__/x_user_defined.cpython-39.pyc,2665,033bd2564530dd7a2a7d25967cdb7d4779c7d0d36bbdfc0d6b8ebb84a06538f8,discarded-generated-environment,,"Bundled Python virtual environment; reproducible dependency artifact, not source."
Secret Sharing/Super NTT/polyntt/$(VENV)/Lib/site-packages/pip/_vendor/webencodings/__pycache__/__init__.cpython-39.pyc,9721,16c752bc224709d58533e27dd9bf4ebfc64785d06d01229dd8b0311fa27ae024,discarded-generated-environment,,"Bundled Python virtual environment; reproducible dependency artifact, not source."
Secret Sharing/Super NTT/polyntt/$(VENV)/Lib/site-packages/pip/_vendor/__init__.py,4703,784ff2a0710baba2b0fbe5aa84011c2a4bc72ca6e64d1d7e257fd3875c1c3597,discarded-generated-environment,,"Bundled Python virtual environment; reproducible dependency artifact, not source."
Secret Sharing/Super NTT/polyntt/$(VENV)/Lib/site-packages/pip/_vendor/__pycache__/appdirs.cpython-39.pyc,21397,e586ee5de701f494c5bdc8f9d2b38fa503c62f2c13095c0dd75f8394ae413355,discarded-generated-environment,,"Bundled Python virtual environment; reproducible dependency artifact, not source."
Secret Sharing/Super NTT/polyntt/$(VENV)/Lib/site-packages/pip/_vendor/__pycache__/distro.cpython-39.pyc,36876,da895daa89792a46c71e27d51bc160324ecf05ab92fecd15efd423317757c206,discarded-generated-environment,,"Bundled Python virtual environment; reproducible dependency artifact, not source."
Secret Sharing/Super NTT/polyntt/$(VENV)/Lib/site-packages/pip/_vendor/__pycache__/pyparsing.cpython-39.pyc,240433,ece518d654f1c021ebb035a4632aff425436a7ec841da9050597d282cbcbd606,discarded-generated-environment,,"Bundled Python virtual environment; reproducible dependency artifact, not source."
Secret Sharing/Super NTT/polyntt/$(VENV)/Lib/site-packages/pip/_vendor/__pycache__/six.cpython-39.pyc,27506,276106948e50e332052677ac4c8d24e5603788537e48553cffbeb5dac92775a6,discarded-generated-environment,,"Bundled Python virtual environment; reproducible dependency artifact, not source."
Secret Sharing/Super NTT/polyntt/$(VENV)/Lib/site-packages/pip/_vendor/__pycache__/__init__.cpython-39.pyc,2897,615e5c984a091c6d5ddfb1e81dc269761ff5fdf6f5ce07c826b9757823b7e69a,discarded-generated-environment,,"Bundled Python virtual environment; reproducible dependency artifact, not source."
Secret Sharing/Super NTT/polyntt/$(VENV)/Lib/site-packages/pip/__init__.py,357,1248c560a88d74ee6bd53653d4af86c4fb37065d887515f0ef97bb215b0aae67,discarded-generated-environment,,"Bundled Python virtual environment; reproducible dependency artifact, not source."
Secret Sharing/Super NTT/polyntt/$(VENV)/Lib/site-packages/pip/__main__.py,1198,997c160dfb4d2cc29fc15a8a156184feeb8166f1922225042e12e47b2b08b997,discarded-generated-environment,,"Bundled Python virtual environment; reproducible dependency artifact, not source."
Secret Sharing/Super NTT/polyntt/$(VENV)/Lib/site-packages/pip/__pycache__/__init__.cpython-39.pyc,629,210bf181ca53452128d32e44a8545ac2091ebeeb2ecb82de6158bdcf25651f38,discarded-generated-environment,,"Bundled Python virtual environment; reproducible dependency artifact, not source."
Secret Sharing/Super NTT/polyntt/$(VENV)/Lib/site-packages/pip/__pycache__/__main__.cpython-39.pyc,585,e21676e5d871fb9ab0669079bebd842bd56699ebc9b3081df889db31827a14d3,discarded-generated-environment,,"Bundled Python virtual environment; reproducible dependency artifact, not source."
Secret Sharing/Super NTT/polyntt/$(VENV)/Lib/site-packages/pip-21.2.4.dist-info/entry_points.txt,125,e44c526b5b39e3348f340ff57a9267e525f4ebbf3a4bc939607c2c90cbd5633c,discarded-generated-environment,,"Bundled Python virtual environment; reproducible dependency artifact, not source."
Secret Sharing/Super NTT/polyntt/$(VENV)/Lib/site-packages/pip-21.2.4.dist-info/INSTALLER,4,ceebae7b8927a3227e5303cf5e0f1f7b34bb542ad7250ac03fbcde36ec2f1508,discarded-generated-environment,,"Bundled Python virtual environment; reproducible dependency artifact, not source."
Secret Sharing/Super NTT/polyntt/$(VENV)/Lib/site-packages/pip-21.2.4.dist-info/LICENSE.txt,1090,23a7361c2b1581028bc623b9da2bd24997abcaa4781ace6ad444a37944f8dae1,discarded-generated-environment,,"Bundled Python virtual environment; reproducible dependency artifact, not source."
Secret Sharing/Super NTT/polyntt/$(VENV)/Lib/site-packages/pip-21.2.4.dist-info/METADATA,4165,3c60a29ae0fe56c2afebae0d7bff676af32de88f589bfae6e69feee989207dde,discarded-generated-environment,,"Bundled Python virtual environment; reproducible dependency artifact, not source."
Secret Sharing/Super NTT/polyntt/$(VENV)/Lib/site-packages/pip-21.2.4.dist-info/RECORD,61653,cfeadf731a0bd3cfd55006fcdda97abab9268a31817d243a6bd89c8c43f4da4e,discarded-generated-environment,,"Bundled Python virtual environment; reproducible dependency artifact, not source."
Secret Sharing/Super NTT/polyntt/$(VENV)/Lib/site-packages/pip-21.2.4.dist-info/REQUESTED,0,e3b0c44298fc1c149afbf4c8996fb92427ae41e4649b934ca495991b7852b855,discarded-generated-environment,,"Bundled Python virtual environment; reproducible dependency artifact, not source."
Secret Sharing/Super NTT/polyntt/$(VENV)/Lib/site-packages/pip-21.2.4.dist-info/top_level.txt,4,ceebae7b8927a3227e5303cf5e0f1f7b34bb542ad7250ac03fbcde36ec2f1508,discarded-generated-environment,,"Bundled Python virtual environment; reproducible dependency artifact, not source."
Secret Sharing/Super NTT/polyntt/$(VENV)/Lib/site-packages/pip-21.2.4.dist-info/WHEEL,92,3aa464174798e461ecb0ca2b16395b4c8ab4ef6be91e917ad1f21003a952f710,discarded-generated-environment,,"Bundled Python virtual environment; reproducible dependency artifact, not source."
Secret Sharing/Super NTT/polyntt/$(VENV)/Lib/site-packages/pkg_resources/extern/__init__.py,2362,dcf8b1693f53cf3778368c95e8256119ded2ffd67e539caf31601fb592af0ba9,discarded-generated-environment,,"Bundled Python virtual environment; reproducible dependency artifact, not source."
Secret Sharing/Super NTT/polyntt/$(VENV)/Lib/site-packages/pkg_resources/extern/__pycache__/__init__.cpython-39.pyc,2880,56528d4ed1163afa0e3c880b29acb19dfbe1bcab9dc6ea46952ebce57a9e1991,discarded-generated-environment,,"Bundled Python virtual environment; reproducible dependency artifact, not source."
Secret Sharing/Super NTT/polyntt/$(VENV)/Lib/site-packages/pkg_resources/tests/data/my-test-package-source/setup.py,104,32b7b39779eac646248c26292319a3861838011f21822e1065d1189a4f88ed1f,discarded-generated-environment,,"Bundled Python virtual environment; reproducible dependency artifact, not source."
Secret Sharing/Super NTT/polyntt/$(VENV)/Lib/site-packages/pkg_resources/tests/data/my-test-package-source/__pycache__/setup.cpython-39.pyc,319,4c9f324fc8af338489bcfcfc4ed2cd69587c79ac9c726a55a0756c95be0c6b6c,discarded-generated-environment,,"Bundled Python virtual environment; reproducible dependency artifact, not source."
Secret Sharing/Super NTT/polyntt/$(VENV)/Lib/site-packages/pkg_resources/_vendor/appdirs.py,24701,3227af504bafde5fe6408487e52174b210e4fc13611c7cd88803eb4f72133782,discarded-generated-environment,,"Bundled Python virtual environment; reproducible dependency artifact, not source."
Secret Sharing/Super NTT/polyntt/$(VENV)/Lib/site-packages/pkg_resources/_vendor/packaging/markers.py,9518,6129ed4243272b2c35fc51baa1134d9c6c4b2fa6c0c5c1973adb8513e6134b79,discarded-generated-environment,,"Bundled Python virtual environment; reproducible dependency artifact, not source."
Secret Sharing/Super NTT/polyntt/$(VENV)/Lib/site-packages/pkg_resources/_vendor/packaging/requirements.py,4929,47c2b81f8c57fe20f82efa46c35537a2eb8f6c637ec33b05803edbae100cef56,discarded-generated-environment,,"Bundled Python virtual environment; reproducible dependency artifact, not source."
Secret Sharing/Super NTT/polyntt/$(VENV)/Lib/site-packages/pkg_resources/_vendor/packaging/specifiers.py,31944,b98a7d975dc5d0b7249d2e9de0deb4cad88180598884a89d78eabd027b314dca,discarded-generated-environment,,"Bundled Python virtual environment; reproducible dependency artifact, not source."
Secret Sharing/Super NTT/polyntt/$(VENV)/Lib/site-packages/pkg_resources/_vendor/packaging/tags.py,24067,34a312dfb668fe75ab67182c0facdb5ec5e073d79d9fd9b5eb470188b98725d1,discarded-generated-environment,,"Bundled Python virtual environment; reproducible dependency artifact, not source."
Secret Sharing/Super NTT/polyntt/$(VENV)/Lib/site-packages/pkg_resources/_vendor/packaging/utils.py,1811,452865be78ced82b58483f2eae2df67eb30c14c4e607ede286cab5fa08732c4c,discarded-generated-environment,,"Bundled Python virtual environment; reproducible dependency artifact, not source."
Secret Sharing/Super NTT/polyntt/$(VENV)/Lib/site-packages/pkg_resources/_vendor/packaging/version.py,15470,0a76e6f8e3bd0ffa9df194c5c7315c8d26af7b14981599b279aa0fbccb2380f7,discarded-generated-environment,,"Bundled Python virtual environment; reproducible dependency artifact, not source."
Secret Sharing/Super NTT/polyntt/$(VENV)/Lib/site-packages/pkg_resources/_vendor/packaging/_compat.py,1128,31776c1a9484fd6f99ac7a02f3b6a7748e0b576140c14ec72cbf9e1defc28e15,discarded-generated-environment,,"Bundled Python virtual environment; reproducible dependency artifact, not source."
Secret Sharing/Super NTT/polyntt/$(VENV)/Lib/site-packages/pkg_resources/_vendor/packaging/_structures.py,2022,a339025fc43c7f6a84d4489cdd8890e1bb8355f833da261ebd8f5eed1db2de26,discarded-generated-environment,,"Bundled Python virtual environment; reproducible dependency artifact, not source."
Secret Sharing/Super NTT/polyntt/$(VENV)/Lib/site-packages/pkg_resources/_vendor/packaging/_typing.py,1812,c79f44850e7b4cc4fe9134722d9576e4766f6061b06ee713a3a88a87f3b4b4cc,discarded-generated-environment,,"Bundled Python virtual environment; reproducible dependency artifact, not source."
Secret Sharing/Super NTT/polyntt/$(VENV)/Lib/site-packages/pkg_resources/_vendor/packaging/__about__.py,736,3cd32c6999f851c087cae6e044e1f56e5e8296e76e3e3239905ad2a7f660925a,discarded-generated-environment,,"Bundled Python virtual environment; reproducible dependency artifact, not source."
Secret Sharing/Super NTT/polyntt/$(VENV)/Lib/site-packages/pkg_resources/_vendor/packaging/__init__.py,562,e9e9dba795e045f8c18ec23df9b9f4d078c77f94c7db53c330e2a4256f31c3ec,discarded-generated-environment,,"Bundled Python virtual environment; reproducible dependency artifact, not source."
Secret Sharing/Super NTT/polyntt/$(VENV)/Lib/site-packages/pkg_resources/_vendor/packaging/__pycache__/markers.cpython-39.pyc,9312,c9b9d21c38307eb01d1bb44e7c0d13f1c04932121c2ad18022f88663e8702496,discarded-generated-environment,,"Bundled Python virtual environment; reproducible dependency artifact, not source."
Secret Sharing/Super NTT/polyntt/$(VENV)/Lib/site-packages/pkg_resources/_vendor/packaging/__pycache__/requirements.cpython-39.pyc,4089,19ddeae8a9ebea6e8cbbd542c5e9eac28f360e7dfc6987265e92f7ab381ca7ed,discarded-generated-environment,,"Bundled Python virtual environment; reproducible dependency artifact, not source."
Secret Sharing/Super NTT/polyntt/$(VENV)/Lib/site-packages/pkg_resources/_vendor/packaging/__pycache__/specifiers.cpython-39.pyc,20588,608b9afafa9681affb11760a921f28b4a0b6186bc1129bddae61c750153a1c38,discarded-generated-environment,,"Bundled Python virtual environment; reproducible dependency artifact, not source."
Secret Sharing/Super NTT/polyntt/$(VENV)/Lib/site-packages/pkg_resources/_vendor/packaging/__pycache__/tags.cpython-39.pyc,17267,201192217251fd19c7cd539d451c02295de744f5ea9187721b3ff74860ebb475,discarded-generated-environment,,"Bundled Python virtual environment; reproducible dependency artifact, not source."
Secret Sharing/Super NTT/polyntt/$(VENV)/Lib/site-packages/pkg_resources/_vendor/packaging/__pycache__/utils.cpython-39.pyc,1658,00beead23c0941a71be443f3598d067cfd28e4866d6ff6d7df0f88dcb50536c4,discarded-generated-environment,,"Bundled Python virtual environment; reproducible dependency artifact, not source."
Secret Sharing/Super NTT/polyntt/$(VENV)/Lib/site-packages/pkg_resources/_vendor/packaging/__pycache__/version.cpython-39.pyc,13325,73fe585566f13a37c8139a2519c1b598b2b1c35dbfc93cd3ca392fed34155754,discarded-generated-environment,,"Bundled Python virtual environment; reproducible dependency artifact, not source."
Secret Sharing/Super NTT/polyntt/$(VENV)/Lib/site-packages/pkg_resources/_vendor/packaging/__pycache__/_compat.cpython-39.pyc,1151,ed5150f7a73f0ff2472a43c459dd17513dc0282ff7516e5cea8c5bc155fc7695,discarded-generated-environment,,"Bundled Python virtual environment; reproducible dependency artifact, not source."
Secret Sharing/Super NTT/polyntt/$(VENV)/Lib/site-packages/pkg_resources/_vendor/packaging/__pycache__/_structures.cpython-39.pyc,2905,715f6f40a36efdf2297ae59bbf2369f853d16cfb89e0b72c0dfd8eb303d9fff9,discarded-generated-environment,,"Bundled Python virtual environment; reproducible dependency artifact, not source."
Secret Sharing/Super NTT/polyntt/$(VENV)/Lib/site-packages/pkg_resources/_vendor/packaging/__pycache__/_typing.cpython-39.pyc,1496,927c78260869509bcbc8e266ba52a6d5f03d081b5aa9b0c8627bfec472f066f3,discarded-generated-environment,,"Bundled Python virtual environment; reproducible dependency artifact, not source."
Secret Sharing/Super NTT/polyntt/$(VENV)/Lib/site-packages/pkg_resources/_vendor/packaging/__pycache__/__about__.cpython-39.pyc,707,72078cf0726ab049f4e219857cb058edd687c216153b25c004f4bd3e23e664eb,discarded-generated-environment,,"Bundled Python virtual environment; reproducible dependency artifact, not source."
Secret Sharing/Super NTT/polyntt/$(VENV)/Lib/site-packages/pkg_resources/_vendor/packaging/__pycache__/__init__.cpython-39.pyc,553,8013946fc7e88d595b9bc5002d96580b5a7c5a43fd5b7b821c290c4958bda931,discarded-generated-environment,,"Bundled Python virtual environment; reproducible dependency artifact, not source."
Secret Sharing/Super NTT/polyntt/$(VENV)/Lib/site-packages/pkg_resources/_vendor/pyparsing.py,232056,99a86d920729de0acd003d2b7bff51d032ef067be3ce978bc2026a4fedc7d421,discarded-generated-environment,,"Bundled Python virtual environment; reproducible dependency artifact, not source."
Secret Sharing/Super NTT/polyntt/$(VENV)/Lib/site-packages/pkg_resources/_vendor/__init__.py,0,e3b0c44298fc1c149afbf4c8996fb92427ae41e4649b934ca495991b7852b855,discarded-generated-environment,,"Bundled Python virtual environment; reproducible dependency artifact, not source."
Secret Sharing/Super NTT/polyntt/$(VENV)/Lib/site-packages/pkg_resources/_vendor/__pycache__/appdirs.cpython-39.pyc,20508,92742cd0c3e18f83a912a149ec925c2573bc58e070ea4a52d21d47dc2151c752,discarded-generated-environment,,"Bundled Python virtual environment; reproducible dependency artifact, not source."
Secret Sharing/Super NTT/polyntt/$(VENV)/Lib/site-packages/pkg_resources/_vendor/__pycache__/pyparsing.cpython-39.pyc,201345,6d3dc553377add7fe22541134c1358e95e34d45af699f9f3b941342ddcdab8bf,discarded-generated-environment,,"Bundled Python virtual environment; reproducible dependency artifact, not source."
Secret Sharing/Super NTT/polyntt/$(VENV)/Lib/site-packages/pkg_resources/_vendor/__pycache__/__init__.cpython-39.pyc,191,11b4a46b7ced69a93b0ccc9a75a4c3058ed3c720348f8b9033a5fa0b74ce0c08,discarded-generated-environment,,"Bundled Python virtual environment; reproducible dependency artifact, not source."
Secret Sharing/Super NTT/polyntt/$(VENV)/Lib/site-packages/pkg_resources/__init__.py,108202,3f73cd377fe6f0926b60ca7e8be4aafb7ae12b9bee562aaa8e7d545ca1df7bb4,discarded-generated-environment,,"Bundled Python virtual environment; reproducible dependency artifact, not source."
Secret Sharing/Super NTT/polyntt/$(VENV)/Lib/site-packages/pkg_resources/__pycache__/__init__.cpython-39.pyc,100437,08e685b96268d125ad634805a1a81bd376f60c46959a2f13d7f9c945ebbeab1f,discarded-generated-environment,,"Bundled Python virtual environment; reproducible dependency artifact, not source."
Secret Sharing/Super NTT/polyntt/$(VENV)/Lib/site-packages/setuptools/archive_util.py,7077,99a2436e8cd16c37923f0e77553d1c6ff212dd6d00a7bde5251f2d5fc4590f1d,discarded-generated-environment,,"Bundled Python virtual environment; reproducible dependency artifact, not source."
Secret Sharing/Super NTT/polyntt/$(VENV)/Lib/site-packages/setuptools/build_meta.py,10280,c7b148d543ca08ac41052a295e871f1839c96bdf2b40ef1ab4a5d2c09b5d89df,discarded-generated-environment,,"Bundled Python virtual environment; reproducible dependency artifact, not source."
Secret Sharing/Super NTT/polyntt/$(VENV)/Lib/site-packages/setuptools/cli-32.exe,65536,75f12ea2f30d9c0d872dade345f30f562e6d93847b6a509ba53beec6d0b2c346,discarded-generated-environment,,"Bundled Python virtual environment; reproducible dependency artifact, not source."
Secret Sharing/Super NTT/polyntt/$(VENV)/Lib/site-packages/setuptools/cli-64.exe,74752,28b001bb9a72ae7a24242bfab248d767a1ac5dec981c672a3944f7a072375e9a,discarded-generated-environment,,"Bundled Python virtual environment; reproducible dependency artifact, not source."
Secret Sharing/Super NTT/polyntt/$(VENV)/Lib/site-packages/setuptools/cli.exe,65536,75f12ea2f30d9c0d872dade345f30f562e6d93847b6a509ba53beec6d0b2c346,discarded-generated-environment,,"Bundled Python virtual environment; reproducible dependency artifact, not source."
Secret Sharing/Super NTT/polyntt/$(VENV)/Lib/site-packages/setuptools/command/alias.py,2381,d6c2d0c5970d87a7434290e69b81bb506193a25f379d8d4d4cf98d05b9b6b222,discarded-generated-environment,,"Bundled Python virtual environment; reproducible dependency artifact, not source."
Secret Sharing/Super NTT/polyntt/$(VENV)/Lib/site-packages/setuptools/command/bdist_egg.py,16604,faea6207a7c5b66f1c412423d4b4435691b5f93d78dc3b170af5747e1d37bbb5,discarded-generated-environment,,"Bundled Python virtual environment; reproducible dependency artifact, not source."
Secret Sharing/Super NTT/polyntt/$(VENV)/Lib/site-packages/setuptools/command/bdist_rpm.py,1182,3f1ae0a073cd6b0d8fc36a8d8e31c33c2f80cbf21a0db0aa3f777fe4df9c8f60,discarded-generated-environment,,"Bundled Python virtual environment; reproducible dependency artifact, not source."
Secret Sharing/Super NTT/polyntt/$(VENV)/Lib/site-packages/setuptools/command/build_clib.py,4415,7d61d2146924d7454275d0560accef361a306c6f59f42657563436b92227a0eb,discarded-generated-environment,,"Bundled Python virtual environment; reproducible dependency artifact, not source."
Secret Sharing/Super NTT/polyntt/$(VENV)/Lib/site-packages/setuptools/command/build_ext.py,13212,48d2b4e361df0767b394341b49544616a23520ce40e00b23535c295777e0b241,discarded-generated-environment,,"Bundled Python virtual environment; reproducible dependency artifact, not source."
Secret Sharing/Super NTT/polyntt/$(VENV)/Lib/site-packages/setuptools/command/build_py.py,8276,5327637255e5e854b2acf8d738ec190fe8076f2d2d20aa0ffaabb98adbf23f48,discarded-generated-environment,,"Bundled Python virtual environment; reproducible dependency artifact, not source."
Secret Sharing/Super NTT/polyntt/$(VENV)/Lib/site-packages/setuptools/command/develop.py,7012,e7f4acec435dd7f07f8d5318d6d179515ff2d57bba8db57300f1bca0a7a5b860,discarded-generated-environment,,"Bundled Python virtual environment; reproducible dependency artifact, not source."
Secret Sharing/Super NTT/polyntt/$(VENV)/Lib/site-packages/setuptools/command/dist_info.py,960,e6dea439fadd8002d3f8fde882cb3a3c5f64f8b7b27acb9ec9cba4ddd5326672,discarded-generated-environment,,"Bundled Python virtual environment; reproducible dependency artifact, not source."
Secret Sharing/Super NTT/polyntt/$(VENV)/Lib/site-packages/setuptools/command/easy_install.py,85344,b8ad2121731f946b9e7e642e03c73a970c13ecda74b955d15a1c4f89ec6d81be,discarded-generated-environment,,"Bundled Python virtual environment; reproducible dependency artifact, not source."
Secret Sharing/Super NTT/polyntt/$(VENV)/Lib/site-packages/setuptools/command/egg_info.py,25335,b1ef85858235b1933329dea59dd57ffaf364277d615f81d8e1970c52eef597d9,discarded-generated-environment,,"Bundled Python virtual environment; reproducible dependency artifact, not source."
Secret Sharing/Super NTT/polyntt/$(VENV)/Lib/site-packages/setuptools/command/install.py,4705,f1da0cc5e4040e82b811ca3498ed969575f3ce9f509ec18943b67bc969193c6f,discarded-generated-environment,,"Bundled Python virtual environment; reproducible dependency artifact, not source."
Secret Sharing/Super NTT/polyntt/$(VENV)/Lib/site-packages/setuptools/command/install_egg_info.py,2203,6cc81e21e4625f34380c018f575df6f24723c108c78ce594e059e00162d5efc4,discarded-generated-environment,,"Bundled Python virtual environment; reproducible dependency artifact, not source."
Secret Sharing/Super NTT/polyntt/$(VENV)/Lib/site-packages/setuptools/command/install_lib.py,3875,533e3631cb321d9023ac1e9cc3d13b073d31b1a4dbcf19ccd4f23d0818623ed1,discarded-generated-environment,,"Bundled Python virtual environment; reproducible dependency artifact, not source."
Secret Sharing/Super NTT/polyntt/$(VENV)/Lib/site-packages/setuptools/command/install_scripts.py,2593,a348cdfdec7bc98624f16e5c97299314e5f090530acd6f6aff377d36971ec7b3,discarded-generated-environment,,"Bundled Python virtual environment; reproducible dependency artifact, not source."
Secret Sharing/Super NTT/polyntt/$(VENV)/Lib/site-packages/setuptools/command/launcher manifest.xml,628,c652db8d6ac1d35b4a0b4fa195590e2a48923dbccc9a5d9e38fb49fee7029db1,discarded-generated-environment,,"Bundled Python virtual environment; reproducible dependency artifact, not source."
Secret Sharing/Super NTT/polyntt/$(VENV)/Lib/site-packages/setuptools/command/py36compat.py,4946,ef22d6cd08f5efd127c77a49f15d5c0c30b378b30531df5725794afa2653ab96,discarded-generated-environment,,"Bundled Python virtual environment; reproducible dependency artifact, not source."
Secret Sharing/Super NTT/polyntt/$(VENV)/Lib/site-packages/setuptools/command/register.py,468,924dc3c5709be655d3bea9e17f0c7683aabb8b06d49a04f25d409a068a013949,discarded-generated-environment,,"Bundled Python virtual environment; reproducible dependency artifact, not source."
Secret Sharing/Super NTT/polyntt/$(VENV)/Lib/site-packages/setuptools/command/rotate.py,2128,4afb103dab1ecc8a233e3bcc9df92ace1f0fd14d2d0a3d1d69ccc5f2e7373503,discarded-generated-environment,,"Bundled Python virtual environment; reproducible dependency artifact, not source."
Secret Sharing/Super NTT/polyntt/$(VENV)/Lib/site-packages/setuptools/command/saveopts.py,658,cdaed00817108a628aae259ca0271b8713e3533df481207be33b932f8ef1a4fe,discarded-generated-environment,,"Bundled Python virtual environment; reproducible dependency artifact, not source."
Secret Sharing/Super NTT/polyntt/$(VENV)/Lib/site-packages/setuptools/command/sdist.py,5967,a44305d06315b9ace734ae8615a98ae064971bdfea79fd2273ccfb8c4b0f98aa,discarded-generated-environment,,"Bundled Python virtual environment; reproducible dependency artifact, not source."
Secret Sharing/Super NTT/polyntt/$(VENV)/Lib/site-packages/setuptools/command/setopt.py,5086,a24c61a83d4d3359d095b4950c236fe8fed8ee0ebcd2c736afeb545bbc0f1f56,discarded-generated-environment,,"Bundled Python virtual environment; reproducible dependency artifact, not source."
Secret Sharing/Super NTT/polyntt/$(VENV)/Lib/site-packages/setuptools/command/test.py,8088,a8663e1f1d513c29dd955876aecac4b39e3bf42826c51b2b11f9552ebf7c8d50,discarded-generated-environment,,"Bundled Python virtual environment; reproducible dependency artifact, not source."
Secret Sharing/Super NTT/polyntt/$(VENV)/Lib/site-packages/setuptools/command/upload.py,462,5d3dd81557d83c0980e6a8468347ae96e53df1fb714545be3f329c38330bc54b,discarded-generated-environment,,"Bundled Python virtual environment; reproducible dependency artifact, not source."
Secret Sharing/Super NTT/polyntt/$(VENV)/Lib/site-packages/setuptools/command/upload_docs.py,7218,6dae643b279d0ffbbadb07a29ebc6aaa7be9b90bc122e6a65de8491bab40bced,discarded-generated-environment,,"Bundled Python virtual environment; reproducible dependency artifact, not source."
Secret Sharing/Super NTT/polyntt/$(VENV)/Lib/site-packages/setuptools/command/__init__.py,217,7bef1324e8a451edd2b747f0d9bda9f6ee440dd4b1979cc75012492a27db710f,discarded-generated-environment,,"Bundled Python virtual environment; reproducible dependency artifact, not source."
Secret Sharing/Super NTT/polyntt/$(VENV)/Lib/site-packages/setuptools/command/__pycache__/alias.cpython-39.pyc,2371,a6f8959f7536bd19f8c504d5863471ea278f27fa78297f8da02cd79bff466962,discarded-generated-environment,,"Bundled Python virtual environment; reproducible dependency artifact, not source."
Secret Sharing/Super NTT/polyntt/$(VENV)/Lib/site-packages/setuptools/command/__pycache__/bdist_egg.cpython-39.pyc,13037,4dc86283abf7c2045ba789a4496c26620aadbd640e423724f220a0a28bd1c362,discarded-generated-environment,,"Bundled Python virtual environment; reproducible dependency artifact, not source."
Secret Sharing/Super NTT/polyntt/$(VENV)/Lib/site-packages/setuptools/command/__pycache__/bdist_rpm.cpython-39.pyc,1584,9250dcda28d1b8e9630a25c7096c12d5a0a3f00701ad7a2c191479bd7d13ac2c,discarded-generated-environment,,"Bundled Python virtual environment; reproducible dependency artifact, not source."
Secret Sharing/Super NTT/polyntt/$(VENV)/Lib/site-packages/setuptools/command/__pycache__/build_clib.cpython-39.pyc,2468,34ce340c91d0e824446f692dc757e8de8594fe86724a61e19355812e3ca6b4a3,discarded-generated-environment,,"Bundled Python virtual environment; reproducible dependency artifact, not source."
Secret Sharing/Super NTT/polyntt/$(VENV)/Lib/site-packages/setuptools/command/__pycache__/build_ext.cpython-39.pyc,9827,49b93e61da574b98f3945506984310b6c85896f57864cd780ef28e50934f2bce,discarded-generated-environment,,"Bundled Python virtual environment; reproducible dependency artifact, not source."
Secret Sharing/Super NTT/polyntt/$(VENV)/Lib/site-packages/setuptools/command/__pycache__/build_py.cpython-39.pyc,7818,13ba45a12a732d1e74dfb57a450a9986d6107ced8bf7fc044061176c72cbd07d,discarded-generated-environment,,"Bundled Python virtual environment; reproducible dependency artifact, not source."
Secret Sharing/Super NTT/polyntt/$(VENV)/Lib/site-packages/setuptools/command/__pycache__/develop.cpython-39.pyc,6137,3198789ac4ff6dc3e7302d4ca0da60d8f314b22ac23e2822de0943023daa2007,discarded-generated-environment,,"Bundled Python virtual environment; reproducible dependency artifact, not source."
Secret Sharing/Super NTT/polyntt/$(VENV)/Lib/site-packages/setuptools/command/__pycache__/dist_info.cpython-39.pyc,1395,12350923471663abca702d3d523943a032731f9e7bee2bd248016a55018094ec,discarded-generated-environment,,"Bundled Python virtual environment; reproducible dependency artifact, not source."
Secret Sharing/Super NTT/polyntt/$(VENV)/Lib/site-packages/setuptools/command/__pycache__/easy_install.cpython-39.pyc,63588,e6bcdc232a27a12822b7ae62f66ec9a55a9d9e5143e95a1c9969dcb7152f95db,discarded-generated-environment,,"Bundled Python virtual environment; reproducible dependency artifact, not source."
Secret Sharing/Super NTT/polyntt/$(VENV)/Lib/site-packages/setuptools/command/__pycache__/egg_info.cpython-39.pyc,21978,6a7554a4f97f4c79a4798e18184a4c0abd43495e7bd1191dfe490b1f9866d357,discarded-generated-environment,,"Bundled Python virtual environment; reproducible dependency artifact, not source."
Secret Sharing/Super NTT/polyntt/$(VENV)/Lib/site-packages/setuptools/command/__pycache__/install.cpython-39.pyc,4036,d61d337f4b8d5953d27beabc42d3a6b3238622799471153fb48e1879ed183dda,discarded-generated-environment,,"Bundled Python virtual environment; reproducible dependency artifact, not source."
Secret Sharing/Super NTT/polyntt/$(VENV)/Lib/site-packages/setuptools/command/__pycache__/install_egg_info.cpython-39.pyc,2427,d2907267d499661f4cbe7c0e801d92cab8f7b9f288c7aed0a629c467ae51d6a6,discarded-generated-environment,,"Bundled Python virtual environment; reproducible dependency artifact, not source."
Secret Sharing/Super NTT/polyntt/$(VENV)/Lib/site-packages/setuptools/command/__pycache__/install_lib.cpython-39.pyc,4134,f4c50505286a8466de6f6b2c4d87a8bc0405107cff58f86f97330dbf538a9dc7,discarded-generated-environment,,"Bundled Python virtual environment; reproducible dependency artifact, not source."
Secret Sharing/Super NTT/polyntt/$(VENV)/Lib/site-packages/setuptools/command/__pycache__/install_scripts.cpython-39.pyc,2422,50f67474af57964375b40147c7c13d115ed4a61a6da1e47bb4ea429c2384fd29,discarded-generated-environment,,"Bundled Python virtual environment; reproducible dependency artifact, not source."
Secret Sharing/Super NTT/polyntt/$(VENV)/Lib/site-packages/setuptools/command/__pycache__/py36compat.cpython-39.pyc,4589,9971ab98823de4881c682051da44a3aa7058cf0c917ed73c440cd5895400fe0c,discarded-generated-environment,,"Bundled Python virtual environment; reproducible dependency artifact, not source."
Secret Sharing/Super NTT/polyntt/$(VENV)/Lib/site-packages/setuptools/command/__pycache__/register.cpython-39.pyc,845,097a550536bbc49bf09d50e8e0f31497d038c37678d036bb5a9b3c05f8015d8f,discarded-generated-environment,,"Bundled Python virtual environment; reproducible dependency artifact, not source."
Secret Sharing/Super NTT/polyntt/$(VENV)/Lib/site-packages/setuptools/command/__pycache__/rotate.cpython-39.pyc,2504,0e41b7e2cb8f4d997cd0d75902cfc66a076e430357e7b040b49a46e27acbacbd,discarded-generated-environment,,"Bundled Python virtual environment; reproducible dependency artifact, not source."
Secret Sharing/Super NTT/polyntt/$(VENV)/Lib/site-packages/setuptools/command/__pycache__/saveopts.cpython-39.pyc,923,40ad91eaa4708382f8f55bb98f2b4ccaa8cef2a3b4e93899171be474fda6f12b,discarded-generated-environment,,"Bundled Python virtual environment; reproducible dependency artifact, not source."
Secret Sharing/Super NTT/polyntt/$(VENV)/Lib/site-packages/setuptools/command/__pycache__/sdist.cpython-39.pyc,6464,f3eca5e0282ba6040505f133aa92f61f0f4e6287c39bc891e4e10fb13685551a,discarded-generated-environment,,"Bundled Python virtual environment; reproducible dependency artifact, not source."
Secret Sharing/Super NTT/polyntt/$(VENV)/Lib/site-packages/setuptools/command/__pycache__/setopt.cpython-39.pyc,4674,b9706533505e81d2c96477449c3a235b1f59887610ddb377824fda4f8bcea701,discarded-generated-environment,,"Bundled Python virtual environment; reproducible dependency artifact, not source."
Secret Sharing/Super NTT/polyntt/$(VENV)/Lib/site-packages/setuptools/command/__pycache__/test.cpython-39.pyc,8029,6163242048dcbfecc7323a630a7063418d35ed3f008363e67a4d2036d3b02eb8,discarded-generated-environment,,"Bundled Python virtual environment; reproducible dependency artifact, not source."
Secret Sharing/Super NTT/polyntt/$(VENV)/Lib/site-packages/setuptools/command/__pycache__/upload.cpython-39.pyc,818,b4f06501a7407a336f61423581cda9acd3ea8f0fe822fb75da8da81e24088bd7,discarded-generated-environment,,"Bundled Python virtual environment; reproducible dependency artifact, not source."
Secret Sharing/Super NTT/polyntt/$(VENV)/Lib/site-packages/setuptools/command/__pycache__/upload_docs.cpython-39.pyc,6161,6a263459a33ba544812d836cb234423571dff2f966347e8af41477a12c36b3ca,discarded-generated-environment,,"Bundled Python virtual environment; reproducible dependency artifact, not source."
Secret Sharing/Super NTT/polyntt/$(VENV)/Lib/site-packages/setuptools/command/__pycache__/__init__.cpython-39.pyc,377,345a2d21de9bdab2c9575f32b36abaaf1f2b2c93cd6b9c5baf61edc35fb42444,discarded-generated-environment,,"Bundled Python virtual environment; reproducible dependency artifact, not source."
Secret Sharing/Super NTT/polyntt/$(VENV)/Lib/site-packages/setuptools/config.py,23123,b26f596f3897f4394eba07159486e1aadb4c270c70ce7184b24f360fc3156833,discarded-generated-environment,,"Bundled Python virtual environment; reproducible dependency artifact, not source."
Secret Sharing/Super NTT/polyntt/$(VENV)/Lib/site-packages/setuptools/depends.py,5474,8877d974b7650aed81965485f5b460ecd534a2a6cf58c1fc9639b806ec100d8d,discarded-generated-environment,,"Bundled Python virtual environment; reproducible dependency artifact, not source."
Secret Sharing/Super NTT/polyntt/$(VENV)/Lib/site-packages/setuptools/dep_util.py,949,043c75064ccd427b6f001e1a972a476d6e54541ce3aad86cd34d0fad42f866a7,discarded-generated-environment,,"Bundled Python virtual environment; reproducible dependency artifact, not source."
Secret Sharing/Super NTT/polyntt/$(VENV)/Lib/site-packages/setuptools/dist.py,43087,719b4f3f3184852a263c7fef5c7fc378215eb6327d07c1eff155021b429b661f,discarded-generated-environment,,"Bundled Python virtual environment; reproducible dependency artifact, not source."
Secret Sharing/Super NTT/polyntt/$(VENV)/Lib/site-packages/setuptools/errors.py,524,31539cbf7f351cd49a8c3804516cce43827a0790470813128c77da59c130035a,discarded-generated-environment,,"Bundled Python virtual environment; reproducible dependency artifact, not source."
Secret Sharing/Super NTT/polyntt/$(VENV)/Lib/site-packages/setuptools/extension.py,1684,34c338e978cd7557a559e99cd31f02c95280e4ab3a666df14d6480d924bac593,discarded-generated-environment,,"Bundled Python virtual environment; reproducible dependency artifact, not source."
Secret Sharing/Super NTT/polyntt/$(VENV)/Lib/site-packages/setuptools/extern/__init__.py,2407,1e17fd5bbdd6022b70f5375125f0c86fa6058e62b9e8217ad5a7ddb35320d076,discarded-generated-environment,,"Bundled Python virtual environment; reproducible dependency artifact, not source."
Secret Sharing/Super NTT/polyntt/$(VENV)/Lib/site-packages/setuptools/extern/__pycache__/__init__.cpython-39.pyc,2919,4edda8a434b402738e069da246fca017ca39652e4448db8a6e90130a2c24e953,discarded-generated-environment,,"Bundled Python virtual environment; reproducible dependency artifact, not source."
Secret Sharing/Super NTT/polyntt/$(VENV)/Lib/site-packages/setuptools/glob.py,4873,d686636df8c01d25db81d852b91e98194f232a86fd2fc36d126058a9c3d32d89,discarded-generated-environment,,"Bundled Python virtual environment; reproducible dependency artifact, not source."
Secret Sharing/Super NTT/polyntt/$(VENV)/Lib/site-packages/setuptools/gui-32.exe,65536,5c1af46c7300e87a73dacf6cf41ce397e3f05df6bd9c7e227b4ac59f85769160,discarded-generated-environment,,"Bundled Python virtual environment; reproducible dependency artifact, not source."
Secret Sharing/Super NTT/polyntt/$(VENV)/Lib/site-packages/setuptools/gui-64.exe,75264,69828c857d4824b9f850b1e0597d2c134c91114b7a0774c41dffe33b0eb23721,discarded-generated-environment,,"Bundled Python virtual environment; reproducible dependency artifact, not source."
Secret Sharing/Super NTT/polyntt/$(VENV)/Lib/site-packages/setuptools/gui.exe,65536,5c1af46c7300e87a73dacf6cf41ce397e3f05df6bd9c7e227b4ac59f85769160,discarded-generated-environment,,"Bundled Python virtual environment; reproducible dependency artifact, not source."
Secret Sharing/Super NTT/polyntt/$(VENV)/Lib/site-packages/setuptools/installer.py,3567,8db85bed9564355fdb4943207e72dc670d081ebe911059ca178a3bff526ac66d,discarded-generated-environment,,"Bundled Python virtual environment; reproducible dependency artifact, not source."
Secret Sharing/Super NTT/polyntt/$(VENV)/Lib/site-packages/setuptools/launch.py,812,4f23d3f887354f612762f18edba81f3513f8cac065ae1a5b4634315ac88ee35e,discarded-generated-environment,,"Bundled Python virtual environment; reproducible dependency artifact, not source."
Secret Sharing/Super NTT/polyntt/$(VENV)/Lib/site-packages/setuptools/monkey.py,5217,d1edc77552971cbe35e4eee7a7e014aa11055cf3ee0dd24a6c8e3b72143f0c4e,discarded-generated-environment,,"Bundled Python virtual environment; reproducible dependency artifact, not source."
Secret Sharing/Super NTT/polyntt/$(VENV)/Lib/site-packages/setuptools/msvc.py,50561,dcb2edf77f1ee8e47bc163f322f090bbb2c25994882aaa0a57ac37afc8d5de46,discarded-generated-environment,,"Bundled Python virtual environment; reproducible dependency artifact, not source."
Secret Sharing/Super NTT/polyntt/$(VENV)/Lib/site-packages/setuptools/namespaces.py,3093,3cca8654f5cf610823513bc483d6c671c440908383ad0e8d9ac0e0fdfc04af02,discarded-generated-environment,,"Bundled Python virtual environment; reproducible dependency artifact, not source."
Secret Sharing/Super NTT/polyntt/$(VENV)/Lib/site-packages/setuptools/package_index.py,39886,d80d4eedfa535dc7de0f9215e075ab2281175e482ae64f2df5a5ab8f1f74567c,discarded-generated-environment,,"Bundled Python virtual environment; reproducible dependency artifact, not source."
Secret Sharing/Super NTT/polyntt/$(VENV)/Lib/site-packages/setuptools/py34compat.py,245,29839deb26d1c63056f0d266603f2dfd4cb2566caca69157a87a452ddb251975,discarded-generated-environment,,"Bundled Python virtual environment; reproducible dependency artifact, not source."
Secret Sharing/Super NTT/polyntt/$(VENV)/Lib/site-packages/setuptools/sandbox.py,14348,991f378be9aef99514ffb4da3206027914b2ce4aaff25a09fc647dc614b60c3c,discarded-generated-environment,,"Bundled Python virtual environment; reproducible dependency artifact, not source."
Secret Sharing/Super NTT/polyntt/$(VENV)/Lib/site-packages/setuptools/script (dev).tmpl,218,454cd0cc2414697b7074bb581d661b21098e6844b906baaad45bd403fb6efb92,discarded-generated-environment,,"Bundled Python virtual environment; reproducible dependency artifact, not source."
Secret Sharing/Super NTT/polyntt/$(VENV)/Lib/site-packages/setuptools/script.tmpl,138,5864ede6989eccedbb73e0dbc7a9794384f715fdb4039cfbf3bda1bf76808586,discarded-generated-environment,,"Bundled Python virtual environment; reproducible dependency artifact, not source."
Secret Sharing/Super NTT/polyntt/$(VENV)/Lib/site-packages/setuptools/unicode_utils.py,941,68e385a38246c00b2206db46603b2a152ed8a9641e6768fa0d6882b9cb51ff4d,discarded-generated-environment,,"Bundled Python virtual environment; reproducible dependency artifact, not source."
Secret Sharing/Super NTT/polyntt/$(VENV)/Lib/site-packages/setuptools/version.py,144,a20fdcb9941bd1023aba429915f6563e5af51e02413cf9f6bceda6fdb23d6531,discarded-generated-environment,,"Bundled Python virtual environment; reproducible dependency artifact, not source."
Secret Sharing/Super NTT/polyntt/$(VENV)/Lib/site-packages/setuptools/wheel.py,8288,d0ff2d4a4d74e6e17f51bfb7d0dd875365f6bfb30a0d2763a5e4254515b74a42,discarded-generated-environment,,"Bundled Python virtual environment; reproducible dependency artifact, not source."
Secret Sharing/Super NTT/polyntt/$(VENV)/Lib/site-packages/setuptools/windows_support.py,714,e46adfa923f6f9d2c6268653ab683a7422a4c90c716b69f92108979490a86041,discarded-generated-environment,,"Bundled Python virtual environment; reproducible dependency artifact, not source."
Secret Sharing/Super NTT/polyntt/$(VENV)/Lib/site-packages/setuptools/_deprecation_warning.py,218,8d4f7e76d7efe9c2a6b5024e5cdf273f59a6ee038dc3990a12d88fb5bc276722,discarded-generated-environment,,"Bundled Python virtual environment; reproducible dependency artifact, not source."
Secret Sharing/Super NTT/polyntt/$(VENV)/Lib/site-packages/setuptools/_distutils/archive_util.py,8572,a96fae886c187b14ef2b97be8927a5ff7d43b21c7e0aa4da9cd3caeac9f07fdf,discarded-generated-environment,,"Bundled Python virtual environment; reproducible dependency artifact, not source."
Secret Sharing/Super NTT/polyntt/$(VENV)/Lib/site-packages/setuptools/_distutils/bcppcompiler.py,14894,3890d5a425265fa1fcbffee5575ce27d5d5f731f760abd9d862521ebdf3d5092,discarded-generated-environment,,"Bundled Python virtual environment; reproducible dependency artifact, not source."
Secret Sharing/Super NTT/polyntt/$(VENV)/Lib/site-packages/setuptools/_distutils/ccompiler.py,47607,1b6b67f50df343455435f5b52ccfa7ae72edffa3a1b6252e9ee802bfce43d4f4,discarded-generated-environment,,"Bundled Python virtual environment; reproducible dependency artifact, not source."
Secret Sharing/Super NTT/polyntt/$(VENV)/Lib/site-packages/setuptools/_distutils/cmd.py,18079,79ca3a2c0194b686cbb8f69fba19a02a09304512ff598f0a27861e0c21e9725b,discarded-generated-environment,,"Bundled Python virtual environment; reproducible dependency artifact, not source."
Secret Sharing/Super NTT/polyntt/$(VENV)/Lib/site-packages/setuptools/_distutils/command/bdist.py,5562,db3e1eb9d465fe7ee6de51bd95e2f4218a9eb386ec9bc7347f17d9ba269f8cc8,discarded-generated-environment,,"Bundled Python virtual environment; reproducible dependency artifact, not source."
Secret Sharing/Super NTT/polyntt/$(VENV)/Lib/site-packages/setuptools/_distutils/command/bdist_dumb.py,4913,053babf63708a69c8fecf89abe37ec93b623125aafc5e60eda7a54c8f3ce7a47,discarded-generated-environment,,"Bundled Python virtual environment; reproducible dependency artifact, not source."
Secret Sharing/Super NTT/polyntt/$(VENV)/Lib/site-packages/setuptools/_distutils/command/bdist_msi.py,35579,11515060dfd7f84c5e78ff2099d57d25c20db2e506b0b254cfd69f314d11b7c7,discarded-generated-environment,,"Bundled Python virtual environment; reproducible dependency artifact, not source."
Secret Sharing/Super NTT/polyntt/$(VENV)/Lib/site-packages/setuptools/_distutils/command/bdist_rpm.py,21537,8233b0db61a10d26dcab46ddab6e5c4dbfa7e875969b46d284b41a77f9a42789,discarded-generated-environment,,"Bundled Python virtual environment; reproducible dependency artifact, not source."
Secret Sharing/Super NTT/polyntt/$(VENV)/Lib/site-packages/setuptools/_distutils/command/bdist_wininst.py,16030,88695a23e55f1251ce9de79ccca1d69d23796b5d3eec831c25a5ee47599d4b77,discarded-generated-environment,,"Bundled Python virtual environment; reproducible dependency artifact, not source."
Secret Sharing/Super NTT/polyntt/$(VENV)/Lib/site-packages/setuptools/_distutils/command/build.py,5773,d4017e77137f365384ca8c9d073d7d030a5e5983d260266f38b25237f3dd6ad6,discarded-generated-environment,,"Bundled Python virtual environment; reproducible dependency artifact, not source."
Secret Sharing/Super NTT/polyntt/$(VENV)/Lib/site-packages/setuptools/_distutils/command/build_clib.py,8022,6e05531e1dbc78b400d86930ebc6a602977f8fba90057e0c4c8fb34ef00afc9e,discarded-generated-environment,,"Bundled Python virtual environment; reproducible dependency artifact, not source."
Secret Sharing/Super NTT/polyntt/$(VENV)/Lib/site-packages/setuptools/_distutils/command/build_ext.py,31683,857e24b185d10be4377c4bcbac03481bdee6ab7b703ba67090c85f00d34add88,discarded-generated-environment,,"Bundled Python virtual environment; reproducible dependency artifact, not source."
Secret Sharing/Super NTT/polyntt/$(VENV)/Lib/site-packages/setuptools/_distutils/command/build_py.py,16495,8577ac32b1ff7a9363e8af1252d25d8a98048acdc474808a799f1559efe775c9,discarded-generated-environment,,"Bundled Python virtual environment; reproducible dependency artifact, not source."
Secret Sharing/Super NTT/polyntt/$(VENV)/Lib/site-packages/setuptools/_distutils/command/build_scripts.py,5963,bab767eb03f13cc5b974baa9a85919f1da9a146d6d7fd4e201aa3a53d2c2a042,discarded-generated-environment,,"Bundled Python virtual environment; reproducible dependency artifact, not source."
Secret Sharing/Super NTT/polyntt/$(VENV)/Lib/site-packages/setuptools/_distutils/command/check.py,5637,e6a0ed23be5c719837b0022d41679a22ef32dc5477d783b8aebf529b3e07b04a,discarded-generated-environment,,"Bundled Python virtual environment; reproducible dependency artifact, not source."
Secret Sharing/Super NTT/polyntt/$(VENV)/Lib/site-packages/setuptools/_distutils/command/clean.py,2776,d930ade3baeee2165933445f55f5188f96dba6272918b3f8421c398c1b6fa7d9,discarded-generated-environment,,"Bundled Python virtual environment; reproducible dependency artifact, not source."
Secret Sharing/Super NTT/polyntt/$(VENV)/Lib/site-packages/setuptools/_distutils/command/config.py,13117,d9a4e3c30dcfc23301f3e6626c27b83fb07ea86d61335827feb257632c51cfa7,discarded-generated-environment,,"Bundled Python virtual environment; reproducible dependency artifact, not source."
Secret Sharing/Super NTT/polyntt/$(VENV)/Lib/site-packages/setuptools/_distutils/command/install.py,27534,a1a632ce3daf0066ff1caa9d16db3bad8d20c7cd16f4caea3d0099a5fbc68f69,discarded-generated-environment,,"Bundled Python virtual environment; reproducible dependency artifact, not source."
Secret Sharing/Super NTT/polyntt/$(VENV)/Lib/site-packages/setuptools/_distutils/command/install_data.py,2822,62118e0308778093ea17b7a6e57034ae6a51e36cf56cb87cd28a049730f252f9,discarded-generated-environment,,"Bundled Python virtual environment; reproducible dependency artifact, not source."
Secret Sharing/Super NTT/polyntt/$(VENV)/Lib/site-packages/setuptools/_distutils/command/install_egg_info.py,2603,d245b496254c79a7648d7d197117cca6d2857a7d3b1b0ea0cb0d551d3e4a2307,discarded-generated-environment,,"Bundled Python virtual environment; reproducible dependency artifact, not source."
Secret Sharing/Super NTT/polyntt/$(VENV)/Lib/site-packages/setuptools/_distutils/command/install_headers.py,1298,5d0ea27646c80dfaf59635c23b39ee55432f385a47067e9c2b45b3f6020cd9be,discarded-generated-environment,,"Bundled Python virtual environment; reproducible dependency artifact, not source."
Secret Sharing/Super NTT/polyntt/$(VENV)/Lib/site-packages/setuptools/_distutils/command/install_lib.py,8397,f40a1f47e30ef6502d8f0c2eba40a9b5ea4e68910a3195b65478b2479854ec70,discarded-generated-environment,,"Bundled Python virtual environment; reproducible dependency artifact, not source."
Secret Sharing/Super NTT/polyntt/$(VENV)/Lib/site-packages/setuptools/_distutils/command/install_scripts.py,2017,fc22d4790c06251718da48a4edaccf327e4876d0c2ae359d52f675921946e9c9,discarded-generated-environment,,"Bundled Python virtual environment; reproducible dependency artifact, not source."
Secret Sharing/Super NTT/polyntt/$(VENV)/Lib/site-packages/setuptools/_distutils/command/py37compat.py,671,ab346186f4e286ac7f3d966dd996040b18755f73a3db9e55a9ab737a560500ac,discarded-generated-environment,,"Bundled Python virtual environment; reproducible dependency artifact, not source."
Secret Sharing/Super NTT/polyntt/$(VENV)/Lib/site-packages/setuptools/_distutils/command/register.py,11712,da36aaf7debcaedda9b91543071d476cd897bf6eee3a4f22744ff894f7ffdd53,discarded-generated-environment,,"Bundled Python virtual environment; reproducible dependency artifact, not source."
Secret Sharing/Super NTT/polyntt/$(VENV)/Lib/site-packages/setuptools/_distutils/command/sdist.py,19005,aa8b498c03b3ca1263ab6fa80c89a3345aceb5a4a778414325307eb04935c275,discarded-generated-environment,,"Bundled Python virtual environment; reproducible dependency artifact, not source."
Secret Sharing/Super NTT/polyntt/$(VENV)/Lib/site-packages/setuptools/_distutils/command/upload.py,7597,04b3b5c3b79202ab028c22d7b5ffc24554a3c05d569b2381c8654635d710f286,discarded-generated-environment,,"Bundled Python virtual environment; reproducible dependency artifact, not source."
Secret Sharing/Super NTT/polyntt/$(VENV)/Lib/site-packages/setuptools/_distutils/command/__init__.py,799,d9303eae5343973788f9cb1b5875c58c60fcb8e62a00b31fc963a14f8f670ba8,discarded-generated-environment,,"Bundled Python virtual environment; reproducible dependency artifact, not source."
Secret Sharing/Super NTT/polyntt/$(VENV)/Lib/site-packages/setuptools/_distutils/command/__pycache__/bdist.cpython-39.pyc,3663,b1da4b6779d7b9debd9f66d78904858e078109b0456e3d5aab3badfd0e16f98e,discarded-generated-environment,,"Bundled Python virtual environment; reproducible dependency artifact, not source."
Secret Sharing/Super NTT/polyntt/$(VENV)/Lib/site-packages/setuptools/_distutils/command/__pycache__/bdist_dumb.cpython-39.pyc,3646,90baf242856525432dbd69b15e8ed5b08e26af66c7750a34521888cb03f12609,discarded-generated-environment,,"Bundled Python virtual environment; reproducible dependency artifact, not source."
Secret Sharing/Super NTT/polyntt/$(VENV)/Lib/site-packages/setuptools/_distutils/command/__pycache__/bdist_msi.cpython-39.pyc,19828,288ca19e201429e6d719cde80f6420a55172eb00cb73847715b5d0b65aaf06d5,discarded-generated-environment,,"Bundled Python virtual environment; reproducible dependency artifact, not source."
Secret Sharing/Super NTT/polyntt/$(VENV)/Lib/site-packages/setuptools/_distutils/command/__pycache__/bdist_rpm.cpython-39.pyc,12283,2e4bf42fccd283649c5ecff44ccfdb515ad10eb027d69618effa9a465a60e705,discarded-generated-environment,,"Bundled Python virtual environment; reproducible dependency artifact, not source."
Secret Sharing/Super NTT/polyntt/$(VENV)/Lib/site-packages/setuptools/_distutils/command/__pycache__/bdist_wininst.cpython-39.pyc,8603,8ecfecb330eb824a9e68655e254a03632e21219e2e1f61d6c60034f18840ad93,discarded-generated-environment,,"Bundled Python virtual environment; reproducible dependency artifact, not source."
Secret Sharing/Super NTT/polyntt/$(VENV)/Lib/site-packages/setuptools/_distutils/command/__pycache__/build.cpython-39.pyc,3935,b21dd65db6d43fb252f28dae45e5749a4d2ad1a375609d21573cc28d75a37922,discarded-generated-environment,,"Bundled Python virtual environment; reproducible dependency artifact, not source."
Secret Sharing/Super NTT/polyntt/$(VENV)/Lib/site-packages/setuptools/_distutils/command/__pycache__/build_clib.cpython-39.pyc,4858,b1aa5f4c742dac5ce45f7cd3d48e477f7facd4cbd1a3200f300f02b5a6f1575b,discarded-generated-environment,,"Bundled Python virtual environment; reproducible dependency artifact, not source."
Secret Sharing/Super NTT/polyntt/$(VENV)/Lib/site-packages/setuptools/_distutils/command/__pycache__/build_ext.cpython-39.pyc,16270,5a114efd7d680f037c1fd47a79cdc649f3c193b5725ddf0cf3089afef8cf1de4,discarded-generated-environment,,"Bundled Python virtual environment; reproducible dependency artifact, not source."
Secret Sharing/Super NTT/polyntt/$(VENV)/Lib/site-packages/setuptools/_distutils/command/__pycache__/build_py.cpython-39.pyc,9853,637398902b241866a5e76599b8652fcb416b75871f416abbc247c1e2b894acbb,discarded-generated-environment,,"Bundled Python virtual environment; reproducible dependency artifact, not source."
Secret Sharing/Super NTT/polyntt/$(VENV)/Lib/site-packages/setuptools/_distutils/command/__pycache__/build_scripts.cpython-39.pyc,4018,c174068d8cfd6c2cd6acd6aab542bae23d43c059a22128c96202342493840186,discarded-generated-environment,,"Bundled Python virtual environment; reproducible dependency artifact, not source."
Secret Sharing/Super NTT/polyntt/$(VENV)/Lib/site-packages/setuptools/_distutils/command/__pycache__/check.cpython-39.pyc,4967,857fac62cd5e34e1c5d22c576fa013334e59e32a8e467861d11f15a6ecbde452,discarded-generated-environment,,"Bundled Python virtual environment; reproducible dependency artifact, not source."
Secret Sharing/Super NTT/polyntt/$(VENV)/Lib/site-packages/setuptools/_distutils/command/__pycache__/clean.cpython-39.pyc,2140,b655b9ed417b4a2b35c25b961a4b9be667e50fff9e2f1d99c0f732e9884bddb8,discarded-generated-environment,,"Bundled Python virtual environment; reproducible dependency artifact, not source."
Secret Sharing/Super NTT/polyntt/$(VENV)/Lib/site-packages/setuptools/_distutils/command/__pycache__/config.cpython-39.pyc,10270,5ef145d0e960e0b3e07def0f620b253f581ad1220d08a11e1ebdbb6ea82edbac,discarded-generated-environment,,"Bundled Python virtual environment; reproducible dependency artifact, not source."
Secret Sharing/Super NTT/polyntt/$(VENV)/Lib/site-packages/setuptools/_distutils/command/__pycache__/install.cpython-39.pyc,13882,7343f87e1933d0f13c33dc999733149a970a18440ed68120903e21e6431ebf6e,discarded-generated-environment,,"Bundled Python virtual environment; reproducible dependency artifact, not source."
Secret Sharing/Super NTT/polyntt/$(VENV)/Lib/site-packages/setuptools/_distutils/command/__pycache__/install_data.cpython-39.pyc,2343,ccdd54f9ca567ea2b920c70cb7437d5182339de6ee310ea9595c5ccc7a702f0d,discarded-generated-environment,,"Bundled Python virtual environment; reproducible dependency artifact, not source."
Secret Sharing/Super NTT/polyntt/$(VENV)/Lib/site-packages/setuptools/_distutils/command/__pycache__/install_egg_info.cpython-39.pyc,3078,4309991c502f756fb45553c2295472fe977dd7faceba5e400e853867b9c5efa0,discarded-generated-environment,,"Bundled Python virtual environment; reproducible dependency artifact, not source."
Secret Sharing/Super NTT/polyntt/$(VENV)/Lib/site-packages/setuptools/_distutils/command/__pycache__/install_headers.cpython-39.pyc,1768,03424ee92f00b83967d63df8f01c495f6570de000b0834d0a8aab17c9e6595eb,discarded-generated-environment,,"Bundled Python virtual environment; reproducible dependency artifact, not source."
Secret Sharing/Super NTT/polyntt/$(VENV)/Lib/site-packages/setuptools/_distutils/command/__pycache__/install_lib.cpython-39.pyc,5140,302568ab8274a792bc7117ccc2848fc7d2e6ccd48a34aeef42d6d5426f0d1226,discarded-generated-environment,,"Bundled Python virtual environment; reproducible dependency artifact, not source."
Secret Sharing/Super NTT/polyntt/$(VENV)/Lib/site-packages/setuptools/_distutils/command/__pycache__/install_scripts.cpython-39.pyc,2191,56c3d04176ef1b865b4c287522f708e085ddd61ded45b6e1d9d6f65d1c44ee91,discarded-generated-environment,,"Bundled Python virtual environment; reproducible dependency artifact, not source."
Secret Sharing/Super NTT/polyntt/$(VENV)/Lib/site-packages/setuptools/_distutils/command/__pycache__/py37compat.cpython-39.pyc,1034,b09984b712e865200ba173b4fce91b1fad0341a27639e5157304d4d8469b7890,discarded-generated-environment,,"Bundled Python virtual environment; reproducible dependency artifact, not source."
Secret Sharing/Super NTT/polyntt/$(VENV)/Lib/site-packages/setuptools/_distutils/command/__pycache__/register.cpython-39.pyc,8511,319dbd572c66b396a6332543c1af35b77876556495568654b9b80e88111a4c41,discarded-generated-environment,,"Bundled Python virtual environment; reproducible dependency artifact, not source."
Secret Sharing/Super NTT/polyntt/$(VENV)/Lib/site-packages/setuptools/_distutils/command/__pycache__/sdist.cpython-39.pyc,14538,30aa473ba47eb2b9f998386faca82fc273373d1087a043b1edf52658749e2891,discarded-generated-environment,,"Bundled Python virtual environment; reproducible dependency artifact, not source."
Secret Sharing/Super NTT/polyntt/$(VENV)/Lib/site-packages/setuptools/_distutils/command/__pycache__/upload.cpython-39.pyc,5261,d2798fd79d60b9e4892771ac31535b4d6537a8e6e27641ad5794efd1ceadda82,discarded-generated-environment,,"Bundled Python virtual environment; reproducible dependency artifact, not source."
Secret Sharing/Super NTT/polyntt/$(VENV)/Lib/site-packages/setuptools/_distutils/command/__pycache__/__init__.cpython-39.pyc,533,4a0f988e278fd99f850f2e807dbe0db63dd593f7c4534a56620d16168172681c,discarded-generated-environment,,"Bundled Python virtual environment; reproducible dependency artifact, not source."
Secret Sharing/Super NTT/polyntt/$(VENV)/Lib/site-packages/setuptools/_distutils/config.py,4827,76d1e06e5c7d2617f2acac75f89ec9971c3f7fbb3c65b3c54228b65163136696,discarded-generated-environment,,"Bundled Python virtual environment; reproducible dependency artifact, not source."
Secret Sharing/Super NTT/polyntt/$(VENV)/Lib/site-packages/setuptools/_distutils/core.py,8876,8db74e92938ad3dc62fb9eaf861c2f9f77d87612dbe4324ef2adcad5f9d0cf44,discarded-generated-environment,,"Bundled Python virtual environment; reproducible dependency artifact, not source."
Secret Sharing/Super NTT/polyntt/$(VENV)/Lib/site-packages/setuptools/_distutils/cygwinccompiler.py,16938,429991028a5939810ac30fe20964eedca2e3b3d82083297dd04d1f6a0031a823,discarded-generated-environment,,"Bundled Python virtual environment; reproducible dependency artifact, not source."
Secret Sharing/Super NTT/polyntt/$(VENV)/Lib/site-packages/setuptools/_distutils/debug.py,139,37a32b4c0a8aea5f52564ead5b0791d74f0f33c3a5eea3657f257e9c770b86c6,discarded-generated-environment,,"Bundled Python virtual environment; reproducible dependency artifact, not source."
Secret Sharing/Super NTT/polyntt/$(VENV)/Lib/site-packages/setuptools/_distutils/dep_util.py,3491,1ae47d230fe3cd9464c9e989e475fcac1ff0446c642017019b5aa1e78afbce19,discarded-generated-environment,,"Bundled Python virtual environment; reproducible dependency artifact, not source."
Secret Sharing/Super NTT/polyntt/$(VENV)/Lib/site-packages/setuptools/_distutils/dir_util.py,7778,5308413944dc57ae464f071ee123ee4d747c67cab72d811c9adb6a7066f46d8a,discarded-generated-environment,,"Bundled Python virtual environment; reproducible dependency artifact, not source."
Secret Sharing/Super NTT/polyntt/$(VENV)/Lib/site-packages/setuptools/_distutils/dist.py,50421,062b9fe9c6bcba215f31271116c6142ad6f99de30fb712b146d5e7e74ff57f75,discarded-generated-environment,,"Bundled Python virtual environment; reproducible dependency artifact, not source."
Secret Sharing/Super NTT/polyntt/$(VENV)/Lib/site-packages/setuptools/_distutils/errors.py,3577,62bead29919dcc1a0d8b9def06d8aad1427ffd7d390a6c5275026a3966b0e926,discarded-generated-environment,,"Bundled Python virtual environment; reproducible dependency artifact, not source."
Secret Sharing/Super NTT/polyntt/$(VENV)/Lib/site-packages/setuptools/_distutils/extension.py,10515,6d36f74340a87af18a62fe5d5f596cfbe2e7f2d941d3e5043ac8bd070ce567eb,discarded-generated-environment,,"Bundled Python virtual environment; reproducible dependency artifact, not source."
Secret Sharing/Super NTT/polyntt/$(VENV)/Lib/site-packages/setuptools/_distutils/fancy_getopt.py,17784,38fc69d82c478b5629fddd43f09c56e147aaf5f0bbd6d7a040569a7e1e7c1865,discarded-generated-environment,,"Bundled Python virtual environment; reproducible dependency artifact, not source."
Secret Sharing/Super NTT/polyntt/$(VENV)/Lib/site-packages/setuptools/_distutils/filelist.py,13407,67d7f986f7a9667a67899d881660a75888ddbe25a8cecf2c6c04418566a3c283,discarded-generated-environment,,"Bundled Python virtual environment; reproducible dependency artifact, not source."
Secret Sharing/Super NTT/polyntt/$(VENV)/Lib/site-packages/setuptools/_distutils/file_util.py,8148,d2152a7c8b4dff1d83562851d0c1dd03828231508e3bc568072685a7f6ba3038,discarded-generated-environment,,"Bundled Python virtual environment; reproducible dependency artifact, not source."
Secret Sharing/Super NTT/polyntt/$(VENV)/Lib/site-packages/setuptools/_distutils/log.py,1969,8560667540b62bddbb41c56fdd110c5b71cc3dc97171c3d09e0c4b4ae517425d,discarded-generated-environment,,"Bundled Python virtual environment; reproducible dependency artifact, not source."
Secret Sharing/Super NTT/polyntt/$(VENV)/Lib/site-packages/setuptools/_distutils/msvc9compiler.py,30453,5fadb707dda0d2ff00dc110cf6aa517f7f7a00477f85f8e47c35154cabb485c1,discarded-generated-environment,,"Bundled Python virtual environment; reproducible dependency artifact, not source."
Secret Sharing/Super NTT/polyntt/$(VENV)/Lib/site-packages/setuptools/_distutils/msvccompiler.py,23540,aabb802de191abcf828ed8c4dad2d0f16dba42772171879d5b31667bc0316784,discarded-generated-environment,,"Bundled Python virtual environment; reproducible dependency artifact, not source."
Secret Sharing/Super NTT/polyntt/$(VENV)/Lib/site-packages/setuptools/_distutils/py35compat.py,455,fac935bc122c3a01fe0286e32186cafce12374917fe78525fc3d44884f5733f7,discarded-generated-environment,,"Bundled Python virtual environment; reproducible dependency artifact, not source."
Secret Sharing/Super NTT/polyntt/$(VENV)/Lib/site-packages/setuptools/_distutils/py38compat.py,212,208edd741c4e8a30bbb8d378cffe3a1d8523c184c960c3622c9a064e8ae6666d,discarded-generated-environment,,"Bundled Python virtual environment; reproducible dependency artifact, not source."
Secret Sharing/Super NTT/polyntt/$(VENV)/Lib/site-packages/setuptools/_distutils/spawn.py,3498,e2e13d9375595a28f1cbb13f4657268753286a668f27cada8dd3416a02b18e05,discarded-generated-environment,,"Bundled Python virtual environment; reproducible dependency artifact, not source."
Secret Sharing/Super NTT/polyntt/$(VENV)/Lib/site-packages/setuptools/_distutils/sysconfig.py,21630,9abb5b01af505d85eb3447b61c6285c9eb36a094cda8899c8091968979f13ad4,discarded-generated-environment,,"Bundled Python virtual environment; reproducible dependency artifact, not source."
Secret Sharing/Super NTT/polyntt/$(VENV)/Lib/site-packages/setuptools/_distutils/text_file.py,12483,3ecb8025e59d289a0b495ffa37a229079fb43daf382b32d4b9c24c1516b3c372,discarded-generated-environment,,"Bundled Python virtual environment; reproducible dependency artifact, not source."
Secret Sharing/Super NTT/polyntt/$(VENV)/Lib/site-packages/setuptools/_distutils/unixccompiler.py,14980,566923c0f5f2548f3f9db1cbaab1a04bbc607f5d8935e5979161dcc75891223d,discarded-generated-environment,,"Bundled Python virtual environment; reproducible dependency artifact, not source."
Secret Sharing/Super NTT/polyntt/$(VENV)/Lib/site-packages/setuptools/_distutils/util.py,20373,e94b20c711b7a737e29a4d891dae4b0481c775d9814fe61dc68a1c5cb94bea0e,discarded-generated-environment,,"Bundled Python virtual environment; reproducible dependency artifact, not source."
Secret Sharing/Super NTT/polyntt/$(VENV)/Lib/site-packages/setuptools/_distutils/version.py,12514,f0da203fa34f3d0a69dc450c65c4fd73310789af9e86a3e8f2ca68fdeec08145,discarded-generated-environment,,"Bundled Python virtual environment; reproducible dependency artifact, not source."
Secret Sharing/Super NTT/polyntt/$(VENV)/Lib/site-packages/setuptools/_distutils/versionpredicate.py,5133,671a4403e4d0bfcf2651673a85eb543b8a92a80dac6bb8a98d9dd010ae5ebc39,discarded-generated-environment,,"Bundled Python virtual environment; reproducible dependency artifact, not source."
Secret Sharing/Super NTT/polyntt/$(VENV)/Lib/site-packages/setuptools/_distutils/_msvccompiler.py,20813,8d1d0933903524c9d9eb130389c4338575a05d3557b3595601e51ec42d73d7df,discarded-generated-environment,,"Bundled Python virtual environment; reproducible dependency artifact, not source."
Secret Sharing/Super NTT/polyntt/$(VENV)/Lib/site-packages/setuptools/_distutils/__init__.py,250,969400a6147feee8560b67db484a6ce096bd5b86307b337f217fcb244b779215,discarded-generated-environment,,"Bundled Python virtual environment; reproducible dependency artifact, not source."
Secret Sharing/Super NTT/polyntt/$(VENV)/Lib/site-packages/setuptools/_distutils/__pycache__/archive_util.cpython-39.pyc,6645,6db401e4c702bae3ad7d837118f1460ff73070df408341a8e9aa169a4f81b1c2,discarded-generated-environment,,"Bundled Python virtual environment; reproducible dependency artifact, not source."
Secret Sharing/Super NTT/polyntt/$(VENV)/Lib/site-packages/setuptools/_distutils/__pycache__/bcppcompiler.cpython-39.pyc,6556,56668972ebcd117826911577dd6d6ed75b503418a17232cc07e75e09900d47b2,discarded-generated-environment,,"Bundled Python virtual environment; reproducible dependency artifact, not source."
Secret Sharing/Super NTT/polyntt/$(VENV)/Lib/site-packages/setuptools/_distutils/__pycache__/ccompiler.cpython-39.pyc,33424,f66400462a59ac8bd3eb16cd9b5bd4d46c239b1ab4d0db7c834d3c0f3c18287b,discarded-generated-environment,,"Bundled Python virtual environment; reproducible dependency artifact, not source."
Secret Sharing/Super NTT/polyntt/$(VENV)/Lib/site-packages/setuptools/_distutils/__pycache__/cmd.cpython-39.pyc,13984,74de79916f0125e240cf04d5ec903e36f6a13d1bc51b6b7b56469ca9f8021559,discarded-generated-environment,,"Bundled Python virtual environment; reproducible dependency artifact, not source."
Secret Sharing/Super NTT/polyntt/$(VENV)/Lib/site-packages/setuptools/_distutils/__pycache__/config.cpython-39.pyc,3587,c22e3e2df432745ecf6591f2c8270fbb7210c63316c67c1e91dd09070907c06f,discarded-generated-environment,,"Bundled Python virtual environment; reproducible dependency artifact, not source."
Secret Sharing/Super NTT/polyntt/$(VENV)/Lib/site-packages/setuptools/_distutils/__pycache__/core.cpython-39.pyc,6712,d496eb5b977ede977635c6519305f5dbfaef783dd61d90de3d68683b961db78a,discarded-generated-environment,,"Bundled Python virtual environment; reproducible dependency artifact, not source."
Secret Sharing/Super NTT/polyntt/$(VENV)/Lib/site-packages/setuptools/_distutils/__pycache__/cygwinccompiler.cpython-39.pyc,8792,988e53e4ec21e66b8cce93080a2e09a90d682285f8a0a8493ccb176128aef031,discarded-generated-environment,,"Bundled Python virtual environment; reproducible dependency artifact, not source."
Secret Sharing/Super NTT/polyntt/$(VENV)/Lib/site-packages/setuptools/_distutils/__pycache__/debug.cpython-39.pyc,254,3d934208bcfcfce91babe634a5d40429019f1031667c48acb2c48b38cd8414b0,discarded-generated-environment,,"Bundled Python virtual environment; reproducible dependency artifact, not source."
Secret Sharing/Super NTT/polyntt/$(VENV)/Lib/site-packages/setuptools/_distutils/__pycache__/dep_util.cpython-39.pyc,2774,f8ef84a00862f27ed5d6829daf9b0feebe3a42e8482a87828ce1ece1cd5bdcf3,discarded-generated-environment,,"Bundled Python virtual environment; reproducible dependency artifact, not source."
Secret Sharing/Super NTT/polyntt/$(VENV)/Lib/site-packages/setuptools/_distutils/__pycache__/dir_util.cpython-39.pyc,5875,2e106b1ebe037e5d3a880fb5b293a94edc0a9a064b3cffd6f14b5d4ac54efc8f,discarded-generated-environment,,"Bundled Python virtual environment; reproducible dependency artifact, not source."
Secret Sharing/Super NTT/polyntt/$(VENV)/Lib/site-packages/setuptools/_distutils/__pycache__/dist.cpython-39.pyc,34445,723755e3eee98a2508d51a98ef97a31069915c625f2c337cf8f34d902fe0963e,discarded-generated-environment,,"Bundled Python virtual environment; reproducible dependency artifact, not source."
Secret Sharing/Super NTT/polyntt/$(VENV)/Lib/site-packages/setuptools/_distutils/__pycache__/errors.cpython-39.pyc,5310,dbe62c258f37a3599360b7eada6a85a90faae92216c536d3a2b0f49e1b96914d,discarded-generated-environment,,"Bundled Python virtual environment; reproducible dependency artifact, not source."
Secret Sharing/Super NTT/polyntt/$(VENV)/Lib/site-packages/setuptools/_distutils/__pycache__/extension.cpython-39.pyc,6975,4a2371645442bd674e8aa93bf5a32585de4a663b1c81daa379b885fc30a2023f,discarded-generated-environment,,"Bundled Python virtual environment; reproducible dependency artifact, not source."
Secret Sharing/Super NTT/polyntt/$(VENV)/Lib/site-packages/setuptools/_distutils/__pycache__/fancy_getopt.cpython-39.pyc,10683,48f1376976dd85608254592382296b50812d1ce7e599f723782ea3d238208615,discarded-generated-environment,,"Bundled Python virtual environment; reproducible dependency artifact, not source."
Secret Sharing/Super NTT/polyntt/$(VENV)/Lib/site-packages/setuptools/_distutils/__pycache__/filelist.cpython-39.pyc,10833,0ff9bbb9cf2fda93a25e7cd4e45eb32724bd4657bf01b26da292d72c5b1f8290,discarded-generated-environment,,"Bundled Python virtual environment; reproducible dependency artifact, not source."
Secret Sharing/Super NTT/polyntt/$(VENV)/Lib/site-packages/setuptools/_distutils/__pycache__/file_util.cpython-39.pyc,6041,83da5f66cfcb91f1f64ca2ffeacca83e5f65bad62b84da5aa4b6bdc7ce4517e7,discarded-generated-environment,,"Bundled Python virtual environment; reproducible dependency artifact, not source."
Secret Sharing/Super NTT/polyntt/$(VENV)/Lib/site-packages/setuptools/_distutils/__pycache__/log.cpython-39.pyc,2373,e2168b974c74ce8246bc9775d9e29cb958a425b258ec3b6f9b42d371ce2d72b2,discarded-generated-environment,,"Bundled Python virtual environment; reproducible dependency artifact, not source."
Secret Sharing/Super NTT/polyntt/$(VENV)/Lib/site-packages/setuptools/_distutils/__pycache__/msvc9compiler.cpython-39.pyc,17570,a42cf33e17eece4f4b9c93a7c7798c3cd7f1ea8491561a221635cf02b3908d89,discarded-generated-environment,,"Bundled Python virtual environment; reproducible dependency artifact, not source."
Secret Sharing/Super NTT/polyntt/$(VENV)/Lib/site-packages/setuptools/_distutils/__pycache__/msvccompiler.cpython-39.pyc,14765,1b7caeb2d4dfddb424679fc8b699306df5c187a15a58ce32e46169ef52b89394,discarded-generated-environment,,"Bundled Python virtual environment; reproducible dependency artifact, not source."
Secret Sharing/Super NTT/polyntt/$(VENV)/Lib/site-packages/setuptools/_distutils/__pycache__/py35compat.cpython-39.pyc,630,27dd33cc2962b1fd1a569aee23ede2937f8dc981478dc469a33a5f2afe01a028,discarded-generated-environment,,"Bundled Python virtual environment; reproducible dependency artifact, not source."
Secret Sharing/Super NTT/polyntt/$(VENV)/Lib/site-packages/setuptools/_distutils/__pycache__/py38compat.cpython-39.pyc,425,8e730363d854cc8b4b39c26df41afbb20da950a8306556042a7153ee30cdc909,discarded-generated-environment,,"Bundled Python virtual environment; reproducible dependency artifact, not source."
Secret Sharing/Super NTT/polyntt/$(VENV)/Lib/site-packages/setuptools/_distutils/__pycache__/spawn.cpython-39.pyc,2901,4c144ad48014d1ead9a3d85fe8b2041edf6adeaa65ecb8d4c720a3b642ec9e3a,discarded-generated-environment,,"Bundled Python virtual environment; reproducible dependency artifact, not source."
Secret Sharing/Super NTT/polyntt/$(VENV)/Lib/site-packages/setuptools/_distutils/__pycache__/sysconfig.cpython-39.pyc,12585,c3a1b0a7d6125bb16cd1a1764e15bc62fe43b314a31c5bcf9a12dc55c01a6628,discarded-generated-environment,,"Bundled Python virtual environment; reproducible dependency artifact, not source."
Secret Sharing/Super NTT/polyntt/$(VENV)/Lib/site-packages/setuptools/_distutils/__pycache__/text_file.cpython-39.pyc,8499,4a32234d3ce502996330b549623f764ff38938cc5584b0cb2161eddd3384135e,discarded-generated-environment,,"Bundled Python virtual environment; reproducible dependency artifact, not source."
Secret Sharing/Super NTT/polyntt/$(VENV)/Lib/site-packages/setuptools/_distutils/__pycache__/unixccompiler.cpython-39.pyc,6875,06af266e2863fd242cb7d2dc30174c9517da1ce28f83096debc7dae5e95ed916,discarded-generated-environment,,"Bundled Python virtual environment; reproducible dependency artifact, not source."
Secret Sharing/Super NTT/polyntt/$(VENV)/Lib/site-packages/setuptools/_distutils/__pycache__/util.cpython-39.pyc,14238,1e08b12995c7842c62d324413958cf584cf42d1c8e564a0a7b46bf9a4185591b,discarded-generated-environment,,"Bundled Python virtual environment; reproducible dependency artifact, not source."
Secret Sharing/Super NTT/polyntt/$(VENV)/Lib/site-packages/setuptools/_distutils/__pycache__/version.cpython-39.pyc,7399,1434d284ef0ab37c68afe7317ecf52a6970ed73e8c0b0e6baa74fc7c68b975a3,discarded-generated-environment,,"Bundled Python virtual environment; reproducible dependency artifact, not source."
Secret Sharing/Super NTT/polyntt/$(VENV)/Lib/site-packages/setuptools/_distutils/__pycache__/versionpredicate.cpython-39.pyc,5183,bfcf1a0e87c056870c6d5a66cfea650a99ce4309363c52ed0d5be13280717b6f,discarded-generated-environment,,"Bundled Python virtual environment; reproducible dependency artifact, not source."
Secret Sharing/Super NTT/polyntt/$(VENV)/Lib/site-packages/setuptools/_distutils/__pycache__/_msvccompiler.cpython-39.pyc,13813,7b9d54302c2f947f0c8c7b7c99ccc2b6a817e9e9674cc1b27c99548e338d19b6,discarded-generated-environment,,"Bundled Python virtual environment; reproducible dependency artifact, not source."
Secret Sharing/Super NTT/polyntt/$(VENV)/Lib/site-packages/setuptools/_distutils/__pycache__/__init__.cpython-39.pyc,458,db80e892aca4708a8b19ca311d1fce6f04da4dee1b19ee1531ce6754824edda9,discarded-generated-environment,,"Bundled Python virtual environment; reproducible dependency artifact, not source."
Secret Sharing/Super NTT/polyntt/$(VENV)/Lib/site-packages/setuptools/_imp.py,2392,1e617dd486e2b517ec0f9cfe838ff099cb87f916a1c8838d6cf82208e160b730,discarded-generated-environment,,"Bundled Python virtual environment; reproducible dependency artifact, not source."
Secret Sharing/Super NTT/polyntt/$(VENV)/Lib/site-packages/setuptools/_vendor/more_itertools/more.py,117968,0e565af2fe898a15707d0e731e274e03ec43134a2b710214cb156709a5280ca1,discarded-generated-environment,,"Bundled Python virtual environment; reproducible dependency artifact, not source."
Secret Sharing/Super NTT/polyntt/$(VENV)/Lib/site-packages/setuptools/_vendor/more_itertools/recipes.py,16256,524364aec672aa2c202c700d0539af3210af68d4af48d621c8ea73fc9739e436,discarded-generated-environment,,"Bundled Python virtual environment; reproducible dependency artifact, not source."
Secret Sharing/Super NTT/polyntt/$(VENV)/Lib/site-packages/setuptools/_vendor/more_itertools/__init__.py,82,0bbb177df1d35ccdcffa268b3cf7ea7e60e8c4e7e540c24b70cede77da778da9,discarded-generated-environment,,"Bundled Python virtual environment; reproducible dependency artifact, not source."
Secret Sharing/Super NTT/polyntt/$(VENV)/Lib/site-packages/setuptools/_vendor/more_itertools/__pycache__/more.cpython-39.pyc,110014,a8d1cf26b5a07619a93e7c3b09d4f0519e0edac4fb7d808ef10d7178b9c9fd3c,discarded-generated-environment,,"Bundled Python virtual environment; reproducible dependency artifact, not source."
Secret Sharing/Super NTT/polyntt/$(VENV)/Lib/site-packages/setuptools/_vendor/more_itertools/__pycache__/recipes.cpython-39.pyc,17934,bbdf69dbb02dce3326f0f8e682227c6f68cf5803dd69fc62c1ae2f20a0369a85,discarded-generated-environment,,"Bundled Python virtual environment; reproducible dependency artifact, not source."
Secret Sharing/Super NTT/polyntt/$(VENV)/Lib/site-packages/setuptools/_vendor/more_itertools/__pycache__/__init__.cpython-39.pyc,269,2a797b80839a3890b123933b682b1664757fc874cd68462a603cdee4b6a23179,discarded-generated-environment,,"Bundled Python virtual environment; reproducible dependency artifact, not source."
Secret Sharing/Super NTT/polyntt/$(VENV)/Lib/site-packages/setuptools/_vendor/ordered_set.py,15130,75b68272cdbb77237d827316185e6703f06b567e90f8dae329826957dfdf801b,discarded-generated-environment,,"Bundled Python virtual environment; reproducible dependency artifact, not source."
Secret Sharing/Super NTT/polyntt/$(VENV)/Lib/site-packages/setuptools/_vendor/packaging/markers.py,9509,0420b165bb7cc60cac1fcbf9a6a6cb91db509d164720690942a94d0467a4e274,discarded-generated-environment,,"Bundled Python virtual environment; reproducible dependency artifact, not source."
Secret Sharing/Super NTT/polyntt/$(VENV)/Lib/site-packages/setuptools/_vendor/packaging/requirements.py,4917,547c9d65d93c9b7a85c517a898dc0aafbd5c9a98da9ed115ff13a1904cb220d2,discarded-generated-environment,,"Bundled Python virtual environment; reproducible dependency artifact, not source."
Secret Sharing/Super NTT/polyntt/$(VENV)/Lib/site-packages/setuptools/_vendor/packaging/specifiers.py,31944,b98a7d975dc5d0b7249d2e9de0deb4cad88180598884a89d78eabd027b314dca,discarded-generated-environment,,"Bundled Python virtual environment; reproducible dependency artifact, not source."
Secret Sharing/Super NTT/polyntt/$(VENV)/Lib/site-packages/setuptools/_vendor/packaging/tags.py,24067,34a312dfb668fe75ab67182c0facdb5ec5e073d79d9fd9b5eb470188b98725d1,discarded-generated-environment,,"Bundled Python virtual environment; reproducible dependency artifact, not source."
Secret Sharing/Super NTT/polyntt/$(VENV)/Lib/site-packages/setuptools/_vendor/packaging/utils.py,1811,452865be78ced82b58483f2eae2df67eb30c14c4e607ede286cab5fa08732c4c,discarded-generated-environment,,"Bundled Python virtual environment; reproducible dependency artifact, not source."
Secret Sharing/Super NTT/polyntt/$(VENV)/Lib/site-packages/setuptools/_vendor/packaging/version.py,15470,0a76e6f8e3bd0ffa9df194c5c7315c8d26af7b14981599b279aa0fbccb2380f7,discarded-generated-environment,,"Bundled Python virtual environment; reproducible dependency artifact, not source."
Secret Sharing/Super NTT/polyntt/$(VENV)/Lib/site-packages/setuptools/_vendor/packaging/_compat.py,1128,31776c1a9484fd6f99ac7a02f3b6a7748e0b576140c14ec72cbf9e1defc28e15,discarded-generated-environment,,"Bundled Python virtual environment; reproducible dependency artifact, not source."
Secret Sharing/Super NTT/polyntt/$(VENV)/Lib/site-packages/setuptools/_vendor/packaging/_structures.py,2022,a339025fc43c7f6a84d4489cdd8890e1bb8355f833da261ebd8f5eed1db2de26,discarded-generated-environment,,"Bundled Python virtual environment; reproducible dependency artifact, not source."
Secret Sharing/Super NTT/polyntt/$(VENV)/Lib/site-packages/setuptools/_vendor/packaging/_typing.py,1812,c79f44850e7b4cc4fe9134722d9576e4766f6061b06ee713a3a88a87f3b4b4cc,discarded-generated-environment,,"Bundled Python virtual environment; reproducible dependency artifact, not source."
Secret Sharing/Super NTT/polyntt/$(VENV)/Lib/site-packages/setuptools/_vendor/packaging/__about__.py,736,3cd32c6999f851c087cae6e044e1f56e5e8296e76e3e3239905ad2a7f660925a,discarded-generated-environment,,"Bundled Python virtual environment; reproducible dependency artifact, not source."
Secret Sharing/Super NTT/polyntt/$(VENV)/Lib/site-packages/setuptools/_vendor/packaging/__init__.py,562,e9e9dba795e045f8c18ec23df9b9f4d078c77f94c7db53c330e2a4256f31c3ec,discarded-generated-environment,,"Bundled Python virtual environment; reproducible dependency artifact, not source."
Secret Sharing/Super NTT/polyntt/$(VENV)/Lib/site-packages/setuptools/_vendor/packaging/__pycache__/markers.cpython-39.pyc,9306,606da12fc9413b568eed74015bc48a22312607d9d774e283bdb72f87dbac1972,discarded-generated-environment,,"Bundled Python virtual environment; reproducible dependency artifact, not source."
Secret Sharing/Super NTT/polyntt/$(VENV)/Lib/site-packages/setuptools/_vendor/packaging/__pycache__/requirements.cpython-39.pyc,4083,3b24cc20b4dad8425b6cbc37ac807976ac3ca5c5fbeb38247082a4b0d3791d98,discarded-generated-environment,,"Bundled Python virtual environment; reproducible dependency artifact, not source."
Secret Sharing/Super NTT/polyntt/$(VENV)/Lib/site-packages/setuptools/_vendor/packaging/__pycache__/specifiers.cpython-39.pyc,20585,98d5dcdb34f7ee68014553919f34b5963a18a605607697ef21ae34cc1cd2fe7a,discarded-generated-environment,,"Bundled Python virtual environment; reproducible dependency artifact, not source."
Secret Sharing/Super NTT/polyntt/$(VENV)/Lib/site-packages/setuptools/_vendor/packaging/__pycache__/tags.cpython-39.pyc,17264,9ae18a77423d8a47a05cc15077e9d20ea1df2d7c46cc7feeedd34fb8f7e9d332,discarded-generated-environment,,"Bundled Python virtual environment; reproducible dependency artifact, not source."
Secret Sharing/Super NTT/polyntt/$(VENV)/Lib/site-packages/setuptools/_vendor/packaging/__pycache__/utils.cpython-39.pyc,1655,8621915e83ccf869b0f37f32d7cc5ec2fe704ab354471427af20c15af676fe76,discarded-generated-environment,,"Bundled Python virtual environment; reproducible dependency artifact, not source."
Secret Sharing/Super NTT/polyntt/$(VENV)/Lib/site-packages/setuptools/_vendor/packaging/__pycache__/version.cpython-39.pyc,13322,4b8d08b932e0150b2bf86e59a0a8c8453ae6fb405a48c124221d10d268290df4,discarded-generated-environment,,"Bundled Python virtual environment; reproducible dependency artifact, not source."
Secret Sharing/Super NTT/polyntt/$(VENV)/Lib/site-packages/setuptools/_vendor/packaging/__pycache__/_compat.cpython-39.pyc,1148,f24ba123ac61eac189eb16eeb0d63b2f45d5f92223fd51a387cc5e1c4be25d36,discarded-generated-environment,,"Bundled Python virtual environment; reproducible dependency artifact, not source."
Secret Sharing/Super NTT/polyntt/$(VENV)/Lib/site-packages/setuptools/_vendor/packaging/__pycache__/_structures.cpython-39.pyc,2902,76dd9ce9a30986a63a08a7fe4a37c12cea837dfb2790baa631c8ad2757fdeb82,discarded-generated-environment,,"Bundled Python virtual environment; reproducible dependency artifact, not source."
Secret Sharing/Super NTT/polyntt/$(VENV)/Lib/site-packages/setuptools/_vendor/packaging/__pycache__/_typing.cpython-39.pyc,1493,567c7a78491719701066880519ff68596c4d1138911e92ac14b0a13970715844,discarded-generated-environment,,"Bundled Python virtual environment; reproducible dependency artifact, not source."
Secret Sharing/Super NTT/polyntt/$(VENV)/Lib/site-packages/setuptools/_vendor/packaging/__pycache__/__about__.cpython-39.pyc,704,18837c435e8b581e75de0b15df1d867f4462efa3168e95293274606e5cd51e00,discarded-generated-environment,,"Bundled Python virtual environment; reproducible dependency artifact, not source."
Secret Sharing/Super NTT/polyntt/$(VENV)/Lib/site-packages/setuptools/_vendor/packaging/__pycache__/__init__.cpython-39.pyc,550,f2d43d169caaafcaa0a0fcaf097f32163a3a3d1b525e6a954b27a9dcc3e88bcc,discarded-generated-environment,,"Bundled Python virtual environment; reproducible dependency artifact, not source."
Secret Sharing/Super NTT/polyntt/$(VENV)/Lib/site-packages/setuptools/_vendor/pyparsing.py,232056,99a86d920729de0acd003d2b7bff51d032ef067be3ce978bc2026a4fedc7d421,discarded-generated-environment,,"Bundled Python virtual environment; reproducible dependency artifact, not source."
Secret Sharing/Super NTT/polyntt/$(VENV)/Lib/site-packages/setuptools/_vendor/__init__.py,0,e3b0c44298fc1c149afbf4c8996fb92427ae41e4649b934ca495991b7852b855,discarded-generated-environment,,"Bundled Python virtual environment; reproducible dependency artifact, not source."
Secret Sharing/Super NTT/polyntt/$(VENV)/Lib/site-packages/setuptools/_vendor/__pycache__/ordered_set.cpython-39.pyc,16382,ccbc625ad6b1e17a84ca763eaa38133aad8999b32b1b86780124ef542177cdda,discarded-generated-environment,,"Bundled Python virtual environment; reproducible dependency artifact, not source."
Secret Sharing/Super NTT/polyntt/$(VENV)/Lib/site-packages/setuptools/_vendor/__pycache__/pyparsing.cpython-39.pyc,201342,c349dcadddf6859ca85ca46ad1f4136c2a0227f0b83aed5db918c087f05475d1,discarded-generated-environment,,"Bundled Python virtual environment; reproducible dependency artifact, not source."
Secret Sharing/Super NTT/polyntt/$(VENV)/Lib/site-packages/setuptools/_vendor/__pycache__/__init__.cpython-39.pyc,188,738c2e7bd65a5b9177feee79682e2b6bda0374c04996575eadaa4c5cb654918f,discarded-generated-environment,,"Bundled Python virtual environment; reproducible dependency artifact, not source."
Secret Sharing/Super NTT/polyntt/$(VENV)/Lib/site-packages/setuptools/__init__.py,7448,97b50ba3c8c693ee3ef236da726279f1c6294915f8b304b571c6c968954019d3,discarded-generated-environment,,"Bundled Python virtual environment; reproducible dependency artifact, not source."
Secret Sharing/Super NTT/polyntt/$(VENV)/Lib/site-packages/setuptools/__pycache__/archive_util.cpython-39.pyc,5814,940a38b1bf087fc124a6e339787288cb17c7194dc517957b73c52655d1697fa0,discarded-generated-environment,,"Bundled Python virtual environment; reproducible dependency artifact, not source."
Secret Sharing/Super NTT/polyntt/$(VENV)/Lib/site-packages/setuptools/__pycache__/build_meta.cpython-39.pyc,9073,3877553d96b14e6734d293db4a51054587d39df0e79d10966ae310afffb6b56a,discarded-generated-environment,,"Bundled Python virtual environment; reproducible dependency artifact, not source."
Secret Sharing/Super NTT/polyntt/$(VENV)/Lib/site-packages/setuptools/__pycache__/config.cpython-39.pyc,20826,0725fa2f9879135f30e12baa6daf2f202ee47a7da7b2bf3a4720c8262e1439e7,discarded-generated-environment,,"Bundled Python virtual environment; reproducible dependency artifact, not source."
Secret Sharing/Super NTT/polyntt/$(VENV)/Lib/site-packages/setuptools/__pycache__/depends.cpython-39.pyc,5249,1daa474a81c60590d05faffb18370be48fcf3f1d1726174f88ce6aa616925add,discarded-generated-environment,,"Bundled Python virtual environment; reproducible dependency artifact, not source."
Secret Sharing/Super NTT/polyntt/$(VENV)/Lib/site-packages/setuptools/__pycache__/dep_util.cpython-39.pyc,857,21ddbb20bc34bced9af521472183b040050042e87d93010cd8a7b5d83bea41e6,discarded-generated-environment,,"Bundled Python virtual environment; reproducible dependency artifact, not source."
Secret Sharing/Super NTT/polyntt/$(VENV)/Lib/site-packages/setuptools/__pycache__/dist.cpython-39.pyc,36447,18cb0d5fc44df8a4d45bb86397ff6938284072e7898968f6a71e71d2092d6112,discarded-generated-environment,,"Bundled Python virtual environment; reproducible dependency artifact, not source."
Secret Sharing/Super NTT/polyntt/$(VENV)/Lib/site-packages/setuptools/__pycache__/errors.cpython-39.pyc,850,64d4a1b223ca4b45bb36a47162e66d9ef0dc0700ba4e470ddd0554f33d0c62e3,discarded-generated-environment,,"Bundled Python virtual environment; reproducible dependency artifact, not source."
Secret Sharing/Super NTT/polyntt/$(VENV)/Lib/site-packages/setuptools/__pycache__/extension.cpython-39.pyc,1944,d43894b9fafe5b2a53fa05df329c892ad7a29a622b98c159665a88fd4ffb38d3,discarded-generated-environment,,"Bundled Python virtual environment; reproducible dependency artifact, not source."
Secret Sharing/Super NTT/polyntt/$(VENV)/Lib/site-packages/setuptools/__pycache__/glob.cpython-39.pyc,3694,d5ac959412ab2e276697c0ddd1863bcf3a5e4b11d8ea3f189315e454f1b8f3c8,discarded-generated-environment,,"Bundled Python virtual environment; reproducible dependency artifact, not source."
Secret Sharing/Super NTT/polyntt/$(VENV)/Lib/site-packages/setuptools/__pycache__/installer.cpython-39.pyc,2771,a39da446cda7c6ba70297199f0e2bd8b087dcf1549a6372e6333af0d8016e09d,discarded-generated-environment,,"Bundled Python virtual environment; reproducible dependency artifact, not source."
Secret Sharing/Super NTT/polyntt/$(VENV)/Lib/site-packages/setuptools/__pycache__/launch.cpython-39.pyc,901,1685c3a5dd5476fee6c2de4ab41d3f866e7465dd58ce4319c0685af947f9ac78,discarded-generated-environment,,"Bundled Python virtual environment; reproducible dependency artifact, not source."
Secret Sharing/Super NTT/polyntt/$(VENV)/Lib/site-packages/setuptools/__pycache__/monkey.cpython-39.pyc,4613,eb1a09edb96c74fc89932cd04ec3fec4f679610b2842bcfd4642b4a8cb7acde3,discarded-generated-environment,,"Bundled Python virtual environment; reproducible dependency artifact, not source."
Secret Sharing/Super NTT/polyntt/$(VENV)/Lib/site-packages/setuptools/__pycache__/msvc.cpython-39.pyc,42839,d9f425587a9ed2130e950d178ae319d5f4fb2929a5a66e2b1f942c2a0c6c94d9,discarded-generated-environment,,"Bundled Python virtual environment; reproducible dependency artifact, not source."
Secret Sharing/Super NTT/polyntt/$(VENV)/Lib/site-packages/setuptools/__pycache__/namespaces.cpython-39.pyc,3600,fb1bb899b7d8b2ff41b937ecab7374f9e07c8c57e05f5870dbd88f0f5197ab06,discarded-generated-environment,,"Bundled Python virtual environment; reproducible dependency artifact, not source."
Secret Sharing/Super NTT/polyntt/$(VENV)/Lib/site-packages/setuptools/__pycache__/package_index.cpython-39.pyc,32636,9789352b0a6c6c5bebaf8550374d709ba7549a7c4426448e26b0262ba6338aa6,discarded-generated-environment,,"Bundled Python virtual environment; reproducible dependency artifact, not source."
Secret Sharing/Super NTT/polyntt/$(VENV)/Lib/site-packages/setuptools/__pycache__/py34compat.cpython-39.pyc,480,d10904f7dbac84f68884f4824ee179df56b2f615386392c33da2276648d1c009,discarded-generated-environment,,"Bundled Python virtual environment; reproducible dependency artifact, not source."
Secret Sharing/Super NTT/polyntt/$(VENV)/Lib/site-packages/setuptools/__pycache__/sandbox.cpython-39.pyc,15756,8b7b952e2c97eeab3eb48226c988eff1883e9d8c830f4a009d237a17d42a1616,discarded-generated-environment,,"Bundled Python virtual environment; reproducible dependency artifact, not source."
Secret Sharing/Super NTT/polyntt/$(VENV)/Lib/site-packages/setuptools/__pycache__/unicode_utils.cpython-39.pyc,1114,af93246c5cf989e0a6a251195d75229453b6e128497a935eff947ef1f4a02e70,discarded-generated-environment,,"Bundled Python virtual environment; reproducible dependency artifact, not source."
Secret Sharing/Super NTT/polyntt/$(VENV)/Lib/site-packages/setuptools/__pycache__/version.cpython-39.pyc,324,876f60b5cde845bef14d74fa8b22897c1b7da73da5dbede89fa8cd13b5ee3637,discarded-generated-environment,,"Bundled Python virtual environment; reproducible dependency artifact, not source."
Secret Sharing/Super NTT/polyntt/$(VENV)/Lib/site-packages/setuptools/__pycache__/wheel.cpython-39.pyc,7280,7cb84d4cd9261c9f9218ef4ddf517be643c9476c573cafdf61998abb1b6973dd,discarded-generated-environment,,"Bundled Python virtual environment; reproducible dependency artifact, not source."
Secret Sharing/Super NTT/polyntt/$(VENV)/Lib/site-packages/setuptools/__pycache__/windows_support.cpython-39.pyc,1023,5792fef386603b560253d4a678bca5e76c996fbde125d1c716ced3b57250df5c,discarded-generated-environment,,"Bundled Python virtual environment; reproducible dependency artifact, not source."
Secret Sharing/Super NTT/polyntt/$(VENV)/Lib/site-packages/setuptools/__pycache__/_deprecation_warning.cpython-39.pyc,550,7041af0e185b16b1ec9a24f5ca448f75e89c20ecd03397eba7059f03cb1a865c,discarded-generated-environment,,"Bundled Python virtual environment; reproducible dependency artifact, not source."
Secret Sharing/Super NTT/polyntt/$(VENV)/Lib/site-packages/setuptools/__pycache__/_imp.cpython-39.pyc,2085,7bebd4c33d6aac9d10d15f3877e5bec7d8cfed75f129d145feeac6259b56322d,discarded-generated-environment,,"Bundled Python virtual environment; reproducible dependency artifact, not source."
Secret Sharing/Super NTT/polyntt/$(VENV)/Lib/site-packages/setuptools/__pycache__/__init__.cpython-39.pyc,8540,d8b2151d064ff1821460641636bb8c6db0b30f1eeb019a089638f2b95c1a162f,discarded-generated-environment,,"Bundled Python virtual environment; reproducible dependency artifact, not source."
Secret Sharing/Super NTT/polyntt/$(VENV)/Lib/site-packages/setuptools-58.1.0.dist-info/entry_points.txt,2636,c299e12eb6edca4e21675a820b0e3c7024b1a103f350b32122e685aac07b1b14,discarded-generated-environment,,"Bundled Python virtual environment; reproducible dependency artifact, not source."
Secret Sharing/Super NTT/polyntt/$(VENV)/Lib/site-packages/setuptools-58.1.0.dist-info/INSTALLER,4,ceebae7b8927a3227e5303cf5e0f1f7b34bb542ad7250ac03fbcde36ec2f1508,discarded-generated-environment,,"Bundled Python virtual environment; reproducible dependency artifact, not source."
Secret Sharing/Super NTT/polyntt/$(VENV)/Lib/site-packages/setuptools-58.1.0.dist-info/LICENSE,1050,db3f0246b1f9278f15845b99fec478b8b506eb76487993722f8c6e254285faf8,discarded-generated-environment,,"Bundled Python virtual environment; reproducible dependency artifact, not source."
Secret Sharing/Super NTT/polyntt/$(VENV)/Lib/site-packages/setuptools-58.1.0.dist-info/METADATA,4852,8e338b1b202ba568e5cf8253994fd312116bb8e393001463658a81cc95eeb390,discarded-generated-environment,,"Bundled Python virtual environment; reproducible dependency artifact, not source."
Secret Sharing/Super NTT/polyntt/$(VENV)/Lib/site-packages/setuptools-58.1.0.dist-info/RECORD,22941,f5df11d8a28162b84b5fd9950056724b25a041f0cd4017526c6a3f96194518b2,discarded-generated-environment,,"Bundled Python virtual environment; reproducible dependency artifact, not source."
Secret Sharing/Super NTT/polyntt/$(VENV)/Lib/site-packages/setuptools-58.1.0.dist-info/REQUESTED,0,e3b0c44298fc1c149afbf4c8996fb92427ae41e4649b934ca495991b7852b855,discarded-generated-environment,,"Bundled Python virtual environment; reproducible dependency artifact, not source."
Secret Sharing/Super NTT/polyntt/$(VENV)/Lib/site-packages/setuptools-58.1.0.dist-info/top_level.txt,41,77dc8bdfdbff5bbaa62830d21fab13e1b1348ff2ecd4cdcfd7ad4e1a076c9b88,discarded-generated-environment,,"Bundled Python virtual environment; reproducible dependency artifact, not source."
Secret Sharing/Super NTT/polyntt/$(VENV)/Lib/site-packages/setuptools-58.1.0.dist-info/WHEEL,92,7b0c04b9e8a8d42d977874ef4f5ee7f1d6542603afc82582b7459534b0a53fda,discarded-generated-environment,,"Bundled Python virtual environment; reproducible dependency artifact, not source."
Secret Sharing/Super NTT/polyntt/$(VENV)/Lib/site-packages/_distutils_hack/override.py,44,12efecf8d17a5486780aa774b5b6c0e70b56932d8864f35df1eb7a18bb759b3a,discarded-generated-environment,,"Bundled Python virtual environment; reproducible dependency artifact, not source."
Secret Sharing/Super NTT/polyntt/$(VENV)/Lib/site-packages/_distutils_hack/__init__.py,3688,5f7454880e8a04fa0499ca3f0a3002ca5b7241b15119552965101b4a43c6c0cb,discarded-generated-environment,,"Bundled Python virtual environment; reproducible dependency artifact, not source."
Secret Sharing/Super NTT/polyntt/$(VENV)/Lib/site-packages/_distutils_hack/__pycache__/override.cpython-39.pyc,236,c2d5ec346f322c133ab679ec3d9fe1f4da8701f0fb4028b8baa3ec0a6ac2c39b,discarded-generated-environment,,"Bundled Python virtual environment; reproducible dependency artifact, not source."
Secret Sharing/Super NTT/polyntt/$(VENV)/Lib/site-packages/_distutils_hack/__pycache__/__init__.cpython-39.pyc,5105,616066d100cbb1e2e4bc8ae49c9a48b7ea68c421d72070eb2d51d28c15ccffbc,discarded-generated-environment,,"Bundled Python virtual environment; reproducible dependency artifact, not source."
Secret Sharing/Super NTT/polyntt/$(VENV)/pyvenv.cfg,118,a2eef7048b77d459ed8cf60ca4cb5153da2550c3124d1bf526406d84e72a703a,discarded-generated-environment,,"Bundled Python virtual environment; reproducible dependency artifact, not source."
Secret Sharing/Super NTT/polyntt/$(VENV)/Scripts/activate,1996,180ca1931ffc01c0bf7cc3dc86cac7fccc5859ee598298c5422c42272cea91c8,discarded-generated-environment,,"Bundled Python virtual environment; reproducible dependency artifact, not source."
Secret Sharing/Super NTT/polyntt/$(VENV)/Scripts/activate.bat,988,ddabaaad815f9fc5919ff8d7237e5dda5c81a0816ee02859a5adea6c5762aa7e,discarded-generated-environment,,"Bundled Python virtual environment; reproducible dependency artifact, not source."
Secret Sharing/Super NTT/polyntt/$(VENV)/Scripts/Activate.ps1,20372,4b6092a06e36a687cdde61a604744b19559b06b652c7ab8903452012bba9340b,discarded-generated-environment,,"Bundled Python virtual environment; reproducible dependency artifact, not source."
Secret Sharing/Super NTT/polyntt/$(VENV)/Scripts/deactivate.bat,368,a1a72a793b74a5e522507e252940b3b332c8897ad438a5e60a042b6ef2c8fbec,discarded-generated-environment,,"Bundled Python virtual environment; reproducible dependency artifact, not source."
Secret Sharing/Super NTT/polyntt/$(VENV)/Scripts/pip.exe,106380,82aa2b64bb47e6cc699f0722e29262988120e1329d509ed076ae79565d681253,discarded-generated-environment,,"Bundled Python virtual environment; reproducible dependency artifact, not source."
Secret Sharing/Super NTT/polyntt/$(VENV)/Scripts/pip3.9.exe,106380,82aa2b64bb47e6cc699f0722e29262988120e1329d509ed076ae79565d681253,discarded-generated-environment,,"Bundled Python virtual environment; reproducible dependency artifact, not source."
Secret Sharing/Super NTT/polyntt/$(VENV)/Scripts/pip3.exe,106380,82aa2b64bb47e6cc699f0722e29262988120e1329d509ed076ae79565d681253,discarded-generated-environment,,"Bundled Python virtual environment; reproducible dependency artifact, not source."
Secret Sharing/Super NTT/polyntt/$(VENV)/Scripts/python.exe,597904,fa501043f5a77ec4073142a6dfb19e50ffb6bc585ac9afc503076db76a7fac7f,discarded-generated-environment,,"Bundled Python virtual environment; reproducible dependency artifact, not source."
Secret Sharing/Super NTT/polyntt/$(VENV)/Scripts/pythonw.exe,597392,ab7e11920f8e3afe4281ede19cd005ee735f535431c9a0a0b89a1c1c69709b46,discarded-generated-environment,,"Bundled Python virtual environment; reproducible dependency artifact, not source."
Secret Sharing/Super NTT/polyntt/bench_iterative_recursive.py,2584,e7c25235ba2c8515ee501be3b10c4c731158edd2f6ee71d43774a785a90dd132,integrated-reworked,src/content/blog/ntt-engineering-secret-sharing.md; experiments/secret-sharing/ntt-engineering,NTT implementation/test ideas audited and consolidated into canonical NTT engineering material.
Secret Sharing/Super NTT/polyntt/ntt.py,1632,adc6f04307d14578bcaa1f9d716dc93eee1b19cf86a057dcea88485562ca21a5,integrated-reworked,src/content/blog/ntt-engineering-secret-sharing.md; experiments/secret-sharing/ntt-engineering,NTT implementation/test ideas audited and consolidated into canonical NTT engineering material.
Secret Sharing/Super NTT/polyntt/ntt_constants_iterative.py,58969,788188af701e7154de751565158bd66033acc9f471618eb867bdf0687ea0fe7e,integrated-reworked,src/content/blog/ntt-engineering-secret-sharing.md; experiments/secret-sharing/ntt-engineering,NTT implementation/test ideas audited and consolidated into canonical NTT engineering material.
Secret Sharing/Super NTT/polyntt/ntt_constants_recursive.py,29266,36a8d8fe34af802158b21dd8f43d49ab161c913f3f2261a1443ddad84096f9c1,integrated-reworked,src/content/blog/ntt-engineering-secret-sharing.md; experiments/secret-sharing/ntt-engineering,NTT implementation/test ideas audited and consolidated into canonical NTT engineering material.
Secret Sharing/Super NTT/polyntt/ntt_iterative.py,4636,12a6d38b8bd778da736902bb0e8423a05533604f2b31976da2388b7a818107be,integrated-reworked,src/content/blog/ntt-engineering-secret-sharing.md; experiments/secret-sharing/ntt-engineering,NTT implementation/test ideas audited and consolidated into canonical NTT engineering material.
Secret Sharing/Super NTT/polyntt/ntt_recursive.py,3836,0b8e134120253e772fb363009aa9e159b00a2412409c10e5c6190d049f28d990,integrated-reworked,src/content/blog/ntt-engineering-secret-sharing.md; experiments/secret-sharing/ntt-engineering,NTT implementation/test ideas audited and consolidated into canonical NTT engineering material.
Secret Sharing/Super NTT/polyntt/params.py,299,bbbae289322f4ad433cd311ce27b3578673828f453ac29e5a16b8eb0bdb13d2e,integrated-reworked,src/content/blog/ntt-engineering-secret-sharing.md; experiments/secret-sharing/ntt-engineering,NTT implementation/test ideas audited and consolidated into canonical NTT engineering material.
Secret Sharing/Super NTT/polyntt/poly.py,5099,929e1ec41ca46f387e1dc84aae1340434007e5d1a949ea6625d4d9eb379da794,integrated-reworked,src/content/blog/ntt-engineering-secret-sharing.md; experiments/secret-sharing/ntt-engineering,NTT implementation/test ideas audited and consolidated into canonical NTT engineering material.
Secret Sharing/Super NTT/polyntt/scripts/generate_ntt_constants.py,4051,d7ac931e132d6e721dabaf9eb20907ac83cf690c68b9ab83e4902d061a4b4085,integrated-reworked,src/content/blog/ntt-engineering-secret-sharing.md; experiments/secret-sharing/ntt-engineering,NTT implementation/test ideas audited and consolidated into canonical NTT engineering material.
Secret Sharing/Super NTT/polyntt/scripts/generate_test_vectors.py,4279,3b7477c8a816713cf11d1aebb535660a18820b89c78ad46c3388b60f3b271358,integrated-reworked,src/content/blog/ntt-engineering-secret-sharing.md; experiments/secret-sharing/ntt-engineering,NTT implementation/test ideas audited and consolidated into canonical NTT engineering material.
Secret Sharing/Super NTT/polyntt/scripts/generate_test_vectors_solidity.py,4093,ca3ef92b519c3ce431f89252ade552357a60c0acc78103aa44ce5090e427577f,integrated-reworked,src/content/blog/ntt-engineering-secret-sharing.md; experiments/secret-sharing/ntt-engineering,NTT implementation/test ideas audited and consolidated into canonical NTT engineering material.
Secret Sharing/Super NTT/polyntt/scripts/__pycache__/params.cpython-39.pyc,192,b3ad04a341e0ff389a1726ba33c39e9ea5320fc162873a11127b65dd12c9b2e8,discarded-generated-cache,,Python bytecode/cache artifact.
Secret Sharing/Super NTT/polyntt/scripts/__pycache__/utils.cpython-39.pyc,2591,6c9450ac0fc52df76887c453c4be1566c3728c76315787151a21e7845356ea9a,discarded-generated-cache,,Python bytecode/cache artifact.
Secret Sharing/Super NTT/polyntt/tests/test_ntt_iterative.py,2616,78d11992511afdadef3203141f510260f3a4a1dc6b58c5e597d8a92a0d667847,integrated-reworked,src/content/blog/ntt-engineering-secret-sharing.md; experiments/secret-sharing/ntt-engineering,NTT implementation/test ideas audited and consolidated into canonical NTT engineering material.
Secret Sharing/Super NTT/polyntt/tests/test_ntt_recursive.py,1569,baa54bcbf7487b12e4ea92278b005979e4e248d9af2abbd1d56d330ab737aca9,integrated-reworked,src/content/blog/ntt-engineering-secret-sharing.md; experiments/secret-sharing/ntt-engineering,NTT implementation/test ideas audited and consolidated into canonical NTT engineering material.
Secret Sharing/Super NTT/polyntt/tests/test_poly.py,4976,b996ac73df4019b014745fddd9d34e1ce679583faaff2c60d8e919730a8e8752,integrated-reworked,src/content/blog/ntt-engineering-secret-sharing.md; experiments/secret-sharing/ntt-engineering,NTT implementation/test ideas audited and consolidated into canonical NTT engineering material.
Secret Sharing/Super NTT/polyntt/tests/test_utils.py,712,afc950fc3186ee5361c3ffa03d981e8a04619fc1fc7d379c54bcecf9fb3a43aa,integrated-reworked,src/content/blog/ntt-engineering-secret-sharing.md; experiments/secret-sharing/ntt-engineering,NTT implementation/test ideas audited and consolidated into canonical NTT engineering material.
Secret Sharing/Super NTT/polyntt/tests/test_vectors.py,2216,3a98021980faa1a1201fd7420da336f8a42a036211414c60038a2ce9597ddb7b,integrated-reworked,src/content/blog/ntt-engineering-secret-sharing.md; experiments/secret-sharing/ntt-engineering,NTT implementation/test ideas audited and consolidated into canonical NTT engineering material.
Secret Sharing/Super NTT/polyntt/utils.py,2633,881d532a9a1a13dfe34b31d15cac8991253b9825c73446652452049d4e6aa8e2,integrated-reworked,src/content/blog/ntt-engineering-secret-sharing.md; experiments/secret-sharing/ntt-engineering,NTT implementation/test ideas audited and consolidated into canonical NTT engineering material.
Secret Sharing/Verifiable secret sharing/Commitments/Codes/multicombs.py,4147,dcd2ae45c2fa99592ce0c901a5a0e0b489c3739e397d48f09ae9dea3c734eb27,integrated-reworked,src/content/blog/commitment-toy-code-audit.md; src/content/blog/polynomial-commitments-kzg-ipa.md,Pedersen/KZG/IPA experiments audited; useful pitfalls moved to polynomial-commitment engineering note rather than duplicated secret-sharing content.
Secret Sharing/Verifiable secret sharing/Commitments/Codes/PolyCommitBLS.md,4545,b7a575a08319ca4f52ce2eb5352e77e7e37be9aaab960f08ba195e092af799d4,integrated-reworked,src/content/blog/commitment-toy-code-audit.md; src/content/blog/polynomial-commitments-kzg-ipa.md,Pedersen/KZG/IPA experiments audited; useful pitfalls moved to polynomial-commitment engineering note rather than duplicated secret-sharing content.
Secret Sharing/Verifiable secret sharing/Commitments/Codes/test.py,11152,8fc140cac6b4e89ccaf18775b768eac4a553483c367b4dceb1ebc7f2d37ee50e,integrated-reworked,src/content/blog/commitment-toy-code-audit.md; src/content/blog/polynomial-commitments-kzg-ipa.md,Pedersen/KZG/IPA experiments audited; useful pitfalls moved to polynomial-commitment engineering note rather than duplicated secret-sharing content.
Secret Sharing/Verifiable secret sharing/Commitments/Codes/__pycache__/multicombs.cpython-39.pyc,4241,b088d6c0d2926fd602ab84d3bb313c649267a1b972d4dcdfb73125a83f832709,discarded-generated-cache,,Python bytecode/cache artifact.
Secret Sharing/Verifiable secret sharing/Commitments/KZG/Kate commitments in ![](https___i.imgur.com_WcqsJ99.png)ETH - HackMD.pdf,1718531,46106ff330add32bf596f8eb02041b9406834e9c83e9da1842b95ade911c9647,reference-only-omitted,,Paper/thesis PDF excluded by compact-master policy.
Secret Sharing/Verifiable secret sharing/Commitments/KZG/KZG.md,9115,86e6f9bc0dd8e111b5dfb1e575c652863a16d6732f14d9b20c7717eb81533fe1,integrated-reworked,src/content/blog/commitment-toy-code-audit.md; src/content/blog/polynomial-commitments-kzg-ipa.md,Pedersen/KZG/IPA experiments audited; useful pitfalls moved to polynomial-commitment engineering note rather than duplicated secret-sharing content.
Secret Sharing/Verifiable secret sharing/Commitments/KZG/With Groups/algebra_and_kzg.ipynb,62971,1f32ccb656b824b94a41e09398d920b9d0f5b78dbb85e1f8be4b470c843a3d23,integrated-reworked,src/content/blog/commitment-toy-code-audit.md; src/content/blog/polynomial-commitments-kzg-ipa.md,Pedersen/KZG/IPA experiments audited; useful pitfalls moved to polynomial-commitment engineering note rather than duplicated secret-sharing content.
Secret Sharing/Verifiable secret sharing/Commitments/KZG/With Groups/KZG.sage,5427,7388e656be0dc624fb6f0b4c8cc825107640ed7c6022539e98b4814dfd41bd20,integrated-reworked,src/content/blog/commitment-toy-code-audit.md; src/content/blog/polynomial-commitments-kzg-ipa.md,Pedersen/KZG/IPA experiments audited; useful pitfalls moved to polynomial-commitment engineering note rather than duplicated secret-sharing content.
Secret Sharing/Verifiable secret sharing/Commitments/KZG/With Groups/KZG.sage.py,5837,0d263849570fa3b9522dbf252e4cdfff84822ea71d7b0d0b798945f88e3b9b23,discarded-generated-artifact,,Generated Sage-to-Python translation; canonical source is the .sage file or article.
Secret Sharing/Verifiable secret sharing/Commitments/KZG/With Groups/testec.sage,1336,e25b6e02320457157b10a73b9d834cb0dd28a52ec24ee0920e2dcfbc51f7ba68,integrated-reworked,src/content/blog/commitment-toy-code-audit.md; src/content/blog/polynomial-commitments-kzg-ipa.md,Pedersen/KZG/IPA experiments audited; useful pitfalls moved to polynomial-commitment engineering note rather than duplicated secret-sharing content.
Secret Sharing/Verifiable secret sharing/Commitments/KZG/With Groups/testec.sage.py,2038,353f2998cadfb1be2f68859ba0d61514528b3a13f522c321f9bcb12f86e4a7e5,discarded-generated-artifact,,Generated Sage-to-Python translation; canonical source is the .sage file or article.
Secret Sharing/Verifiable secret sharing/Commitments/KZG/With Pairings/Implementing KZG Commitment Scheme _ by Arun _ Level Up Coding.pdf,3957273,d37c78358217693d56316cf9e7e37111615bc2fb4420a04777b872a7713e15d6,reference-only-omitted,,Paper/thesis PDF excluded by compact-master policy.
Secret Sharing/Verifiable secret sharing/Commitments/KZG/With Pairings/src/main.py,4530,7206741c17009356f1d4ee6ad74df042277f3a302336a154c144b580710068f3,integrated-reworked,src/content/blog/commitment-toy-code-audit.md; src/content/blog/polynomial-commitments-kzg-ipa.md,Pedersen/KZG/IPA experiments audited; useful pitfalls moved to polynomial-commitment engineering note rather than duplicated secret-sharing content.
Secret Sharing/Verifiable secret sharing/Commitments/KZG/With Pairings/src/test.py,1937,f637f1220912a5e549b6c58fcecdbbdcf475e10772144a99d01062c1ced1d06a,integrated-reworked,src/content/blog/commitment-toy-code-audit.md; src/content/blog/polynomial-commitments-kzg-ipa.md,Pedersen/KZG/IPA experiments audited; useful pitfalls moved to polynomial-commitment engineering note rather than duplicated secret-sharing content.
Secret Sharing/Verifiable secret sharing/Commitments/Material-Theory/Implementing KZG Commitment Scheme _ by Arun _ Level Up Coding.pdf,3316135,7911222b36ec2698e9b90729c51fe72fb7f12bda34cbf416acccc1c175078b63,reference-only-omitted,,Paper/thesis PDF excluded by compact-master policy.
Secret Sharing/Verifiable secret sharing/Commitments/Material-Theory/Notes on KZG polynomial commitments - arnaucube - blog.pdf,185388,05613e8f82ebc548a094ffa716bd891261e3aa6f5f190a66475b51f046ad176d,reference-only-omitted,,Paper/thesis PDF excluded by compact-master policy.
Secret Sharing/Verifiable secret sharing/Commitments/Material-Theory/Pederson Commitments - Kendrick.pdf,266287,f92b6a90da2252a2f8368adbd9f155200f4671aeb991846e9f27688416fb93b9,reference-only-omitted,,Paper/thesis PDF excluded by compact-master policy.
Secret Sharing/Verifiable secret sharing/Commitments/opensense-algebra-and-kzg-main.zip,19386,7669b3962e4feec7a7bfd1b52103dd2e332aca54268941d90a85eaed5f077412,reference-archive-omitted,,Nested source/archive ZIP excluded from compact canonical master.
Secret Sharing/Verifiable secret sharing/Commitments/Pedersen/generate_random_point.py,1927,b84ad7f09dc405f80be5a5efbfff187477c38cbb6e65b935fc2b4b1e4769efce,integrated-reworked,src/content/blog/commitment-toy-code-audit.md; src/content/blog/polynomial-commitments-kzg-ipa.md,Pedersen/KZG/IPA experiments audited; useful pitfalls moved to polynomial-commitment engineering note rather than duplicated secret-sharing content.
Secret Sharing/Verifiable secret sharing/Commitments/Pedersen/innerpoduct.md,6156,b7e865c2db32f1ad3e2c278a2d5db6880f5dd8c211ee70fd1dab0b208ee0d8b3,integrated-reworked,src/content/blog/commitment-toy-code-audit.md; src/content/blog/polynomial-commitments-kzg-ipa.md,Pedersen/KZG/IPA experiments audited; useful pitfalls moved to polynomial-commitment engineering note rather than duplicated secret-sharing content.
Secret Sharing/Verifiable secret sharing/Commitments/Pedersen/innerproduct.py,5035,dd2af58754dded3443b6f53213d066e8055309333bab82f60b464c35746885a7,integrated-reworked,src/content/blog/commitment-toy-code-audit.md; src/content/blog/polynomial-commitments-kzg-ipa.md,Pedersen/KZG/IPA experiments audited; useful pitfalls moved to polynomial-commitment engineering note rather than duplicated secret-sharing content.
Secret Sharing/Verifiable secret sharing/Commitments/Pedersen/log_proof.md,6112,3252947042eef0e84b5bf570ec7fdd557d040793899f453f12206cc40bb1ea19,integrated-reworked,src/content/blog/commitment-toy-code-audit.md; src/content/blog/polynomial-commitments-kzg-ipa.md,Pedersen/KZG/IPA experiments audited; useful pitfalls moved to polynomial-commitment engineering note rather than duplicated secret-sharing content.
Secret Sharing/Verifiable secret sharing/Commitments/Pedersen/log_proof.py,4861,cfde225ba7bfa997388c3e7c6222d64b5dae484eb5833bb34043188730ccb88e,integrated-reworked,src/content/blog/commitment-toy-code-audit.md; src/content/blog/polynomial-commitments-kzg-ipa.md,Pedersen/KZG/IPA experiments audited; useful pitfalls moved to polynomial-commitment engineering note rather than duplicated secret-sharing content.
Secret Sharing/Verifiable secret sharing/Commitments/Pedersen/log_proof_ipa.md,5955,17768de4ca804293d221086e6f393c6522198cbe13313b77d23f8b42d46b1abe,integrated-reworked,src/content/blog/commitment-toy-code-audit.md; src/content/blog/polynomial-commitments-kzg-ipa.md,Pedersen/KZG/IPA experiments audited; useful pitfalls moved to polynomial-commitment engineering note rather than duplicated secret-sharing content.
Secret Sharing/Verifiable secret sharing/Commitments/Pedersen/log_proof_ipa.py,9561,5f0a733a9a04f49ffb9aa7e784d982c6a08e8a7adadc96e6c4852d76ff781830,integrated-reworked,src/content/blog/commitment-toy-code-audit.md; src/content/blog/polynomial-commitments-kzg-ipa.md,Pedersen/KZG/IPA experiments audited; useful pitfalls moved to polynomial-commitment engineering note rather than duplicated secret-sharing content.
Secret Sharing/Verifiable secret sharing/Commitments/Pedersen/pedersen.md,3739,c51a8b393c99d19ed0d3b39d33e4301c3288c7973df12210d42d744ec1533dce,integrated-reworked,src/content/blog/commitment-toy-code-audit.md; src/content/blog/polynomial-commitments-kzg-ipa.md,Pedersen/KZG/IPA experiments audited; useful pitfalls moved to polynomial-commitment engineering note rather than duplicated secret-sharing content.
Secret Sharing/Verifiable secret sharing/Commitments/Pedersen/pedersenexample.py,1706,0844101ef4cfd6d43ff0fab74de5acceec5183af99bb30b0fb87dfac8e1a8294,integrated-reworked,src/content/blog/commitment-toy-code-audit.md; src/content/blog/polynomial-commitments-kzg-ipa.md,Pedersen/KZG/IPA experiments audited; useful pitfalls moved to polynomial-commitment engineering note rather than duplicated secret-sharing content.
Secret Sharing/Verifiable secret sharing/Commitments/Pedersen/pedersen_commitment.py,1914,a5da6da2c76a6061021066e0dd763b1ce88d4e16ed4b323ad3a6e007155ccf41,integrated-reworked,src/content/blog/commitment-toy-code-audit.md; src/content/blog/polynomial-commitments-kzg-ipa.md,Pedersen/KZG/IPA experiments audited; useful pitfalls moved to polynomial-commitment engineering note rather than duplicated secret-sharing content.
Secret Sharing/Verifiable secret sharing/Commitments/Pedersen/succinct_proof.md,5402,6f20fd8668f4a259960314b63a1d066307944bb8b9cab565df419fece563bba5,integrated-reworked,src/content/blog/commitment-toy-code-audit.md; src/content/blog/polynomial-commitments-kzg-ipa.md,Pedersen/KZG/IPA experiments audited; useful pitfalls moved to polynomial-commitment engineering note rather than duplicated secret-sharing content.
Secret Sharing/Verifiable secret sharing/Commitments/Pedersen/succinct_proof.py,3120,df6ae12b3d08369b11e0ffba2608feec3212118bb59835e09270880f4bb4a3dc,integrated-reworked,src/content/blog/commitment-toy-code-audit.md; src/content/blog/polynomial-commitments-kzg-ipa.md,Pedersen/KZG/IPA experiments audited; useful pitfalls moved to polynomial-commitment engineering note rather than duplicated secret-sharing content.
Secret Sharing/Verifiable secret sharing/Commitments/Pedersen/zk_ipa_log.md,5732,4ccfe03069fd71d5a8de30d9f140d4b47852c094f6e9563e9c23bd2c6665c187,integrated-reworked,src/content/blog/commitment-toy-code-audit.md; src/content/blog/polynomial-commitments-kzg-ipa.md,Pedersen/KZG/IPA experiments audited; useful pitfalls moved to polynomial-commitment engineering note rather than duplicated secret-sharing content.
Secret Sharing/Verifiable secret sharing/Commitments/Pedersen/zk_ipa_log.py,9431,a0af3097f4a549195150b1f8aacabec8ca989ca1fbe03ddf7bb2e44bc0fce3c5,integrated-reworked,src/content/blog/commitment-toy-code-audit.md; src/content/blog/polynomial-commitments-kzg-ipa.md,Pedersen/KZG/IPA experiments audited; useful pitfalls moved to polynomial-commitment engineering note rather than duplicated secret-sharing content.
Secret Sharing/Verifiable secret sharing/Commitments/Pedersen/zk_mul.md,6333,2c69b309163e6469784954bcbe610625acd5df63579a319dfbccaf0a850d4896,integrated-reworked,src/content/blog/commitment-toy-code-audit.md; src/content/blog/polynomial-commitments-kzg-ipa.md,Pedersen/KZG/IPA experiments audited; useful pitfalls moved to polynomial-commitment engineering note rather than duplicated secret-sharing content.
Secret Sharing/Verifiable secret sharing/Commitments/Pedersen/zk_mul.py,2675,ab43db2d2c8b89d764fa83648cd06f3d124a6c54cb1a6f9714f85022e7a82b13,integrated-reworked,src/content/blog/commitment-toy-code-audit.md; src/content/blog/polynomial-commitments-kzg-ipa.md,Pedersen/KZG/IPA experiments audited; useful pitfalls moved to polynomial-commitment engineering note rather than duplicated secret-sharing content.
Secret Sharing/Verifiable secret sharing/Commitments/Pedersen/__pycache__/pedersen_commitment.cpython-39.pyc,2231,5ae616654ed2e69a179b8223b1c8b067ec9358b28351e8005187a479dd8b032c,discarded-generated-cache,,Python bytecode/cache artifact.
Secret Sharing/Verifiable secret sharing/pedersen.py,2901,df00bc42b2f4999e5d1a8c301d5e00254a9bac7a353dabf5c9d60d988b52a159,superseded-by-canonical,src/content/blog/pedersen-vss.md,Pedersen VSS already covered by stronger canonical threshold article.
